date,o,h,l,c,vol,MACD.DIF,MACD.DEA,MACD.MACD
 1991/12/27,11.1,13,11.1,12.15,23450,0,0,0
 1991/12/28,12.15,12.5,11.9,12.4,7330,0.02,0,0.03
 1992/01/03,12.5,12.5,12.1,12.4,6045,0.04,0.01,0.05
 1992/01/10,12.4,12.8,12.3,12.45,23875,0.05,0.02,0.07
 1992/01/17,12.5,12.5,11.2,11.8,13045,0.01,0.02,-0.01
 1992/01/24,11.8,12,11.5,11.8,10400,-0.02,0.01,-0.06
 1992/01/30,11.65,12.1,11.6,12,7390,-0.03,0,-0.06
 1992/02/02,12.05,12.25,12,12.2,1005,-0.02,0,-0.03
 1992/02/14,12,12.2,11.8,11.8,5478,-0.04,-0.01,-0.07
 1992/02/21,11.75,11.8,11.6,11.7,10255,-0.07,-0.02,-0.1
 1992/02/28,11.75,11.9,11,11.65,9855,-0.09,-0.04,-0.11
 1992/03/06,11.65,11.85,11.25,11.55,10955,-0.12,-0.05,-0.13
 1992/03/13,11.6,11.6,11.3,11.35,4530,-0.15,-0.07,-0.16
 1992/03/20,11.35,13.56,10.9,13.32,6260,-0.02,-0.06,0.08
 1992/03/27,13.2,14.4,13.08,14.28,15100,0.16,-0.02,0.35
 1992/04/03,14.28,14.28,12.12,12.48,27850,0.15,0.02,0.28
 1992/04/10,12.66,15.84,12.48,15.72,53085,0.41,0.09,0.63
 1992/04/17,15.9,20.4,15.9,18.66,65540,0.83,0.24,1.19
 1992/04/24,18.6,20.16,17.46,19.68,43185,1.24,0.44,1.6
 1992/04/30,19.86,21,18.84,20.46,34000,1.61,0.68,1.87
 1992/05/03,20.64,21.9,20.64,21.36,11300,1.95,0.93,2.04
 1992/05/08,21.54,28.38,21,24.12,66185,2.42,1.23,2.38
 1992/05/15,24.3,28.26,23.28,27.84,68510,3.05,1.59,2.92
 1992/05/22,28.02,30.96,27.24,29.64,64775,3.66,2,3.3
 1992/05/29,29.82,32.16,29.4,30.6,64970,4.16,2.44,3.46
 1992/06/05,30.72,30.72,24.18,27.6,66150,4.28,2.8,2.94
 1992/06/12,27.78,27.78,23.88,25.2,38025,4.12,3.07,2.11
 1992/06/19,25.2,26.16,20.7,23.16,52940,3.8,3.21,1.16
 1992/06/26,22.98,24,21.6,23.88,40650,3.55,3.28,0.54
 1992/07/03,24,28.56,24,27.84,93765,3.64,3.35,0.57
 1992/07/10,28.02,28.2,26.16,26.82,48710,3.58,3.4,0.36
 1992/07/17,26.64,29.4,26.64,29.34,44420,3.7,3.46,0.48
 1992/07/24,29.52,32.4,29.52,32.28,79900,3.98,3.56,0.83
 1992/07/31,34.02,34.56,33.24,33.48,40770,4.25,3.7,1.1
 1992/08/07,33.48,34.08,30.9,33.96,60760,4.45,3.85,1.21
 1992/08/14,34.68,35.4,30.96,33.12,48325,4.5,3.98,1.03
 1992/08/21,33.3,34.8,32.82,33.12,58740,4.48,4.08,0.8
 1992/08/28,32.4,32.4,30.48,31.56,54910,4.29,4.12,0.33
 1992/09/04,30.6,30.96,28.2,28.44,24800,3.84,4.06,-0.45
 1992/09/11,28.26,30.96,26.16,30.66,73705,3.62,3.98,-0.71
 1992/09/18,30.84,31.56,29.4,30.12,35355,3.37,3.85,-0.97
 1992/09/25,30,32.4,29.76,31.87,37060,3.27,3.74,-0.93
 1992/09/30,31.26,31.68,30.96,31.14,16385,3.1,3.61,-1.02
 1992/10/04,31.32,31.68,31.2,31.2,3110,2.93,3.47,-1.08
 1992/10/09,31.2,31.44,30.12,30.96,13780,2.75,3.33,-1.16
 1992/10/16,31.74,31.98,29.64,30.24,18765,2.52,3.17,-1.3
 1992/10/23,30.06,30.3,27.12,27.36,28493,2.08,2.95,-1.74
 1992/10/30,27.18,27.18,23.4,26.76,59810,1.66,2.69,-2.06
 1992/11/06,26.76,26.94,24,24.72,36125,1.16,2.39,-2.46
 1992/11/13,24.6,24.84,21.24,21.72,32990,0.51,2.01,-3.01
 1992/11/19,21.6,21.6,18.12,20.4,64180,-0.11,1.58,-3.4
 1992/11/27,19.44,24,18,23.16,87135,-0.38,1.19,-3.14
 1992/12/04,23.4,27.84,23.4,27.48,126010,-0.24,0.91,-2.29
 1992/12/11,27.66,30,26.76,28.38,106440,-0.05,0.71,-1.53
 1992/12/18,28.56,28.8,27.42,28.8,36380,0.13,0.6,-0.94
 1992/12/25,28.8,29.04,27.96,28.56,31550,0.25,0.53,-0.56
 1992/12/29,28.56,29.16,28.32,28.8,11570,0.36,0.49,-0.27
 1993/01/08,28.8,30,28.8,29.64,2000,0.51,0.5,0.02
 1993/01/15,31.08,32.16,29.88,30.72,43575,0.7,0.54,0.33
 1993/01/19,30.9,32.04,30.84,31.32,13805,0.9,0.61,0.58
 1993/02/05,32.16,34.8,32.16,34.2,80415,1.27,0.74,1.06
 1993/02/12,34.38,37.14,32.04,33,103400,1.45,0.88,1.14
 1993/02/19,33.18,37.44,32.94,37.44,114345,1.93,1.09,1.68
 1993/02/26,37.62,39.36,34.2,35.7,148195,2.15,1.3,1.68
 1993/03/05,35.76,36.96,32.04,32.04,75585,2,1.44,1.11
 1993/03/12,32.22,37.62,32.22,37.44,144180,2.29,1.61,1.36
 1993/03/19,37.56,37.56,34.2,35.52,83055,2.34,1.76,1.16
 1993/03/26,33.96,36.36,33,35.52,102480,2.35,1.88,0.95
 1993/04/02,35.52,37.8,35.16,36.66,132565,2.43,1.99,0.88
 1993/04/09,36.97,39.67,36.52,38.59,138031,2.61,2.11,1
 1993/04/16,38.86,40.57,38.23,39.31,129465,2.78,2.24,1.07
 1993/04/23,39.58,39.67,37.78,38.14,60475,2.79,2.35,0.87
 1993/04/30,38.14,38.86,37.24,37.6,39050,2.72,2.43,0.59
 1993/05/01,37.87,38.14,36.52,36.88,6785,2.58,2.46,0.25
 1993/05/02,36.79,37.87,36.07,37.15,10295,2.46,2.46,0.01
 1993/05/07,37.15,37.15,33.73,35.44,66885,2.21,2.41,-0.41
 1993/05/14,35.71,37.15,32.65,36.61,89165,2.07,2.34,-0.54
 1993/05/21,36.88,36.97,33.37,33.91,43333,1.73,2.22,-0.98
 1993/05/28,34.18,34.27,32.2,33.01,47538,1.37,2.05,-1.36
 1993/06/04,32.83,34.18,32.47,33.28,29743,1.09,1.86,-1.53
 1993/06/11,33.01,33.46,30.67,31.12,20706,0.69,1.62,-1.87
 1993/06/18,31.21,31.57,29.41,31.39,22621,0.39,1.38,-1.98
 1993/06/25,31.66,32.2,30.13,30.49,20954,0.08,1.12,-2.08
 1993/07/02,30.67,30.85,28.33,30.31,20048,-0.18,0.86,-2.08
 1993/07/09,30.58,32.47,28.33,28.6,31036,-0.52,0.58,-2.2
 1993/07/16,28.33,30.13,25.81,25.81,22544,-1,0.27,-2.53
 1993/07/23,25.63,25.63,22.84,25.36,38051,-1.4,-0.07,-2.67
 1993/07/30,25.45,28.33,24.64,27.97,63401,-1.49,-0.35,-2.28
 1993/08/06,28.24,29.41,27.07,27.97,46856,-1.55,-0.59,-1.91
 1993/08/13,27.97,34.81,27.97,34.72,119726,-1.03,-0.68,-0.71
 1993/08/19,34.99,39.49,31.03,31.75,128246,-0.86,-0.72,-0.28
 1993/08/27,31.48,31.48,27.07,28.6,75762,-0.96,-0.76,-0.39
 1993/09/03,28.33,30.13,28.15,29.59,28160,-0.95,-0.8,-0.3
 1993/09/10,29.32,29.86,28.15,28.33,15589,-1.03,-0.85,-0.37
 1993/09/16,28.06,28.06,26.8,26.89,15856,-1.2,-0.92,-0.56
 1993/09/24,26.71,29.23,26.17,27.25,33731,-1.29,-0.99,-0.59
 1993/09/30,27.07,28.69,27.07,28.15,10067,-1.27,-1.05,-0.45
 1993/10/08,28.42,29.59,28.06,28.15,20035,-1.24,-1.09,-0.31
 1993/10/15,27.88,28.87,27.7,28.15,12413,-1.21,-1.11,-0.19
 1993/10/22,28.15,28.15,27.07,27.16,12014,-1.24,-1.14,-0.21
 1993/10/29,26.98,28.42,26.17,27.43,18118,-1.24,-1.16,-0.16
 1993/11/05,27.16,27.79,26.98,27.34,9464,-1.23,-1.17,-0.11
 1993/11/12,27.61,32.47,27.52,31.03,97739,-0.91,-1.12,0.42
 1993/11/19,31.3,32.11,29.95,30.4,74306,-0.7,-1.03,0.67
 1993/11/26,30.67,30.85,28.51,29.14,32084,-0.63,-0.95,0.65
 1993/12/03,28.87,29.77,28.51,29.5,20755,-0.54,-0.87,0.67
 1993/12/10,29.68,31.57,29.59,30.94,77293,-0.34,-0.76,0.84
 1993/12/17,31.21,31.39,29.05,29.95,36974,-0.27,-0.66,0.8
 1993/12/24,29.95,30.49,28.51,30.13,34398,-0.19,-0.57,0.76
 1993/12/31,30.67,33.37,29.5,32.38,161026,0.05,-0.44,0.99
 1994/01/07,31.57,32.92,31.21,32.38,44756,0.24,-0.31,1.1
 1994/01/14,32.29,32.29,29.95,30.4,40919,0.23,-0.2,0.86
 1994/01/21,30.4,30.94,29.05,29.05,24641,0.11,-0.14,0.49
 1994/01/28,29.59,29.77,26.71,26.8,18314,-0.17,-0.14,-0.04
 1994/02/04,26.26,29.23,24.91,29.14,48825,-0.19,-0.15,-0.08
 1994/02/18,29.14,29.14,25.27,25.63,30010,-0.49,-0.22,-0.54
 1994/02/25,25.27,27.07,24.73,25.99,34453,-0.69,-0.32,-0.75
 1994/03/04,26.17,26.17,23.83,24.19,16586,-0.98,-0.45,-1.07
 1994/03/11,24.19,24.37,22.21,23.11,15126,-1.29,-0.62,-1.34
 1994/03/18,23.65,25.18,23.11,23.2,25347,-1.5,-0.79,-1.42
 1994/03/25,23.2,23.65,21.4,21.67,21648,-1.78,-0.99,-1.57
 1994/03/30,21.85,25.18,20.95,24.55,83089,-1.74,-1.14,-1.2
 1994/04/08,23.11,25.09,20.77,20.86,103177,-1.99,-1.31,-1.36
 1994/04/15,20.59,23.47,17.17,19.33,58842,-2.28,-1.51,-1.55
 1994/04/22,18.97,19.06,14.83,15.46,61605,-2.8,-1.76,-2.06
 1994/04/29,15.01,18.52,15.01,18.07,79071,-2.96,-2,-1.91
 1994/05/06,18.61,21.13,17.53,18.38,135913,-3.02,-2.21,-1.64
 1994/05/13,19.51,20.74,18.61,20.16,138632,-2.9,-2.35,-1.11
 1994/05/20,20.41,20.48,18.94,19.51,43135,-2.82,-2.44,-0.76
 1994/05/27,19.51,19.51,16.45,16.49,24592,-2.97,-2.55,-0.85
 1994/06/03,16.29,16.29,14.74,14.74,24804,-3.19,-2.68,-1.03
 1994/06/10,14.74,14.92,14.11,14.53,16814,-3.35,-2.81,-1.07
 1994/06/17,14.2,15.28,13.72,15.12,19294,-3.38,-2.92,-0.91
 1994/06/24,15.1,17.33,14,14.07,22085,-3.46,-3.03,-0.85
 1994/07/01,13.83,13.83,12.76,12.81,13621,-3.57,-3.14,-0.87
 1994/07/08,12.64,12.95,12.25,12.74,5582,-3.63,-3.24,-0.79
 1994/07/15,12.74,12.74,11.76,11.88,10510,-3.7,-3.33,-0.74
 1994/07/22,11.28,11.76,10.99,11.42,18460,-3.75,-3.42,-0.68
 1994/07/29,11.3,13.73,11.28,11.88,87888,-3.71,-3.48,-0.48
 1994/08/05,14.14,18.42,13.46,18.23,342671,-3.14,-3.41,0.54
 1994/08/12,18.96,19.98,16.62,18.03,278543,-2.66,-3.26,1.19
 1994/08/19,17.84,18.81,17.35,17.74,153013,-2.28,-3.06,1.56
 1994/08/26,17.35,17.35,16.33,16.57,79492,-2.05,-2.86,1.62
 1994/09/02,16.38,18.2,15.89,18.08,118712,-1.73,-2.63,1.81
 1994/09/09,18.57,30.72,18.57,26.1,936225,-0.82,-2.27,2.91
 1994/09/16,26.29,28.04,24.11,24.69,152864,-0.2,-1.86,3.31
 1994/09/23,24.76,25.25,22.6,23.91,110962,0.21,-1.44,3.32
 1994/09/30,23.72,25.61,21.24,21.41,224717,0.34,-1.09,2.86
 1994/10/07,20.51,20.75,14.92,18.93,90699,0.24,-0.82,2.12
 1994/10/14,18.93,18.93,15.41,16.7,60406,-0.02,-0.66,1.28
 1994/10/21,16.5,17.62,15.41,16.62,59678,-0.23,-0.58,0.69
 1994/10/28,17.11,17.84,15.89,16.26,56390,-0.42,-0.54,0.24
 1994/11/04,15.89,16.38,15.29,15.63,22374,-0.62,-0.56,-0.12
 1994/11/11,15.63,16.26,15.17,15.92,20800,-0.74,-0.6,-0.29
 1994/11/18,16.38,16.5,15.53,15.65,14453,-0.85,-0.65,-0.41
 1994/11/25,15.65,15.72,15.07,15.46,6864,-0.94,-0.71,-0.47
 1994/12/02,15.41,15.72,15.29,15.46,4335,-1,-0.76,-0.47
 1994/12/09,15.41,15.41,14.56,14.63,7001,-1.1,-0.83,-0.54
 1994/12/16,14.68,15.94,13.9,15.41,26022,-1.11,-0.89,-0.44
 1994/12/23,15.41,15.55,14.44,14.68,12805,-1.16,-0.94,-0.43
 1994/12/30,14.63,15.65,14.19,14.92,48282,-1.17,-0.99,-0.36
 1995/01/06,15.55,15.77,14.97,15.36,10230,-1.12,-1.01,-0.22
 1995/01/13,15.29,15.29,13.9,14.07,17529,-1.18,-1.05,-0.26
 1995/01/20,13.71,14.17,13.46,13.83,17742,-1.23,-1.08,-0.29
 1995/01/27,13.46,14.07,12.49,13.88,9131,-1.25,-1.12,-0.27
 1995/02/17,13.71,14,13.49,13.71,4612,-1.27,-1.15,-0.24
 1995/02/24,13.71,15.41,13.66,13.71,15017,-1.26,-1.17,-0.19
 1995/03/03,14.14,14.68,13.59,14.17,11296,-1.21,-1.18,-0.07
 1995/03/10,14.56,15.17,14.14,14.14,28464,-1.16,-1.17,0.03
 1995/03/17,14.22,14.31,13.78,14.14,8385,-1.1,-1.16,0.11
 1995/03/24,13.95,14.31,13.8,14,5469,-1.06,-1.14,0.16
 1995/03/31,14.07,14.27,13.66,14.05,8209,-1.01,-1.11,0.21
 1995/04/07,14.05,14.44,13.83,14.27,8092,-0.94,-1.08,0.28
 1995/04/14,14.44,14.8,13.8,13.95,9793,-0.9,-1.04,0.28
 1995/04/21,14.05,14.68,13.71,14.14,16933,-0.84,-1,0.32
 1995/04/28,13.05,13.59,11.52,12.56,17389,-0.92,-0.99,0.14
 1995/05/05,12.56,12.69,11.96,12.37,5285,-0.98,-0.98,0.01
 1995/05/12,12.37,12.49,11.96,12.32,7455,-1.02,-0.99,-0.06
 1995/05/19,12.32,16.87,11.96,15.99,59326,-0.75,-0.94,0.39
 1995/05/26,16.57,17.6,12.32,12.78,80481,-0.78,-0.91,0.26
 1995/06/02,12.86,12.93,12.44,12.66,11536,-0.81,-0.89,0.16
 1995/06/09,12.66,12.81,12.47,12.49,7452,-0.84,-0.88,0.09
 1995/06/16,12.37,12.61,11.71,12.05,12671,-0.88,-0.88,0
 1995/06/23,11.81,12.47,11.81,12.37,17379,-0.88,-0.88,0
 1995/06/30,12.44,12.52,11.96,12.1,11877,-0.89,-0.88,-0.02
 1995/07/07,11.84,12.01,11.47,11.97,11742,-0.9,-0.89,-0.03
 1995/07/14,12.02,12.16,11.69,11.94,11164,-0.9,-0.89,-0.02
 1995/07/21,11.94,12.14,11.74,12.08,18568,-0.88,-0.89,0.02
 1995/07/28,12.11,12.33,11.86,12,15118,-0.86,-0.88,0.05
 1995/08/03,12,12.16,11.8,11.88,6583,-0.84,-0.87,0.06
 1995/08/11,11.88,13.23,11.88,12.67,79632,-0.76,-0.85,0.19
 1995/08/18,12.86,14.4,12.67,13.56,92414,-0.61,-0.8,0.38
 1995/08/25,13.56,13.84,12.39,12.58,50261,-0.57,-0.76,0.38
 1995/08/31,12.44,12.61,11.74,12.36,10910,-0.54,-0.71,0.34
 1995/09/08,12.44,12.58,12.11,12.3,23494,-0.52,-0.68,0.3
 1995/09/15,12.3,12.61,12.16,12.39,18082,-0.5,-0.64,0.29
 1995/09/22,12.44,12.47,11.88,11.97,16027,-0.5,-0.61,0.22
 1995/09/29,11.97,12.11,11.66,11.94,10573,-0.5,-0.59,0.18
 1995/10/06,12.02,12.02,11.77,11.86,4498,-0.5,-0.57,0.14
 1995/10/13,11.83,12.11,10.99,11.19,13184,-0.55,-0.57,0.03
 1995/10/20,11.19,12.44,11.07,12.3,19445,-0.5,-0.55,0.12
 1995/10/27,12.3,12.72,11.55,11.69,30527,-0.5,-0.54,0.1
 1995/11/03,11.74,11.74,11.19,11.49,9521,-0.5,-0.53,0.06
 1995/11/10,11.61,11.74,11.33,11.52,10401,-0.5,-0.53,0.05
 1995/11/17,11.47,11.77,11.19,11.38,5903,-0.51,-0.52,0.03
 1995/11/24,11.35,11.66,11.19,11.27,7850,-0.51,-0.52,0.02
 1995/12/01,11.21,11.27,10.91,11.1,6859,-0.53,-0.52,-0.01
 1995/12/08,11.07,11.33,10.99,11.07,5327,-0.53,-0.53,-0.02
 1995/12/15,11.13,11.19,10.88,10.93,5733,-0.54,-0.53,-0.03
 1995/12/22,10.77,10.93,10.54,10.79,7859,-0.56,-0.54,-0.04
 1995/12/29,10.57,10.71,10.35,10.46,7876,-0.59,-0.55,-0.08
 1996/01/05,10.07,10.4,10.01,10.18,2641,-0.63,-0.56,-0.13
 1996/01/12,10.07,10.46,10.04,10.21,4872,-0.65,-0.58,-0.14
 1996/01/19,10.1,10.54,9.96,10.1,6197,-0.67,-0.6,-0.14
 1996/01/26,10.01,10.15,9.79,10.07,4263,-0.67,-0.61,-0.13
 1996/02/02,10.07,10.15,9.93,10.07,2462,-0.67,-0.62,-0.1
 1996/02/08,9.98,10.01,9.73,9.87,2385,-0.68,-0.64,-0.09
 1996/02/16,9.93,10.46,9.65,10.43,13483,-0.64,-0.64,0
 1996/03/08,10.91,11.05,10.15,10.29,11494,-0.6,-0.63,0.05
 1996/03/15,10.24,10.35,9.82,10.01,11364,-0.59,-0.62,0.06
 1996/03/22,9.96,10.26,9.96,10.15,8398,-0.57,-0.61,0.09
 1996/03/29,10.1,10.21,9.84,9.93,6890,-0.56,-0.6,0.08
 1996/04/05,10.07,10.35,9.79,10.21,8507,-0.52,-0.59,0.12
 1996/04/12,10.24,10.93,10.07,10.71,34285,-0.45,-0.56,0.22
 1996/04/19,10.74,11.69,10.65,11.33,72061,-0.34,-0.51,0.35
 1996/04/26,11.33,14.32,10.85,14.2,234072,-0.02,-0.41,0.8
 1996/05/03,14.2,17.47,13.87,15.13,324443,0.31,-0.27,1.16
 1996/05/10,15.1,17.08,14.96,15.52,213608,0.59,-0.1,1.38
 1996/05/17,15.52,18.26,15.52,18.14,264671,1.02,0.13,1.78
 1996/05/24,18.73,19.37,15.46,15.91,246436,1.16,0.33,1.65
 1996/05/31,16.02,16.77,15.52,16.33,95913,1.29,0.52,1.53
 1996/06/07,16.61,17.73,15.96,16.77,210498,1.42,0.7,1.43
 1996/06/14,16.77,18.59,16.5,17.33,203848,1.54,0.87,1.34
 1996/06/21,17.19,17.75,16.77,17.61,96341,1.64,1.03,1.24
 1996/06/28,17.67,19.82,17.67,17.92,314795,1.73,1.17,1.13
 1996/07/05,17.47,19.29,16.91,18.87,156927,1.85,1.3,1.1
 1996/07/12,19.29,21.94,19.12,21.67,402994,2.15,1.47,1.36
 1996/07/19,22.45,25.72,22.45,24.77,510183,2.61,1.7,1.82
 1996/07/26,24.77,26.7,23.57,23.87,321125,2.87,1.93,1.87
 1996/08/02,24.04,25.86,23.57,24.12,165856,3.06,2.16,1.79
 1996/08/09,24.18,26.55,23.34,25.47,219807,3.28,2.38,1.79
 1996/08/16,25.54,25.69,23.88,24.58,121119,3.34,2.57,1.53
 1996/08/23,24.15,24.61,22.8,23.38,124405,3.26,2.71,1.09
 1996/08/30,23.05,26.09,22.46,25.69,228818,3.34,2.84,1.01
 1996/09/06,26.33,27.23,24.49,24.77,359954,3.29,2.93,0.73
 1996/09/13,24.77,25.63,22.86,23.45,126345,3.11,2.97,0.3
 1996/09/20,23.45,24.77,22.62,23.84,154517,2.97,2.97,0
 1996/09/27,24.15,24.74,23.54,24.46,167282,2.87,2.95,-0.15
 1996/10/04,24.92,26,24.61,25.01,130226,2.8,2.92,-0.23
 1996/10/11,25.32,27.53,24.46,26.86,616013,2.87,2.91,-0.08
 1996/10/18,27.5,29.56,26.86,27.1,674479,2.9,2.91,-0.01
 1996/10/25,26.92,32.08,26.92,31.19,792302,3.23,2.97,0.51
 1996/11/01,31.53,34.11,30.36,31.28,712771,3.45,3.07,0.76
 1996/11/08,31.38,33.56,30.3,31.38,340141,3.59,3.17,0.84
 1996/11/15,31.99,38.6,31.99,38.32,1031246,4.22,3.38,1.67
 1996/11/22,38.94,46.13,37.59,45.92,992527,5.26,3.76,3.01
 1996/11/29,47.7,50.9,44.99,46.99,723561,6.11,4.23,3.77
 1996/12/06,47.21,50.13,45.52,48.62,335943,6.83,4.75,4.17
 1996/12/13,48.59,50.77,45.98,46.59,343623,7.16,5.23,3.86
 1996/12/20,42.07,42.07,33.34,33.34,279005,6.28,5.44,1.68
 1996/12/27,33.4,35.4,27.44,33.07,262929,5.49,5.45,0.08
 1997/01/03,33.37,35.53,32.76,33.22,229744,4.83,5.33,-1
 1997/01/10,33.07,33.37,29.87,32.61,128417,4.2,5.1,-1.8
 1997/01/17,33.22,33.93,31.84,33.01,92421,3.7,4.82,-2.25
 1997/01/24,33.22,35.37,32.45,34.85,187787,3.41,4.54,-2.26
 1997/01/31,35.22,36.29,34.48,35.53,188831,3.19,4.27,-2.15
 1997/02/21,32.02,35.68,30.33,33.22,216282,2.81,3.98,-2.34
 1997/02/28,33.31,35.83,32.76,35.53,207801,2.66,3.71,-2.12
 1997/03/07,35.53,36.91,34.6,35.8,210927,2.53,3.48,-1.9
 1997/03/14,35.89,37.83,35.28,36.33,180822,2.44,3.27,-1.65
 1997/03/21,36.45,39.31,36.14,38.85,370403,2.55,3.12,-1.15
 1997/03/28,39.83,46.04,39.46,43.92,672371,3.01,3.1,-0.19
 1997/04/04,44.13,46.28,43.52,44.84,274181,3.4,3.16,0.48
 1997/04/11,45.06,50.87,44.13,47.15,620561,3.86,3.3,1.12
 1997/04/18,47.82,52.43,46.84,51.82,475165,4.55,3.55,1.99
 1997/04/25,53.35,64.42,53.35,62.18,727913,5.86,4.01,3.7
 1997/04/30,62.27,67.19,61.04,63.44,388044,6.92,4.59,4.66
 1997/05/09,63.19,70.26,59.29,65.22,575125,7.82,5.24,5.16
 1997/05/16,66.27,68.72,54.58,54.58,455010,7.58,5.71,3.75
 1997/05/23,54.89,59.5,49.05,51.39,312928,7.06,5.98,2.16
 1997/05/29,52.13,57.97,49.36,56.34,301246,6.96,6.17,1.57
 1997/06/06,59.5,68.72,59.5,67.22,793482,7.67,6.47,2.39
 1997/06/13,69.65,70.29,57.2,64.11,608810,7.89,6.76,2.27
 1997/06/20,65.62,69.59,62.58,69.03,377859,8.37,7.08,2.58
 1997/06/27,71.64,78.47,67.5,75.96,721543,9.2,7.5,3.39
 1997/07/04,77.97,78.82,62.67,66.38,247455,8.98,7.8,2.37
 1997/07/11,65.71,66.1,55.14,63.59,269079,8.49,7.94,1.1
 1997/07/18,66.73,71.67,63.27,69.79,288416,8.5,8.05,0.89
 1997/07/25,71.1,74.16,65.41,67.64,237375,8.24,8.09,0.3
 1997/08/01,67.6,68.91,63.23,67.95,102905,7.96,8.06,-0.2
 1997/08/08,67.6,68.26,63.23,64.1,83856,7.35,7.92,-1.14
 1997/08/15,63.23,64.01,52.73,53.65,125630,5.95,7.53,-3.15
 1997/08/22,53.17,56.67,48.84,54.61,116207,4.87,6.99,-4.25
 1997/08/29,54.92,56.67,52.51,53.39,121270,3.86,6.37,-5.01
 1997/09/05,52.78,55.79,51.42,54.26,90842,3.1,5.71,-5.22
 1997/09/12,53.61,55.27,51.64,51.86,73103,2.28,5.03,-5.5
 1997/09/19,51.33,51.86,49.06,50.02,43711,1.46,4.31,-5.7
 1997/09/26,50.11,50.2,40.31,43.86,98086,0.31,3.51,-6.4
 1997/09/30,43.99,44.42,42.24,43.94,21306,-0.58,2.69,-6.56
 1997/10/10,43.99,48.97,43.07,48.36,87899,-0.93,1.97,-5.79
 1997/10/17,48.58,57.32,47.05,56.32,215674,-0.55,1.47,-4.03
 1997/10/24,56.49,66.2,55.27,65.02,733849,0.44,1.26,-1.63
 1997/10/31,65.76,68.04,59.9,62.7,508679,1.03,1.22,-0.36
 1997/11/07,62.57,69.87,62.27,67.03,464911,1.83,1.34,0.98
 1997/11/14,66.86,67.38,61.48,64.67,206747,2.24,1.52,1.45
 1997/11/21,66.29,66.42,59.73,59.86,111340,2.16,1.65,1.02
 1997/11/28,58.9,59.73,55.27,59.2,93661,2.02,1.72,0.59
 1997/12/05,58.64,60.56,55.84,58.11,56728,1.79,1.74,0.11
 1997/12/12,58.42,60.87,57.76,59.29,61586,1.69,1.73,-0.07
 1997/12/19,58.94,62.13,57.54,58.37,87019,1.52,1.69,-0.33
 1997/12/26,57.98,60.6,56.71,58.46,94186,1.38,1.62,-0.5
 1997/12/31,59.95,61.48,58.81,59.34,60252,1.32,1.56,-0.49
 1998/01/09,59.29,63.58,58.46,59.51,139577,1.27,1.5,-0.47
 1998/01/16,59.16,61.43,53.08,56.1,151726,0.95,1.39,-0.89
 1998/01/23,55.79,56.67,53.96,54.96,74090,0.59,1.23,-1.28
 1998/02/13,56.71,58.85,55.4,55.75,46212,0.37,1.06,-1.38
 1998/02/20,55.75,55.75,53.61,54.31,43911,0.08,0.86,-1.57
 1998/02/27,54.04,54.18,50.46,51.68,51221,-0.36,0.62,-1.96
 1998/03/06,50.98,51.86,48.62,48.71,39114,-0.94,0.31,-2.5
 1998/03/13,48.8,50.46,45.74,50.2,43187,-1.27,-0.01,-2.51
 1998/03/20,50.2,54.39,48.8,52.25,67490,-1.34,-0.27,-2.13
 1998/03/27,51.11,54.48,50.55,53.65,65936,-1.27,-0.47,-1.6
 1998/04/03,54.39,59.95,54.39,56.84,174745,-0.95,-0.57,-0.76
 1998/04/10,57.11,61.7,55.49,57.81,152875,-0.61,-0.58,-0.06
 1998/04/17,57.81,59.29,53.96,54.57,121346,-0.59,-0.58,-0.03
 1998/04/24,54.26,59.38,53.43,57.06,137743,-0.38,-0.54,0.33
 1998/04/30,57.06,60.43,56.14,59.16,148610,-0.03,-0.44,0.81
 1998/05/08,59.73,62.18,57.11,59.42,164326,0.26,-0.3,1.11
 1998/05/14,59.51,59.73,56.67,57.28,81079,0.31,-0.18,0.97
 1998/05/22,58.85,60.56,56.67,57.19,78311,0.34,-0.07,0.83
 1998/05/29,57.19,58.33,55.62,56.23,74276,0.28,0,0.57
 1998/06/05,56.23,57.11,54.48,55.93,89631,0.21,0.04,0.34
 1998/06/12,56.01,56.27,52.21,53.17,64168,-0.07,0.02,-0.17
 1998/06/19,53.39,53.83,50.68,53.26,53101,-0.28,-0.04,-0.47
 1998/06/20,53.08,53.61,52.3,53.26,6432,-0.44,-0.12,-0.64
 1998/06/26,52.95,53.3,50.77,51.42,51053,-0.71,-0.24,-0.94
 1998/07/03,50.77,56.67,48.14,54.04,143146,-0.7,-0.33,-0.74
 1998/07/10,53.61,54.95,52.51,54.09,60861,-0.68,-0.4,-0.56
 1998/07/17,54.09,54.57,51.11,51.25,46802,-0.89,-0.5,-0.78
 1998/07/24,53.99,55.53,50.87,53.08,55710,-0.89,-0.58,-0.63
 1998/07/31,52.16,53.8,50.96,51.83,30278,-0.99,-0.66,-0.65
 1998/08/07,51.68,52.55,47.84,48.56,30028,-1.31,-0.79,-1.04
 1998/08/14,48.22,48.22,43.99,45.91,43046,-1.76,-0.98,-1.55
 1998/08/21,45.91,47.35,38.7,46.34,101364,-2.06,-1.2,-1.72
 1998/08/28,46.34,47.31,41.82,42.98,56334,-2.53,-1.46,-2.14
 1998/09/04,42.06,44.04,40.62,42.54,30528,-2.91,-1.75,-2.32
 1998/09/10,42.78,45.86,42.45,44.9,42871,-2.99,-2,-1.98
 1998/09/18,44.47,48.65,43.75,44.37,126170,-3.06,-2.21,-1.69
 1998/09/25,43.99,45.19,42.83,43.6,41359,-3.14,-2.4,-1.48
 1998/09/30,43.51,44.95,42.83,44.18,22245,-3.12,-2.54,-1.15
 1998/10/09,44.37,44.9,42.3,42.69,31338,-3.19,-2.67,-1.03
 1998/10/16,42.78,43.51,41.68,42.69,43853,-3.2,-2.78,-0.85
 1998/10/23,42.74,43.51,39.23,41,48482,-3.32,-2.89,-0.86
 1998/10/30,40.86,41.1,39.23,40.24,40818,-3.43,-2.99,-0.87
 1998/11/06,40.38,42.54,39.66,41.77,52400,-3.35,-3.07,-0.57
 1998/11/13,42.3,43.99,41.15,41.58,76050,-3.27,-3.11,-0.33
 1998/11/20,41.97,44.85,41.58,42.69,91892,-3.08,-3.1,0.04
 1998/11/27,42.78,43.27,41,41.87,36088,-2.96,-3.07,0.22
 1998/12/04,41.82,43.27,40.48,40.62,56943,-2.94,-3.05,0.22
 1998/12/11,42.06,42.5,39.56,40.48,41969,-2.89,-3.02,0.25
 1998/12/18,40.14,40.62,38.7,38.94,28857,-2.95,-3,0.11
 1998/12/25,39.18,40.62,38.94,39.61,19032,-2.91,-2.98,0.15
 1998/12/31,39.66,40.33,38.26,38.7,19239,-2.91,-2.97,0.11
 1999/01/08,38.26,39.75,37.01,39.61,36043,-2.81,-2.94,0.25
 1999/01/15,39.42,39.42,36.96,37.25,28036,-2.89,-2.93,0.08
 1999/01/22,37.06,37.73,34.85,36.77,42176,-2.95,-2.93,-0.04
 1999/01/29,36.68,37.01,35.38,36.05,26506,-3.03,-2.95,-0.15
 1999/02/05,36.05,37.16,35.28,35.91,31250,-3.06,-2.97,-0.18
 1999/02/09,35.71,35.95,33.89,35.23,16893,-3.11,-3,-0.22
 1999/03/05,35.81,38.46,34.37,37.2,32356,-2.95,-2.99,0.07
 1999/03/12,37.2,37.97,35.81,37.73,45301,-2.76,-2.94,0.38
 1999/03/19,37.73,37.73,35.38,36.39,34563,-2.68,-2.89,0.43
 1999/03/26,36.34,37.73,35.71,36.63,50393,-2.57,-2.83,0.52
 1999/04/02,36.48,37.49,35.81,36.58,32320,-2.45,-2.75,0.6
 1999/04/09,36.58,38.98,36.29,37.49,85789,-2.26,-2.65,0.78
 1999/04/16,37.25,39.9,36.19,38.22,92932,-2.03,-2.53,1
 1999/04/23,38.5,40.62,37.25,38.7,127173,-1.79,-2.38,1.19
 1999/04/30,38.94,42.4,38.7,42.02,210759,-1.31,-2.17,1.71
 1999/05/07,42.54,43.03,39.9,40.14,113285,-1.07,-1.95,1.75
 1999/05/14,39.42,40.04,36.82,36.92,86348,-1.13,-1.79,1.31
 1999/05/21,36.77,40.28,36.05,39.27,75711,-0.98,-1.62,1.29
 1999/05/28,39.08,51.68,38.22,51.2,749008,0.11,-1.28,2.77
 1999/06/04,51.44,56.01,47.55,50.05,719006,0.86,-0.85,3.42
 1999/06/11,48.8,54.14,48.8,52.65,371619,1.65,-0.35,4
 1999/06/18,52.89,57.84,50.24,55.34,532984,2.47,0.21,4.51
 1999/06/24,56.01,64.67,55.53,63.95,504095,3.76,0.92,5.68
 1999/07/02,62.99,74.29,58.42,63.56,908961,4.71,1.68,6.05
 1999/07/09,65.06,68.04,59.14,60.77,297079,5.17,2.38,5.58
 1999/07/16,60.82,61.3,53.61,53.8,139874,4.92,2.89,4.06
 1999/07/23,52.16,61.21,50.72,57.65,212568,4.97,3.3,3.33
 1999/07/30,57.36,62.03,56.64,60.44,128684,5.18,3.68,3
 1999/08/06,60.87,62.53,59.19,61.74,165004,5.38,4.02,2.73
 1999/08/13,61.74,62.27,56.97,57.45,82001,5.14,4.24,1.8
 1999/08/20,57.24,63.96,54.86,61.95,137737,5.25,4.45,1.62
 1999/08/27,61.74,63.32,59.36,59.78,89151,5.11,4.58,1.06
 1999/09/03,59.62,60.68,56.45,57.03,69119,4.72,4.61,0.22
 1999/09/09,56.97,60.41,55.12,60.31,57392,4.62,4.61,0.02
 1999/09/17,60.15,60.26,57.24,57.5,73568,4.26,4.54,-0.55
 1999/09/24,57.45,57.5,55.65,56.23,59085,3.84,4.4,-1.13
 1999/09/30,56.23,56.97,54.86,54.91,31390,3.35,4.19,-1.67
 1999/10/08,56.34,56.34,53.22,53.32,7160,2.81,3.91,-2.21
 1999/10/15,53.27,53.32,50.36,52.27,32097,2.27,3.58,-2.64
 1999/10/22,53.01,53.16,47.45,48.93,36748,1.55,3.18,-3.26
 1999/10/29,48.93,52.21,47.56,50.25,45045,1.07,2.76,-3.36
 1999/11/05,50.1,53.22,47.45,53.22,154036,0.93,2.39,-2.93
 1999/11/12,54.06,60.15,53.8,56.29,499366,1.05,2.12,-2.15
 1999/11/19,55.92,63.8,55.12,61.42,478863,1.54,2,-0.93
 1999/11/26,61.42,62.27,57.24,57.82,173863,1.62,1.93,-0.62
 1999/12/03,57.77,63.32,55.7,57.13,104480,1.61,1.86,-0.51
 1999/12/10,57.24,58.56,53.32,55.02,92513,1.41,1.77,-0.72
 1999/12/16,55.02,59.41,53.38,57.82,140381,1.47,1.71,-0.49
 1999/12/24,55.39,55.39,49.99,50.68,100154,0.92,1.55,-1.26
 1999/12/30,51.15,51.15,48.51,50.36,73258,0.46,1.33,-1.75
 2000/01/07,50.63,56.97,49.57,56.97,300152,0.62,1.19,-1.14
 2000/01/14,59.87,66.74,55.29,55.49,346465,0.62,1.08,-0.91
 2000/01/21,55.22,57.98,53.47,55.83,147374,0.64,0.99,-0.7
 2000/01/28,55.76,60.54,53.94,58.99,215553,0.9,0.97,-0.14
 2000/02/18,60.75,75.29,58.66,69.43,1449877,1.93,1.16,1.53
 2000/02/25,71.18,86.27,68.83,73.94,1887815,3.07,1.54,3.05
 2000/03/03,74.01,97.38,73.34,89.16,1574326,5.14,2.26,5.76
 2000/03/10,89.5,90.98,74.48,76.17,795838,5.67,2.95,5.46
 2000/03/17,76.17,78.66,66.47,72.06,506559,5.7,3.5,4.4
 2000/03/24,70.11,77.51,68.76,73.54,438051,5.77,3.95,3.63
 2000/03/31,73.14,78.12,72.13,73.41,395264,5.75,4.31,2.87
 2000/04/07,73.47,78.86,69.3,75.69,444178,5.85,4.62,2.46
 2000/04/14,76.17,79.94,74.01,76.64,423334,5.94,4.88,2.11
 2000/04/21,76.17,76.57,72.33,74.48,213819,5.76,5.06,1.41
 2000/04/28,74.15,74.35,69.36,71.99,223619,5.37,5.12,0.49
 2000/05/12,72.13,72.13,63.1,63.37,192050,4.31,4.96,-1.3
 2000/05/19,63.37,65.39,60.27,63.78,135487,3.46,4.66,-2.4
 2000/05/26,64.38,71.32,64.38,68.76,261821,3.15,4.36,-2.41
 2000/06/02,69.84,75.36,66.07,72.8,348343,3.2,4.12,-1.85
 2000/06/09,72.8,76.77,70.11,71.52,293956,3.1,3.92,-1.65
 2000/06/16,71.52,74.75,69.77,71.52,180523,2.98,3.73,-1.5
 2000/06/23,71.99,72.8,69.3,71.32,108665,2.84,3.55,-1.43
 2000/06/30,71.45,84.11,71.45,78.93,547490,3.3,3.5,-0.4
 2000/07/07,78.86,80.54,73.54,75.63,255128,3.37,3.48,-0.22
 2000/07/14,75.69,83.57,75.69,81.96,480867,3.88,3.56,0.65
 2000/07/21,82.56,86.94,79.26,83.98,534572,4.41,3.73,1.36
 2000/07/28,84.65,88.83,82.23,82.9,457351,4.68,3.92,1.52
 2000/08/04,82.9,84.79,80.88,81.22,263347,4.7,4.07,1.26
 2000/08/11,81.35,86.27,80.88,84.58,252440,4.94,4.25,1.38
 2000/08/18,86.2,88.42,84.25,84.52,299929,5.06,4.41,1.3
 2000/08/25,83.91,84.72,77.72,81.35,283484,4.85,4.5,0.7
 2000/09/01,81.42,83.1,74.55,74.89,209689,4.11,4.42,-0.62
 2000/09/08,74.82,77.58,71.45,72.73,114525,3.31,4.2,-1.77
 2000/09/14,73.54,79.2,71.79,75.96,154631,2.91,3.94,-2.07
 2000/09/22,75.96,76.57,71.79,72.93,76299,2.31,3.61,-2.6
 2000/09/29,72.93,74.08,70.98,72.26,66558,1.77,3.24,-2.95
 2000/10/13,72.33,76.5,71.12,74.42,111832,1.5,2.9,-2.8
 2000/10/20,75.16,77.65,72.33,76.91,141666,1.46,2.61,-2.29
 2000/10/27,77.18,80.21,76.5,79.67,152781,1.64,2.41,-1.55
 2000/11/03,80.27,81.55,77.04,77.72,125784,1.61,2.25,-1.3
 2000/11/10,77.72,83.78,77.58,81.62,196766,1.87,2.18,-0.61
 2000/11/17,81.76,86.74,80.95,82.63,444583,2.14,2.17,-0.06
 2000/11/24,82.63,87.61,81.01,81.62,294854,2.24,2.18,0.12
 2000/12/01,81.22,85.93,79.8,84.52,215409,2.53,2.25,0.55
 2000/12/08,84.92,87.95,83.24,84.72,261394,2.74,2.35,0.78
 2000/12/15,85.26,85.53,80.81,81.49,134382,2.62,2.4,0.43
 2000/12/22,81.42,84.38,79.87,82.43,127702,2.57,2.44,0.26
 2000/12/29,82.43,85.59,81.82,83.17,118321,2.56,2.46,0.19
 2001/01/05,83.24,91.18,82.9,89.57,386297,3.03,2.58,0.91
 2001/01/12,90.31,96.64,86.6,93.81,553923,3.71,2.8,1.81
 2001/01/19,92.66,93.14,86.94,89.5,297447,3.85,3.01,1.68
 2001/02/09,89.77,90.31,80.95,82.7,149462,3.37,3.08,0.58
 2001/02/16,83.17,87.28,81.22,86.67,147208,3.28,3.12,0.32
 2001/02/23,86.67,89.43,76.23,82.02,447092,2.8,3.06,-0.52
 2001/03/02,82.43,84.79,80.27,84.65,191226,2.6,2.97,-0.73
 2001/03/09,84.65,85.8,82.16,84.99,133639,2.44,2.86,-0.84
 2001/03/16,85.59,86.6,83.57,84.31,115864,2.23,2.74,-1
 2001/03/23,84.31,90.98,83.91,86.07,255440,2.19,2.63,-0.88
 2001/03/30,86.33,93.34,86.27,90.85,375476,2.51,2.6,-0.19
 2001/04/06,90.98,92.06,87.28,88.15,174410,2.51,2.58,-0.14
 2001/04/13,87.95,92.87,87.82,90.85,174811,2.71,2.61,0.19
 2001/04/20,91.25,95.56,90.64,91.99,337585,2.92,2.67,0.49
 2001/04/27,91.99,92.66,86.94,87.61,159410,2.7,2.68,0.04
 2001/04/30,87.61,87.88,86.81,87.14,22361,2.46,2.63,-0.35
 2001/05/11,87.28,88.56,85.26,87.21,88961,2.25,2.56,-0.61
 2001/05/18,87.28,90.31,86.74,88.89,176779,2.19,2.48,-0.58
 2001/05/25,89.3,89.36,84.38,84.85,143593,1.8,2.35,-1.09
 2001/06/01,84.85,86.6,83.91,84.58,99511,1.45,2.17,-1.43
 2001/06/08,85.12,85.93,83.57,84.11,115255,1.13,1.96,-1.67
 2001/06/15,84.11,86.4,82.97,85.66,103676,0.98,1.76,-1.57
 2001/06/22,86.07,86.13,81.96,86,122415,0.88,1.59,-1.41
 2001/06/29,89.7,91.32,87.28,88.69,356886,1.01,1.47,-0.92
 2001/07/06,88.69,89.1,85.06,85.12,75803,0.82,1.34,-1.05
 2001/07/13,85.12,87.28,83.24,84.92,50599,0.64,1.2,-1.13
 2001/07/20,86.6,91.32,84.58,89.97,177821,0.89,1.14,-0.49
 2001/07/27,89.97,91.25,85.8,86.54,146675,0.81,1.07,-0.53
 2001/08/03,86.54,86.54,81.22,84.58,113286,0.58,0.97,-0.79
 2001/08/10,84.58,86.4,80.88,85.39,88015,0.45,0.87,-0.83
 2001/08/17,84.92,88.56,84.05,85.86,89761,0.39,0.77,-0.77
 2001/08/24,85.86,92.33,85.8,89.9,389631,0.66,0.75,-0.19
 2001/08/31,89.84,91.65,87.21,88.49,184688,0.75,0.75,-0.01
 2001/09/07,88.62,93.74,87.82,89.77,405669,0.91,0.78,0.26
 2001/09/14,89.16,94.55,88.49,90.17,293676,1.06,0.84,0.45
 2001/09/21,89.84,91.52,87.14,89.03,145533,1.08,0.89,0.38
 2001/09/27,89.03,97.85,88.09,89.63,115139,1.12,0.93,0.38
 2001/10/12,89.84,91.92,76.37,84.45,355628,0.73,0.89,-0.32
 2001/10/19,83.78,84.45,71.99,73.81,211773,-0.43,0.63,-2.11
 2001/10/26,73.47,86.6,71.79,81.82,442694,-0.7,0.36,-2.12
 2001/11/02,81.76,83.1,77.58,79.74,108082,-1.06,0.08,-2.28
 2001/11/09,79.47,80.41,73.2,79.53,111082,-1.35,-0.21,-2.29
 2001/11/16,80.07,84.45,75.76,78.79,110917,-1.63,-0.49,-2.27
 2001/11/23,78.59,81.49,77.65,79.53,100464,-1.76,-0.75,-2.03
 2001/11/30,77.78,81.28,77.78,81.08,97679,-1.73,-0.94,-1.57
 2001/12/07,81.15,83.98,80.41,80.61,116449,-1.71,-1.1,-1.24
 2001/12/14,80.41,83.1,77.72,79.2,74023,-1.8,-1.24,-1.12
 2001/12/21,79.06,81.08,75.69,77.65,75083,-1.97,-1.38,-1.17
 2001/12/28,77.04,79.06,75.56,78.73,51286,-1.99,-1.5,-0.97
 2002/01/04,78.52,80.27,77.38,77.65,26083,-2.07,-1.62,-0.91
 2002/01/11,77.04,77.51,70.98,73.07,76124,-2.48,-1.79,-1.38
 2002/01/18,72.33,72.66,63.78,66.13,140858,-3.32,-2.1,-2.45
 2002/01/25,66.07,72.73,63.44,70.98,139230,-3.56,-2.39,-2.34
 2002/02/01,69.36,76.84,64.58,74.28,160372,-3.44,-2.6,-1.68
 2002/02/08,74.01,76.17,73.07,74.35,81398,-3.3,-2.74,-1.12
 2002/03/01,77.11,79.13,74.01,74.15,89351,-3.17,-2.83,-0.69
 2002/03/08,74.01,82.09,73.47,80.41,264257,-2.54,-2.77,0.47
 2002/03/15,80.34,82.97,77.58,77.78,226790,-2.22,-2.66,0.88
 2002/03/22,80.41,81.69,77.72,78.52,164613,-1.88,-2.5,1.24
 2002/03/29,78.39,78.93,75.02,75.56,104000,-1.84,-2.37,1.07
 2002/04/05,75.02,77.24,73.54,75.43,60610,-1.79,-2.25,0.93
 2002/04/12,75.09,78.66,75.09,75.83,70724,-1.7,-2.14,0.89
 2002/04/19,75.83,75.9,73.14,74.15,55558,-1.74,-2.06,0.64
 2002/04/26,73.34,73.94,71.52,73.2,44938,-1.84,-2.02,0.36
 2002/04/30,73.2,74.89,73,73.81,25986,-1.84,-1.98,0.29
 2002/05/10,73.67,74.68,71.39,71.92,30351,-1.97,-1.98,0.02
 2002/05/17,71.39,73,67.14,67.48,57706,-2.4,-2.06,-0.68
 2002/05/24,67.68,71.65,67.28,69.77,83561,-2.53,-2.16,-0.75
 2002/05/31,70.58,70.71,65.8,66.27,37257,-2.89,-2.3,-1.16
 2002/06/07,65.59,69.7,64.11,67.08,65523,-3.06,-2.46,-1.22
 2002/06/11,67.08,68.15,65.73,67.14,28396,-3.16,-2.6,-1.13
 2002/06/21,67.61,72.06,66.2,70.31,130988,-2.95,-2.67,-0.57
 2002/06/28,78.32,81.42,74.68,79.13,630859,-2.05,-2.55,0.99
 2002/07/05,79.53,82.77,75.36,76.57,296422,-1.53,-2.34,1.63
 2002/07/12,76.7,77.24,74.42,74.95,81674,-1.23,-2.12,1.79
 2002/07/19,74.68,76.37,73.54,75.83,53036,-0.91,-1.88,1.94
 2002/07/26,75.76,75.76,72.19,72.4,51871,-0.92,-1.68,1.53
 2002/08/02,72.66,73.81,71.99,73.2,41679,-0.86,-1.52,1.33
 2002/08/09,73.54,74.95,71.45,71.65,42236,-0.92,-1.4,0.96
 2002/08/16,71.45,72.46,69.84,70.91,34531,-1.02,-1.32,0.61
 2002/08/23,70.85,74.35,70.64,73.27,43336,-0.9,-1.24,0.68
 2002/08/30,73,73,71.12,71.45,35066,-0.93,-1.18,0.49
 2002/09/06,71.45,72.13,70.31,70.44,26321,-1.03,-1.15,0.23
 2002/09/13,70.31,70.31,67.82,69.5,36287,-1.18,-1.15,-0.04
 2002/09/20,69.43,71.92,67.88,69.3,35789,-1.29,-1.18,-0.22
 2002/09/27,69.16,70.58,68.35,68.49,24437,-1.43,-1.23,-0.4
 2002/10/11,68.15,68.29,65.59,66.27,31880,-1.7,-1.32,-0.75
 2002/10/18,66.87,67.48,65.46,66.27,25677,-1.89,-1.44,-0.91
 2002/10/25,66.27,67.88,65.66,66.27,17842,-2.02,-1.55,-0.93
 2002/11/01,65.59,66.27,64.92,65.93,23300,-2.12,-1.67,-0.91
 2002/11/08,65.93,68.62,65.59,67.21,52100,-2.08,-1.75,-0.66
 2002/11/15,66.94,66.94,58.32,59.47,72765,-2.64,-1.93,-1.42
 2002/11/22,59.47,62.23,58.52,60.34,84953,-2.98,-2.14,-1.68
 2002/11/29,60.27,61.01,55.43,59.74,72412,-3.26,-2.36,-1.79
 2002/12/06,59.74,60.07,56.97,57.92,29041,-3.58,-2.61,-1.96
 2002/12/13,57.51,58.39,55.83,57.31,23280,-3.85,-2.85,-1.99
 2002/12/20,57.38,59.47,56.7,58.46,37702,-3.92,-3.07,-1.7
 2002/12/27,58.25,59.26,56.17,57.45,53358,-4.01,-3.26,-1.51
 2003/01/03,56.84,56.97,52.46,52.73,39977,-4.41,-3.49,-1.85
 2003/01/10,52.66,56.5,52.06,55.76,77499,-4.44,-3.68,-1.52
 2003/01/17,55.49,60.88,54.82,59.94,231229,-4.07,-3.76,-0.63
 2003/01/24,59.94,60.88,57.18,58.59,98745,-3.85,-3.77,-0.14
 2003/01/29,58.59,59.87,57.98,59.33,37139,-3.57,-3.73,0.33
 2003/02/14,59.53,61.76,57.58,60.61,76852,-3.21,-3.63,0.84
 2003/02/21,60.54,61.28,58.46,58.46,46372,-3.06,-3.51,0.91
 2003/02/28,58.46,61.28,58.19,61.08,92157,-2.7,-3.35,1.31
 2003/03/07,61.22,65.93,60.88,64.92,280717,-2.08,-3.1,2.04
 2003/03/14,64.92,68.02,63.24,67.68,255581,-1.35,-2.75,2.79
 2003/03/21,67.75,69.63,66.6,68.42,478542,-0.7,-2.34,3.27
 2003/03/28,68.69,71.99,68.22,69.3,285806,-0.12,-1.89,3.55
 2003/04/04,69.5,73,69.3,72.19,198316,0.57,-1.4,3.94
 2003/04/11,72.33,78.59,69.97,77.45,398725,1.52,-0.82,4.68
 2003/04/18,77.58,88.35,77.58,85.06,867579,2.86,-0.08,5.88
 2003/04/25,84.38,84.38,73.14,73.74,553503,2.97,0.53,4.88
 2003/04/30,72.4,81.15,71.05,77.98,264498,3.36,1.1,4.53
 2003/05/16,78.52,85.66,76.7,84.99,586363,4.19,1.71,4.95
 2003/05/23,85.32,86.47,82.5,84.31,584899,4.74,2.32,4.84
 2003/05/30,84.31,91.45,81.76,88.89,1153872,5.48,2.95,5.05
 2003/06/06,88.49,91.72,84.18,84.18,1056951,5.62,3.48,4.27
 2003/06/13,84.18,86.33,82.83,84.72,353924,5.71,3.93,3.56
 2003/06/20,84.31,84.85,78.39,79.2,393466,5.27,4.2,2.15
 2003/06/27,79.06,79.06,70.98,71.39,443526,4.25,4.21,0.08
 2003/07/04,69.63,74.89,69.63,73.67,278328,3.58,4.08,-1
 2003/07/11,73.67,77.04,73.67,76.5,293916,3.24,3.91,-1.35
 2003/07/18,76.5,81.49,75.02,77.04,473692,2.98,3.73,-1.49
 2003/07/25,76.37,80,75.43,75.83,219759,2.65,3.51,-1.73
 2003/08/01,75.83,79.74,75.02,78.93,181664,2.6,3.33,-1.45
 2003/08/08,78.79,82.43,78.66,80.27,323092,2.65,3.19,-1.09
 2003/08/15,80.14,81.89,79.2,80.41,132946,2.66,3.09,-0.85
 2003/08/22,80.68,84.18,80.27,82.29,224319,2.79,3.03,-0.47
 2003/08/29,81.76,82.02,77.72,79.87,149876,2.67,2.96,-0.57
 2003/09/05,79.74,83.1,77.45,78.25,359503,2.41,2.85,-0.87
 2003/09/12,78.25,78.52,71.92,74.21,312790,1.86,2.65,-1.57
 2003/09/19,73.94,74.35,70.71,71.12,132968,1.16,2.35,-2.38
 2003/09/26,71.39,73.94,69.63,72.46,90550,0.71,2.02,-2.63
 2003/09/30,72.33,72.46,70.31,71.79,34001,0.29,1.68,-2.77
 2003/10/10,72.06,74.89,71.65,74.35,61027,0.17,1.38,-2.42
 2003/10/17,74.89,77.72,71.65,72.33,131975,-0.09,1.08,-2.35
 2003/10/24,72.06,76.77,71.79,74.48,166252,-0.13,0.84,-1.93
 2003/10/31,73.94,75.02,72.33,72.87,139825,-0.28,0.62,-1.79
 2003/11/07,72.19,78.12,71.65,73,256709,-0.38,0.42,-1.6
 2003/11/14,73,73.67,69.9,71.12,129334,-0.61,0.21,-1.65
 2003/11/21,71.12,74.35,70.17,71.92,159079,-0.72,0.02,-1.49
 2003/11/28,71.92,76.1,71.12,72.46,255447,-0.75,-0.13,-1.25
 2003/12/05,72.46,75.83,72.19,73.94,312369,-0.65,-0.24,-0.84
 2003/12/12,73.81,76.77,73.27,75.16,254691,-0.47,-0.28,-0.38
 2003/12/19,75.29,75.96,71.92,73.67,330919,-0.44,-0.31,-0.25
 2003/12/26,73.67,83.1,70.85,80.81,974380,0.16,-0.22,0.76
 2004/01/02,80.41,86.47,79.06,85.39,524306,0.99,0.02,1.94
 2004/01/09,85.8,95.9,85.66,89.97,1667010,2,0.42,3.16
 2004/01/16,89.57,101.82,89.16,99.8,1121659,3.55,1.04,5.01
 2004/01/30,100.21,104.79,98.46,98.59,442154,4.62,1.76,5.73
 2004/02/06,102.36,104.52,97.11,98.99,935881,5.45,2.5,5.9
 2004/02/13,98.99,109.63,98.86,105.73,1391326,6.57,3.31,6.51
 2004/02/20,106,110.71,103.98,106.27,871220,7.41,4.13,6.56
 2004/02/27,106,106.81,99.53,102.77,766321,7.71,4.85,5.73
 2004/03/05,103.04,107.48,100.88,103.04,583784,7.88,5.45,4.85
 2004/03/12,103.44,106.13,100.21,105.86,661535,8.15,5.99,4.31
 2004/03/19,105.86,108.42,103.3,105.86,708526,8.26,6.45,3.63
 2004/03/26,104.65,113.41,104.38,112.6,925928,8.8,6.92,3.76
 2004/04/02,112.6,123.51,109.9,118.79,918820,9.61,7.46,4.31
 2004/04/09,119.2,121.49,112.73,113.27,746971,9.7,7.9,3.59
 2004/04/16,112.6,115.83,106.54,112.19,572861,9.57,8.24,2.66
 2004/04/23,111.52,111.65,107.08,107.75,391631,9,8.39,1.23
 2004/04/30,107.48,112.46,93.2,96.44,933550,7.56,8.22,-1.33
 2004/05/14,96.17,97.24,91.18,95.22,285836,6.24,7.83,-3.17
 2004/05/21,94.55,98.73,92.8,96.03,369525,5.2,7.3,-4.2
 2004/05/28,96.57,97.24,90.51,95.16,471029,4.26,6.69,-4.87
 2004/06/04,95.56,97.18,93.14,94.35,299248,3.41,6.04,-5.26
 2004/06/11,94.35,94.75,90.91,92.33,327184,2.54,5.34,-5.59
 2004/06/18,91.52,94.35,84.45,86.07,345166,1.33,4.54,-6.41
 2004/06/25,86.07,90.91,85.66,88.09,223604,0.53,3.74,-6.41
 2004/07/02,88.09,96.97,87.28,96.57,502066,0.58,3.1,-5.05
 2004/07/09,97.58,100,94.75,96.17,318055,0.57,2.6,-4.05
 2004/07/16,96.17,103.64,93.54,102.43,467391,1.06,2.29,-2.46
 2004/07/23,102.43,103.64,94.95,97.98,448567,1.08,2.05,-1.94
 2004/07/30,97.98,103.04,95.56,101.62,415943,1.37,1.91,-1.09
 2004/08/06,101.22,104.65,96.97,100.61,309232,1.5,1.83,-0.66
 2004/08/13,100.61,105.06,100.61,104.65,423499,1.91,1.85,0.13
 2004/08/20,105.66,107.88,102.83,106.47,513806,2.35,1.95,0.81
 2004/08/27,106.47,107.68,91.32,92.33,744177,1.55,1.87,-0.64
 2004/09/03,91.72,96.57,89.1,94.35,390211,1.06,1.7,-1.3
 2004/09/10,94.35,94.95,88.09,90.91,230415,0.39,1.44,-2.11
 2004/09/17,90.91,104.65,89.3,104.45,669090,0.94,1.34,-0.81
 2004/09/24,105.26,107.88,98.99,102.23,1292192,1.18,1.31,-0.25
 2004/09/30,102.63,105.86,100.61,103.04,345519,1.42,1.33,0.18
 2004/10/08,103.04,106.67,100.21,105.86,117073,1.82,1.43,0.79
 2004/10/15,105.86,112.13,103.44,106.07,1525712,2.13,1.57,1.12
 2004/10/22,104.65,110.91,103.24,110.51,569753,2.7,1.8,1.81
 2004/10/29,111.32,111.72,93.54,94.55,1807124,1.85,1.81,0.08
 2004/11/05,94.55,96.97,91.72,93.94,709375,1.11,1.67,-1.12
 2004/11/12,93.94,99.8,91.92,97.58,400096,0.8,1.49,-1.38
 2004/11/19,98.59,98.79,95.16,97.58,276603,0.56,1.31,-1.5
 2004/11/26,97.58,99.4,96.77,97.58,244132,0.36,1.12,-1.52
 2004/12/03,96.97,97.98,94.55,96.17,144448,0.09,0.91,-1.65
 2004/12/10,97.58,97.58,92.33,95.56,311967,-0.18,0.69,-1.74
 2004/12/17,94.55,97.18,93.74,96.17,246531,-0.33,0.49,-1.64
 2004/12/24,96.37,96.77,92.93,95.96,234254,-0.47,0.3,-1.53
 2004/12/31,96.37,100.41,94.95,99.8,486352,-0.26,0.18,-0.89
 2005/01/07,98.99,106.67,97.98,104.25,640873,0.26,0.2,0.12
 2005/01/14,104.25,106.67,103.04,104.05,380891,0.65,0.29,0.71
 2005/01/21,103.24,108.49,101.22,107.68,438093,1.23,0.48,1.51
 2005/01/28,108.69,110.91,106.67,107.88,573658,1.69,0.72,1.95
 2005/02/04,107.68,117.18,106.47,116.57,756497,2.73,1.12,3.21
 2005/02/18,117.78,120.21,111.72,112.73,489279,3.2,1.54,3.33
 2005/02/25,113.14,117.58,110.51,112.93,810383,3.55,1.94,3.22
 2005/03/02,112.73,113.94,105.66,107.48,587245,3.35,2.22,2.26
 2005/03/11,109.1,113.74,108.49,109.7,888634,3.33,2.44,1.78
 2005/03/18,109.9,110.31,98.59,103.24,1020475,2.77,2.51,0.51
 2005/03/25,102.83,110.31,101.62,107.28,704967,2.61,2.53,0.16
 2005/04/01,107.28,110.71,103.04,108.49,506913,2.56,2.54,0.05
 2005/04/08,107.48,113.74,105.26,111.32,821931,2.71,2.57,0.28
 2005/04/15,111.12,114.15,108.09,111.52,611065,2.82,2.62,0.4
 2005/04/22,111.52,112.93,104.45,104.65,498278,2.32,2.56,-0.48
 2005/04/28,105.86,113.14,105.66,112.73,591112,2.55,2.56,-0.02
 2005/05/13,112.73,112.93,90.31,94.55,806088,1.25,2.3,-2.09
 2005/05/20,92.53,96.97,90.51,95.36,507725,0.28,1.89,-3.22
 2005/05/27,94.95,94.95,87.08,88.49,443193,-1.03,1.31,-4.68
 2005/06/03,88.49,88.89,78.79,83.24,487174,-2.46,0.56,-6.03
 2005/06/10,83.24,94.55,82.23,88.09,1160938,-3.17,-0.19,-5.96
 2005/06/17,88.09,91.52,87.48,88.89,618330,-3.62,-0.88,-5.5
 2005/06/24,88.89,92.33,87.88,91.32,657410,-3.75,-1.45,-4.59
 2005/07/01,93.54,96.87,91.42,92.63,1025060,-3.69,-1.9,-3.59
 2005/07/08,92.63,97.18,91.12,93.54,779338,-3.54,-2.23,-2.62
 2005/07/15,94.45,97.48,92.02,95.36,732867,-3.23,-2.43,-1.61
 2005/07/22,95.36,105.36,92.02,101.72,1594934,-2.45,-2.43,-0.03
 2005/07/29,101.72,113.24,100.81,112.93,2951071,-0.91,-2.13,2.44
 2005/08/05,114.15,119.6,106.57,119.3,3330632,0.81,-1.54,4.71
 2005/08/12,119.6,120.51,108.99,110.81,4070182,1.48,-0.93,4.83
 2005/08/19,110.21,113.54,105.06,106.87,3007261,1.67,-0.41,4.16
 2005/08/26,106.87,110.51,105.96,107.78,1216862,1.87,0.04,3.65
 2005/09/02,107.48,109.9,103.24,108.39,1332466,2.05,0.44,3.22
 2005/09/09,108.09,115.66,107.78,110.51,2362388,2.34,0.82,3.04
 2005/09/16,110.51,114.45,109.9,111.42,1347891,2.62,1.18,2.87
 2005/09/23,111.12,111.42,104.15,105.06,951052,2.29,1.4,1.78
 2005/09/30,104.75,106.57,103.84,105.36,575272,2.04,1.53,1.02
 2005/10/21,113.54,114.75,107.78,111.72,2263614,2.32,1.69,1.27
 2005/10/28,111.72,115.66,110.81,111.72,1520365,2.52,1.86,1.33
 2005/11/04,112.02,116.57,111.12,116.27,1772776,3.01,2.09,1.84
 2005/12/02,108.69,114.45,107.48,112.33,1053894,3.04,2.28,1.53
 2005/12/09,111.72,115.96,106.27,115.66,2357867,3.3,2.48,1.63
 2005/12/16,115.66,127.48,115.36,125.96,2565369,4.28,2.84,2.88
 2005/12/23,125.36,128.69,122.63,126.27,1547831,5.03,3.28,3.5
 2005/12/30,126.27,133.24,125.66,127.18,1263231,5.63,3.75,3.77
 2006/01/06,129.9,143.54,129.9,138.69,1238389,6.96,4.39,5.13
 2006/01/13,138.39,142.03,129.6,131.42,2167060,7.34,4.98,4.71
 2006/01/20,131.42,138.09,125.96,134.45,2297345,7.79,5.54,4.5
 2006/01/25,134.45,148.99,132.63,145.96,1511499,8.98,6.23,5.5
 2006/02/10,146.87,161.42,145.36,152.93,2350518,10.36,7.06,6.61
 2006/02/17,152.93,167.18,147.48,166.27,2384810,12.39,8.12,8.53
 2006/02/24,166.57,171.72,161.72,166.57,2325495,13.86,9.27,9.18
 2006/03/03,166.57,167.18,156.87,161.72,1688712,14.47,10.31,8.32
 2006/03/10,161.12,162.63,146.57,149.3,1237307,13.79,11.01,5.57
 2006/03/17,150.21,167.78,150.21,162.03,1502036,14.12,11.63,4.98
 2006/03/24,162.03,181.72,159.9,176.27,2400181,15.35,12.38,5.95
 2006/03/31,176.27,208.09,174.45,195.06,3461118,17.64,13.43,8.42
 2006/04/07,195.06,211.72,195.06,203.54,3072666,19.91,14.72,10.37
 2006/04/14,203.54,206.87,190.21,196.57,2666826,20.9,15.96,9.89
 2006/04/21,195.96,205.36,184.45,198.69,2987687,21.61,17.09,9.04
 2006/04/28,198.39,205.36,178.39,185.36,3765853,20.86,17.84,6.03
 2006/05/12,186.87,213.84,178.39,183.84,5681310,19.91,18.26,3.31
 2006/05/19,183.84,193.84,171.42,180.51,5434913,18.67,18.34,0.67
 2006/05/26,179,184.45,172.33,176.57,3263915,17.18,18.11,-1.86
 2006/06/02,177.78,184.45,163.24,167.48,2970544,15.09,17.5,-4.84
 2006/06/09,166.27,173.24,155.96,156.87,2878668,12.43,16.49,-8.12
 2006/06/16,155.96,165.66,152.33,165.36,1805841,10.88,15.37,-8.97
 2006/06/23,163.24,167.18,156.27,161.12,1924696,9.21,14.14,-9.86
 2006/06/30,161.72,170.81,157.18,167.78,2134629,8.32,12.97,-9.3
 2006/07/07,168.99,178.39,164.45,166.27,2057001,7.41,11.86,-8.9
 2006/07/14,167.48,186.87,165.36,184.45,3619317,8.07,11.1,-6.07
 2006/07/21,185.96,193.24,177.18,184.15,1498509,8.46,10.57,-4.22
 2006/07/28,181.42,185.96,173.84,176.87,1340250,8.1,10.08,-3.96
 2006/08/03,177.48,178.09,168.09,173.24,896267,7.43,9.55,-4.24
 2006/08/11,168.99,181.12,166.57,178.69,986084,7.25,9.09,-3.67
 2006/08/18,178.39,196.87,176.87,190.51,2656778,7.98,8.87,-1.78
 2006/08/25,182.63,197.18,181.72,195.06,1526220,8.82,8.86,-0.08
 2006/09/01,195.36,215.36,195.36,206.27,2738698,10.27,9.14,2.26
 2006/09/08,205.06,215.36,200.21,206.57,1505858,11.31,9.57,3.48
 2006/09/15,206.87,221.42,204.45,220.81,2254546,13.14,10.29,5.7
 2006/09/22,220.81,238.39,219.3,232.93,1504104,15.38,11.3,8.16
 2006/09/29,232.93,237.78,217.48,230.51,1702609,16.77,12.4,8.75
 2006/10/13,233.84,236.57,213.24,217.78,1965769,16.66,13.25,6.82
 2006/10/20,217.48,240.81,214.15,240.21,1794215,18.17,14.23,7.87
 2006/10/27,239.9,260.21,232.63,249.6,2016518,19.89,15.37,9.05
 2006/11/03,249.6,257.78,241.12,250.81,1650686,21.11,16.51,9.19
 2006/11/10,248.69,289.3,245.97,278.69,2687869,24.05,18.02,12.06
 2006/11/17,278.09,319.3,271.12,319.3,2917632,29.32,20.28,18.08
 2006/11/24,320.81,349.6,320.81,328.39,3244681,33.84,22.99,21.69
 2006/12/01,325.97,383.84,317.78,367.78,3243971,40.14,26.42,27.43
 2006/12/08,364.45,405.66,352.33,353.54,3506996,43.48,29.83,27.29
 2006/12/15,352.63,415.66,349.9,402.63,3358405,49.51,33.77,31.49
 2006/12/20,402.33,443.54,398.09,441.42,1993242,56.77,38.37,36.81
 2006/12/29,444.45,483.85,443.84,469,2566386,64.02,43.5,41.03
 2007/01/05,476.88,502.94,444.15,451.12,1312461,67.53,48.31,38.45
 2007/01/12,449,529,440.81,489,3310325,72.54,53.15,38.78
 2007/01/19,490.51,589.3,472.33,522.03,5412200,78.27,58.18,40.19
 2007/01/26,523.85,569.91,495.66,564.15,3548416,85.23,63.59,43.29
 2007/02/02,563.54,576.88,434.45,438.09,3979596,79.66,66.8,25.71
 2007/02/09,435.97,475.97,416.27,456.88,3145577,75.88,68.62,14.52
 2007/02/16,452.03,534.45,443.84,505.66,2543174,75.95,70.08,11.73
 2007/03/02,498.09,498.09,419.3,437.18,2985673,69.67,70,-0.66
 2007/03/09,435.97,489,428.69,473.84,2594874,66.89,69.38,-4.98
 2007/03/16,467.78,495.66,449,482.94,2927741,64.67,68.44,-7.54
 2007/03/23,464.75,531.42,458.69,492.94,3745358,62.99,67.35,-8.72
 2007/03/30,495.36,531.42,483.54,503.85,2684519,61.83,66.24,-8.83
 2007/04/06,502.03,546.57,501.72,529,3256983,62.22,65.44,-6.44
 2007/04/12,532.94,573.85,513.54,565.97,3185701,64.76,65.3,-1.08
 2007/04/20,568.09,604.45,516.27,544.45,4037388,64.3,65.1,-1.6
 2007/04/27,543.54,580.82,534.45,545.06,3184689,63.26,64.73,-2.95
 2007/04/30,542.94,554.15,540.51,549,603485,62.04,64.19,-4.32
 2007/05/11,567.18,684.45,564.75,679.6,4764166,70.79,65.51,10.55
 2007/05/18,676.88,776.57,658.69,760.21,5762928,83.27,69.06,28.41
 2007/05/25,727.48,871.57,721.57,838.39,7536813,98.33,74.92,46.83
 2007/06/01,842.03,904.3,803.85,832.94,9365625,108.58,81.65,53.86
 2007/06/08,835.21,877.03,682.94,848.85,8138345,116.64,88.65,55.99
 2007/06/15,851.57,909.76,823.85,873.85,6108174,123.62,95.64,55.96
 2007/06/22,894.3,980.21,878.39,899.3,6320247,129.71,102.46,54.51
 2007/06/29,900.67,937.48,857.94,874.76,3537590,131.05,108.18,45.75
 2007/07/06,869.3,928.39,824.76,886.57,2706138,131.55,112.85,37.39
 2007/07/12,888.39,995.67,888.39,972.03,3866941,137.25,117.73,39.04
 2007/07/20,973.85,1171.12,932.94,1171.12,4519566,156.04,125.39,61.3
 2007/07/27,1196.58,1277.49,1179.3,1246.58,4621991,175,135.31,79.38
 2007/08/03,1226.58,1582.94,1223.85,1542.03,4991636,211.43,150.54,121.79
 2007/08/10,1551.12,1618.4,1442.49,1540.21,6121247,237.42,167.91,139.01
 2007/08/17,1504.76,1573.85,1401.12,1407.94,4948936,244.52,183.24,122.57
 2007/08/23,1454.76,1632.94,1454.76,1587.03,3887190,261.59,198.91,125.36
 2007/08/31,1632.94,1682.49,1503.4,1542.03,2850397,268.39,212.8,111.17
 2007/09/07,1543.85,1603.85,1454.76,1459.3,5252741,264.06,223.05,82.01
 2007/09/13,1437.49,1502.49,1369.3,1457.03,3227155,257.47,229.94,55.07
 2007/09/21,1432.94,1482.94,1332.94,1364.76,4189614,242.02,232.35,19.33
 2007/09/28,1364.76,1473.85,1319.3,1378.39,3566583,228.24,231.53,-6.58
 2007/10/12,1413.85,1591.58,1382.94,1500.67,6855636,224.6,230.15,-11.09
 2007/10/19,1477.49,1505.21,1396.58,1437.49,3577585,214.15,226.95,-25.59
 2007/10/26,1396.58,1642.03,1392.03,1617.03,5085239,217.84,225.13,-14.57
 2007/11/02,1647.49,1859.31,1601.12,1780.67,3882750,231.31,226.36,9.89
 2007/11/09,1769.31,1780.67,1548.85,1596.58,2359490,224.54,226,-2.92
 2007/11/16,1563.85,1697.03,1528.85,1564.76,2687068,214.13,223.62,-18.98
 2007/11/23,1551.12,1568.4,1396.12,1437.49,1899429,193.39,217.58,-48.38
 2007/11/30,1464.76,1475.67,1339.3,1439.76,1625193,175.11,209.09,-67.94
 2007/12/07,1436.58,1568.85,1412.94,1529.31,1654828,165.95,200.46,-69.02
 2007/12/14,1483.4,1528.4,1299.3,1367.03,4318189,143.92,189.15,-90.45
 2007/12/21,1346.58,1346.58,1214.76,1292.03,3449663,119.05,175.13,-112.16
 2007/12/28,1302.03,1351.58,1242.49,1316.58,6601358,100.16,160.14,-119.95
 2008/01/04,1324.76,1351.12,1278.85,1334.76,3002650,85.67,145.24,-119.14
 2008/01/11,1337.94,1430.21,1337.94,1417.49,4603268,79.94,132.18,-104.48
 2008/01/18,1428.4,1455.21,1233.39,1271.12,4270548,62.87,118.32,-110.91
 2008/01/25,1271.58,1273.85,1069.3,1232.94,4404361,45.73,103.8,-116.15
 2008/02/01,1230.67,1251.58,1141.12,1232.94,3007480,31.78,89.4,-115.24
 2008/02/05,1267.03,1342.03,1257.94,1287.94,1552675,24.87,76.49,-103.24
 2008/02/15,1272.94,1278.39,1188.39,1208.39,763631,12.83,63.76,-101.85
 2008/02/22,1227.49,1267.03,1089.76,1096.12,2336964,-5.7,49.87,-111.14
 2008/02/29,1099.3,1118.85,999.3,1062.48,2418585,-22.84,35.33,-116.33
 2008/03/07,1056.12,1091.58,950.21,1064.76,3466074,-35.83,21.1,-113.85
 2008/03/14,1060.21,1060.21,919.3,957.94,2100629,-54.11,6.05,-120.34
 2008/03/21,960.21,1185.21,937.48,1115.67,5538618,-55.24,-6.21,-98.07
 2008/03/28,1136.58,1217.49,1005.67,1217.49,6143613,-47.38,-14.44,-65.87
 2008/04/03,1173.85,1209.3,1068.85,1132.94,3915160,-47.42,-21.04,-52.76
 2008/04/11,1114.3,1237.49,1097.94,1163.39,3995877,-44.48,-25.72,-37.51
 2008/04/18,1128.85,1142.03,905.67,928.39,4443994,-60.42,-32.66,-55.51
 2008/04/25,1010.21,1114.3,839.76,1088.39,4296416,-59.45,-38.02,-42.86
 2008/04/30,1067.03,1137.48,1027.94,1113.39,2564129,-56.02,-41.62,-28.81
 2008/05/09,1123.85,1151.12,975.21,1000.21,4449379,-61.73,-45.64,-32.17
 2008/05/16,973.85,1050.67,935.21,990.21,3466243,-66.29,-49.77,-33.04
 2008/05/23,982.94,982.94,869.3,889.76,3896724,-77.13,-55.24,-43.76
 2008/05/30,878.85,930.21,855.67,903.39,2950675,-83.65,-60.92,-45.45
 2008/06/06,892.48,940.67,872.94,899.76,2234047,-88.09,-66.36,-43.47
 2008/06/13,863.85,863.85,749.76,755.66,2642994,-102.07,-73.5,-57.13
 2008/06/20,751.3,791.3,645.12,690.21,4965098,-117.07,-82.21,-69.72
 2008/06/27,675.66,741.85,656.03,667.66,5187976,-129.29,-91.63,-75.33
 2008/07/04,659.66,675.66,593.48,655.3,4851762,-138.38,-100.98,-74.8
 2008/07/11,641.48,765.12,635.66,701.12,7559230,-140.27,-108.84,-62.86
 2008/07/18,697.48,707.66,602.94,637.85,5713953,-145.2,-116.11,-58.18
 2008/07/25,635.66,697.48,624.75,675.66,5999719,-144.39,-121.77,-45.25
 2008/08/01,681.48,704.03,608.75,639.3,4486141,-145.01,-126.42,-37.19
 2008/08/08,632.03,635.66,556.39,557.85,4337521,-150.34,-131.2,-38.28
 2008/08/15,555.66,557.85,511.3,529.48,2743561,-155.07,-135.97,-38.19
 2008/08/22,530.21,555.66,488.75,509.85,2815443,-158.57,-140.49,-36.15
 2008/08/29,510.57,536.75,495.3,525.12,2929545,-158.29,-144.05,-28.47
 2008/09/05,518.57,519.3,469.84,472.75,1922133,-160.44,-147.33,-26.22
 2008/09/12,472.03,474.21,407.3,419.66,3189391,-164.53,-150.77,-27.53
 2008/09/19,424.03,432.03,359.3,424.03,3929008,-165.52,-153.72,-23.6
 2008/09/26,461.12,485.12,384.75,485.12,10047055,-159.53,-154.88,-9.3
 2008/10/10,468.39,504.75,436.39,440.03,8554058,-156.62,-155.23,-2.77
 2008/10/17,440.03,522.94,416.03,501.12,10612197,-147.68,-153.72,12.08
 2008/10/24,504.75,533.85,468.39,485.12,9838596,-140.26,-151.03,21.53
 2008/10/31,468.39,470.57,395.66,437.84,8092637,-136.63,-148.15,23.03
 2008/11/07,433.48,449.48,402.94,424.75,3898529,-133.27,-145.17,23.8
 2008/11/14,434.21,520.75,434.21,513.48,10971408,-122.04,-140.55,37.01
 2008/11/21,504.75,531.66,437.84,513.48,18923468,-111.85,-134.81,45.91
 2008/11/28,500.39,554.21,474.94,506.21,14212648,-103.18,-128.48,50.61
 2008/12/05,506.21,565.12,498.94,559.3,9938616,-90.97,-120.98,60.02
 2008/12/12,565.12,595.66,535.3,541.85,9261174,-81.76,-113.14,62.75
 2008/12/19,549.85,580.39,519.3,571.66,8231437,-71.23,-104.75,67.04
 2008/12/26,570.94,570.94,481.48,485.12,6881922,-69.08,-97.62,57.08
 2008/12/31,480.03,493.85,465.48,479.3,2747229,-67.07,-91.51,48.89
 2009/01/09,488.75,523.66,481.48,511.3,4452184,-62.17,-85.64,46.94
 2009/01/16,506.21,527.3,486.57,513.48,4862812,-57.46,-80,45.09
 2009/01/23,518.57,537.48,504.75,522.21,4677887,-52.41,-74.49,44.15
 2009/02/06,525.85,581.12,501.12,578.94,12884038,-43.34,-68.26,49.84
 2009/02/13,585.48,635.66,570.21,632.03,14859521,-31.5,-60.9,58.82
 2009/02/20,635.66,639.3,555.66,573.12,11379227,-26.56,-54.03,54.95
 2009/02/27,581.12,627.66,516.39,530.21,11040603,-25.81,-48.39,45.16
 2009/03/06,530.21,608.75,522.94,597.85,9164417,-19.54,-42.62,46.16
 2009/03/13,602.94,626.21,552.03,570.94,6915603,-16.55,-37.4,41.72
 2009/03/20,568.03,624.75,563.66,601.48,10639841,-11.58,-32.24,41.33
 2009/03/27,602.94,645.12,593.48,616.03,11303781,-6.39,-27.07,41.36
 2009/04/03,618.21,661.12,593.48,640.75,11967270,-0.28,-21.71,42.86
 2009/04/09,641.48,648.75,599.3,620.39,4475680,2.88,-16.79,39.35
 2009/04/17,635.66,654.57,615.3,623.3,11595303,5.56,-12.32,35.77
 2009/04/24,621.85,634.21,594.94,597.85,8121636,5.57,-8.75,28.62
 2009/04/30,597.85,637.12,586.21,626.94,5496165,7.83,-5.43,26.51
 2009/05/08,628.39,737.48,623.3,725.85,13636400,17.4,-0.86,36.53
 2009/05/15,744.76,786.94,714.94,767.3,11414005,28.01,4.91,46.19
 2009/05/22,755.66,775.3,703.3,712.03,7542743,31.59,10.25,42.69
 2009/05/27,696.03,734.57,690.21,718.57,4595142,34.56,15.11,38.9
 2009/06/05,736.76,815.3,736.76,787.66,8806978,42,20.49,43.03
 2009/06/12,785.48,851.66,785.48,810.94,7331349,49.21,26.23,45.96
 2009/06/19,809.48,923.67,784.03,914.94,10059248,62.6,33.51,58.18
 2009/06/26,922.21,951.3,882.94,930.21,8551464,73.59,41.52,64.13
 2009/07/03,930.94,1060.39,921.48,1052.39,8028605,91.11,51.44,79.34
 2009/07/10,1062.58,1100.39,1004.39,1051.67,10828644,103.74,61.9,83.68
 2009/07/17,1051.67,1078.58,1024.76,1037.12,9561911,111.29,71.78,79.03
 2009/07/24,1031.3,1081.48,1002.21,1048.03,14540955,116.81,80.78,72.05
 2009/07/31,1048.76,1069.12,909.12,985.48,14776272,114.81,87.59,54.45
 2009/08/07,987.67,1002.94,928.76,941.12,10965942,108.4,91.75,33.3
 2009/08/14,945.48,968.03,885.12,942.57,9004224,102.26,93.85,16.81
 2009/08/21,933.12,935.3,787.66,838.57,9239480,87.99,92.68,-9.39
 2009/08/28,843.67,850.21,752.03,757.85,8000811,69.36,88.02,-37.31
 2009/09/04,748.39,841.48,683.66,826.21,12597870,59.43,82.3,-45.74
 2009/09/11,829.85,864.76,804.39,854.57,8457716,53.23,76.49,-46.5
 2009/09/18,864.76,908.39,817.48,840.03,7789130,46.61,70.51,-47.79
 2009/09/25,828.39,846.57,754.21,787.66,6153606,36.72,63.75,-54.07
 2009/09/30,789.85,798.57,755.66,771.66,2207410,27.27,56.46,-58.37
 2009/10/09,788.39,813.85,776.76,810.94,1062542,22.69,49.7,-54.02
 2009/10/16,812.39,872.03,795.66,853.85,5734285,22.27,44.22,-43.9
 2009/10/23,854.57,942.57,854.57,920.76,8910230,27.02,40.78,-27.51
 2009/10/30,924.39,936.76,842.94,850.94,6018511,24.87,37.6,-25.46
 2009/11/06,827.66,900.39,821.85,893.85,8682502,26.32,35.34,-18.04
 2009/11/13,893.85,907.67,856.03,872.76,7453552,25.47,33.37,-15.79
 2009/11/20,878.57,914.21,877.12,905.48,8785257,27.13,32.12,-9.98
 2009/11/27,904.76,921.48,824.76,833.48,12772798,22.38,30.17,-15.59
 2009/12/04,838.57,884.39,825.48,884.39,9444853,22.46,28.63,-12.34
 2009/12/11,888.76,928.76,869.12,871.3,9659173,21.22,27.15,-11.85
 2009/12/18,871.3,877.85,777.48,784.03,8534427,13.05,24.33,-22.56
 2009/12/25,779.66,800.76,754.21,775.3,6090699,5.8,20.62,-29.64
 2009/12/31,773.85,802.94,765.85,800.03,5103707,2.03,16.9,-29.75
 2010/01/08,802.94,804.39,754.94,766.57,6414801,-3.62,12.8,-32.83
 2010/01/15,778.94,784.76,733.12,751.3,7498281,-9.22,8.4,-35.23
 2010/01/22,751.3,754.94,704.76,708.39,6226941,-16.92,3.33,-40.51
 2010/01/29,706.21,715.66,681.48,693.12,4244202,-23.99,-2.13,-43.71
 2010/02/05,690.21,708.39,674.94,682.94,4068264,-30.06,-7.72,-44.69
 2010/02/12,682.21,695.3,670.57,695.3,2388865,-33.49,-12.87,-41.24
 2010/02/26,689.48,706.21,672.03,699.66,2970605,-35.45,-17.39,-36.12
 2010/03/05,699.66,718.57,690.21,694.57,4251355,-36.98,-21.31,-31.35
 2010/03/12,694.57,719.3,688.76,694.57,3480811,-37.76,-24.6,-26.33
 2010/03/19,693.85,719.3,682.21,713.48,3091505,-36.44,-26.97,-18.94
 2010/03/26,714.21,717.12,677.12,690.21,2241949,-36.84,-28.94,-15.8
 2010/04/02,692.39,730.21,691.66,724.39,4851721,-34.01,-29.95,-8.11
 2010/04/09,726.57,728.76,690.21,696.76,3786064,-33.61,-30.68,-5.84
 2010/04/16,698.21,700.39,664.76,671.3,4949272,-34.94,-31.54,-6.81
 2010/04/23,661.12,661.12,582.57,590.57,6034650,-42.03,-33.63,-16.78
 2010/04/30,592.03,594.21,566.57,581.12,3330857,-47.85,-36.48,-22.75
 2010/05/07,569.48,573.85,522.94,538.94,2900108,-55.24,-40.23,-30.02
 2010/05/14,538.94,555.66,535.3,545.48,2868266,-59.87,-44.16,-31.43
 2010/05/21,541.12,560.03,515.66,556.39,4238018,-61.95,-47.72,-28.47
 2010/05/28,559.3,587.66,546.21,559.3,4021957,-62.64,-50.7,-23.88
 2010/06/04,557.12,563.66,533.85,548.39,2030347,-63.34,-53.23,-20.22
 2010/06/11,538.94,551.3,532.39,537.48,2326644,-64.03,-55.39,-17.29
 2010/06/18,540.39,544.75,531.66,533.12,960868,-64.19,-57.15,-14.09
 2010/06/25,537.48,556.39,532.39,538.94,2710297,-63.13,-58.35,-9.56
 2010/07/02,538.94,541.12,502.57,522.94,2514096,-62.85,-59.25,-7.2
 2010/07/09,517.12,552.03,513.48,545.48,2446198,-60.11,-59.42,-1.39
 2010/07/16,546.94,583.3,541.85,573.12,5147714,-55.08,-58.55,6.94
 2010/07/23,567.3,607.3,567.3,600.75,4441431,-48.31,-56.5,16.39
 2010/07/30,600.75,628.39,592.75,621.85,3489070,-40.77,-53.35,25.18
 2010/08/06,621.12,640.75,584.75,600.75,4740026,-36.08,-49.9,27.65
 2010/08/13,596.39,663.3,578.94,661.85,6493299,-27.12,-45.34,36.45
 2010/08/20,658.21,674.94,646.57,648.03,5094758,-20.89,-40.45,39.12
 2010/08/27,645.85,667.66,629.12,632.75,3970319,-16.99,-35.76,37.53
 2010/09/03,636.39,654.57,616.75,637.12,3576411,-13.4,-31.29,35.78
 2010/09/10,641.48,666.21,603.66,612.39,3691501,-12.4,-27.51,30.22
 2010/09/17,613.12,638.57,599.3,606.57,3033666,-11.94,-24.4,24.91
 2010/09/21,607.3,618.21,601.48,611.66,843978,-11.04,-21.73,21.37
 2010/09/30,609.48,629.85,574.57,629.85,4406898,-8.76,-19.13,20.75
 2010/10/08,622.57,643.66,611.66,632.75,1650479,-6.64,-16.63,19.99
 2010/10/15,629.12,722.94,627.66,713.48,9121135,1.54,-13,29.07
 2010/10/22,709.85,744.76,644.39,665.48,9115123,4.1,-9.58,27.35
 2010/10/29,672.03,749.12,661.85,724.39,8426218,10.75,-5.51,32.54
 2010/11/05,721.48,746.21,703.3,727.3,6495819,16.08,-1.19,34.55
 2010/11/12,730.21,752.76,636.39,639.3,9629839,13.05,1.65,22.79
 2010/11/19,644.39,647.3,600.75,618.21,4985327,8.84,3.09,11.5
 2010/11/26,613.12,635.66,592.75,617.48,4956069,5.39,3.55,3.68
 2010/12/03,616.03,643.66,597.12,636.39,3473117,4.13,3.67,0.93
 2010/12/10,637.85,650.94,606.57,608.03,4086071,0.84,3.1,-4.53
 2010/12/17,615.3,644.39,610.21,629.85,3351925,-0.01,2.48,-4.99
 2010/12/24,633.48,705.48,616.03,674.21,7837469,2.86,2.55,0.61
 2010/12/31,674.94,685.12,603.66,616.75,4711165,0.49,2.14,-3.3
 2011/01/07,620.39,688.03,617.48,665.48,5382822,2.52,2.22,0.6
 2011/01/14,673.48,698.21,647.3,677.12,5466276,5.01,2.78,4.46
 2011/01/21,668.39,674.94,610.21,628.39,4514967,3.01,2.82,0.38
 2011/01/28,629.12,648.03,597.12,619.66,4740600,0.72,2.4,-3.36
 2011/02/01,618.94,619.66,609.48,613.85,1804561,-1.55,1.61,-6.32
 2011/02/11,606.57,626.21,599.3,619.66,3355904,-2.85,0.72,-7.13
 2011/02/18,618.94,651.66,616.75,626.21,6160663,-3.31,-0.08,-6.44
 2011/02/25,621.12,630.57,605.85,610.21,4295488,-4.91,-1.05,-7.71
 2011/03/04,610.21,631.3,604.39,625.48,4872226,-4.88,-1.82,-6.14
 2011/03/11,629.12,646.57,621.12,624.75,5692689,-4.87,-2.43,-4.89
 2011/03/18,621.12,626.21,608.03,615.3,3125971,-5.56,-3.05,-5.01
 2011/03/25,615.3,658.94,613.85,653.12,5584857,-3.02,-3.05,0.06
 2011/04/01,654.57,668.39,637.12,660.39,3913643,-0.41,-2.52,4.22
 2011/04/07,657.48,693.85,653.85,684.39,2352933,3.55,-1.31,9.71
 2011/04/15,682.94,687.3,650.94,666.21,3178395,5.16,-0.01,10.35
 2011/04/22,663.3,672.76,638.57,640.75,2944279,4.34,0.86,6.96
 2011/04/29,637.85,644.39,622.57,635.66,2121541,3.23,1.33,3.8
 2011/05/06,634.94,637.85,618.21,622.57,1721458,1.29,1.32,-0.07
 2011/05/13,623.3,630.57,613.85,623.3,2050669,-0.19,1.02,-2.43
 2011/05/20,619.66,634.21,616.03,618.21,1811832,-1.76,0.46,-4.44
 2011/05/27,616.03,620.39,589.85,600.75,2027515,-4.36,-0.5,-7.71
 2011/06/03,599.3,600.75,579.66,592.75,1650705,-6.98,-1.8,-10.37
 2011/06/10,591.3,618.21,589.12,608.03,1676591,-7.74,-2.98,-9.51
 2011/06/17,604.39,636.39,595.66,611.66,2368219,-7.95,-3.98,-7.95
 2011/06/24,613.12,644.39,612.39,635.66,2715986,-6.12,-4.41,-3.42
 2011/07/01,636.39,666.94,618.94,657.48,3560805,-2.87,-4.1,2.46
 2011/07/08,661.12,682.21,648.03,667.66,4269201,0.52,-3.17,7.39
 2011/07/15,662.57,664.76,628.39,639.3,2630897,0.91,-2.36,6.53
 2011/07/22,636.39,648.03,625.48,638.57,2250047,1.15,-1.66,5.6
 2011/07/29,630.57,633.48,608.75,618.94,1563644,-0.25,-1.37,2.25
 2011/08/05,618.94,636.39,616.03,621.12,1245809,-1.16,-1.33,0.34
 2011/08/12,618.21,657.48,603.66,639.3,3475628,-0.42,-1.15,1.46
 2011/08/19,639.3,648.03,610.21,618.21,2185963,-1.51,-1.22,-0.58
 2011/08/26,616.75,641.48,611.66,635.66,1451753,-0.96,-1.17,0.42
 2011/09/02,629.85,634.21,610.94,615.3,1314230,-2.14,-1.36,-1.55
 2011/09/09,613.85,622.57,604.39,613.85,1525018,-3.16,-1.72,-2.87
 2011/09/16,608.75,620.39,605.85,612.39,1094300,-4.03,-2.18,-3.7
 2011/09/23,608.03,609.48,555.66,564.39,2916571,-8.5,-3.45,-10.11
 2011/09/30,559.3,566.57,526.57,552.75,2109928,-12.84,-5.32,-15.02
 2011/10/14,552.03,573.12,531.66,560.75,2162412,-15.45,-7.35,-16.19
 2011/10/21,561.48,568.75,528.03,533.85,1351469,-19.46,-9.77,-19.38
 2011/10/28,533.85,628.39,530.94,601.48,3679646,-16.99,-11.22,-11.55
 2011/11/04,597.12,611.66,579.66,596.39,2583512,-15.27,-12.03,-6.48
 2011/11/11,592.03,597.85,568.03,573.12,1924241,-15.6,-12.74,-5.72
 2011/11/18,575.3,584.03,534.57,541.85,2155927,-18.18,-13.83,-8.7
 2011/11/25,541.85,558.57,536.03,542.57,1397748,-19.93,-15.05,-9.76
 2011/12/02,544.03,579.66,536.03,562.94,2515870,-19.45,-15.93,-7.05
 2011/12/09,560.75,581.12,549.85,574.57,1733363,-17.93,-16.33,-3.2
 2011/12/16,564.39,575.3,538.94,566.57,1969259,-17.17,-16.5,-1.34
 2011/12/23,562.21,588.39,552.75,576.03,2364303,-15.62,-16.32,1.4
 2011/12/30,571.66,584.75,546.21,569.48,1632194,-14.76,-16.01,2.5
 2012/01/06,569.48,582.57,539.66,546.94,1545215,-15.71,-15.95,0.48
 2012/01/13,546.94,586.94,541.12,568.75,3359051,-14.53,-15.67,2.26
 2012/01/20,564.39,605.12,551.3,600.75,3469447,-10.9,-14.71,7.63
 2012/02/03,597.12,599.3,570.94,592.75,2958232,-8.56,-13.48,9.84
 2012/02/10,591.3,610.21,562.94,597.12,5196927,-6.28,-12.04,11.52
 2012/02/17,576.03,598.57,566.57,592.75,3176176,-4.78,-10.59,11.62
 2012/02/24,602.21,651.66,592.03,645.12,4247463,0.64,-8.34,17.96
 2012/03/02,644.39,660.39,622.57,653.85,4291863,5.57,-5.56,22.26
 2012/03/09,659.66,669.85,631.3,651.66,2780023,9.19,-2.61,23.6
 2012/03/16,646.57,653.12,612.39,627.66,3395177,10.01,-0.09,20.19
 2012/03/23,624.03,632.75,615.3,616.75,1625517,9.67,1.86,15.61
 2012/03/30,615.3,637.12,602.94,628.39,2217985,10.22,3.53,13.37
 2012/04/06,624.03,645.12,623.3,635.66,1035891,11.11,5.05,12.13
 2012/04/13,631.3,663.3,621.85,650.21,2515962,12.85,6.61,12.48
 2012/04/20,645.12,657.48,632.03,654.57,2160132,14.41,8.17,12.48
 2012/04/27,653.12,686.57,644.39,679.3,2934684,17.44,10.02,14.83
 2012/05/04,682.94,701.85,672.03,696.76,2573584,21.01,12.22,17.58
 2012/05/10,689.48,695.3,669.85,675.66,2263422,21.88,14.15,15.46
 2012/05/18,676.39,686.57,648.03,650.21,2152486,20.29,15.38,9.82
 2012/05/25,651.66,692.39,648.75,669.85,1862820,20.37,16.38,7.99
 2012/06/01,666.21,716.39,663.3,691.66,2569096,21.95,17.49,8.91
 2012/06/08,685.85,696.76,669.12,674.94,2577310,21.6,18.31,6.57
 2012/06/15,679.3,712.76,675.66,688.76,3607587,22.18,19.09,6.19
 2012/06/21,690.21,695.3,678.57,682.94,1469247,21.92,19.65,4.53
 2012/06/29,678.57,687.3,650.94,674.21,2473416,20.77,19.88,1.78
 2012/07/06,676.39,737.48,673.48,737.48,3482898,24.68,20.84,7.68
 2012/07/13,730.94,755.66,711.3,752.76,3795763,28.68,22.41,12.55
 2012/07/20,752.03,759.3,704.03,712.03,2811048,28.24,23.57,9.33
 2012/07/27,704.76,725.12,671.3,688.76,1892677,25.71,24,3.42
 2012/08/03,691.66,722.21,653.85,668.39,2604710,21.82,23.56,-3.49
 2012/08/10,664.76,696.76,655.3,674.94,2410074,19.04,22.66,-7.24
 2012/08/17,672.76,672.76,640.75,661.85,2593291,15.6,21.25,-11.29
 2012/08/24,653.85,661.12,616.03,626.21,2997066,9.89,18.97,-18.18
 2012/08/31,624.75,632.75,608.75,618.94,1574803,4.72,16.12,-22.81
 2012/09/07,619.66,681.48,618.21,661.12,2748739,3.98,13.69,-19.43
 2012/09/14,662.57,669.12,636.39,642.21,2367068,1.84,11.32,-18.96
 2012/09/21,639.3,643.66,600.03,603.66,2583751,-2.92,8.47,-22.8
 2012/09/28,602.94,650.21,588.39,648.75,2474339,-3.03,6.17,-18.4
 2012/10/12,644.39,651.66,624.03,634.94,2034171,-4.18,4.1,-16.56
 2012/10/19,636.39,653.85,625.48,648.03,2101578,-3.99,2.49,-12.94
 2012/10/26,645.12,658.94,626.94,632.03,2387969,-5.07,0.98,-12.08
 2012/11/02,631.3,668.39,623.3,664.76,3437764,-3.25,0.13,-6.75
 2012/11/09,664.76,670.57,644.39,645.12,1930354,-3.35,-0.56,-5.57
 2012/11/16,645.12,658.94,624.03,633.48,1847237,-4.32,-1.32,-6.01
 2012/11/23,632.75,654.57,622.57,650.21,1512466,-3.7,-1.79,-3.81
 2012/11/30,648.75,684.39,640.75,672.03,2174833,-1.42,-1.72,0.59
 2012/12/07,672.03,719.3,662.57,704.76,4291645,2.98,-0.78,7.52
 2012/12/14,709.12,743.3,694.57,741.12,3708931,9.3,1.24,16.13
 2012/12/21,739.66,755.66,690.94,721.48,5121706,12.58,3.51,18.15
 2012/12/25,722.94,781.85,721.48,771.66,2139675,19.01,6.61,24.8
 2013/01/25,845.12,924.39,845.12,886.57,9230720,32.99,11.88,42.22
 2013/02/01,882.94,962.94,881.48,905.48,7217078,45.08,18.52,53.12
 2013/02/08,896.03,946.21,872.76,910.57,5475098,54.45,25.71,57.48
 2013/02/22,917.85,924.39,837.85,858.94,4881503,57.05,31.98,50.14
 2013/03/01,859.67,921.48,816.03,911.3,4898077,62.61,38.1,49.01
 2013/03/08,838.57,866.94,799.3,832.76,8605105,59.99,42.48,35.02
 2013/03/15,828.39,868.39,786.94,797.85,4045786,54.47,44.88,19.18
 2013/03/22,794.21,866.21,794.21,835.67,3874889,52.54,46.41,12.25
 2013/03/29,839.3,877.12,799.3,818.21,3645863,49.03,46.93,4.2
 2013/04/03,823.3,868.39,823.3,850.21,2122972,48.28,47.2,2.16
 2013/04/12,826.94,861.12,806.57,829.85,2822638,45.52,46.87,-2.7
 2013/04/19,834.21,903.3,817.48,901.85,4480060,48.58,47.21,2.74
 2013/04/26,904.03,908.39,829.12,837.85,4493206,45.32,46.83,-3.03
 2013/05/03,826.94,886.57,825.48,864.03,1737603,44.33,46.33,-3.99
 2013/05/10,864.03,911.3,853.12,890.21,3320923,45.15,46.09,-1.89
 2013/05/17,891.67,936.03,850.94,933.12,3505919,48.69,46.61,4.16
 2013/05/24,936.03,955.67,901.12,914.94,4529139,49.46,47.18,4.56
 2013/05/31,909.85,965.85,898.21,920.03,3574224,49.91,47.73,4.37
 2013/06/07,922.21,936.03,853.12,864.03,3293250,45.23,47.23,-4
 2013/06/14,848.76,848.76,808.76,826.21,1437526,38.02,45.39,-14.73
 2013/06/21,829.12,830.57,746.94,768.76,4567073,27.36,41.78,-28.84
 2013/06/28,767.3,776.03,658.21,765.12,8520825,18.41,37.11,-37.4
 2013/07/05,757.12,826.94,719.3,790.57,6122762,13.22,32.33,-38.23
 2013/07/12,780.39,849.48,745.48,805.12,5503433,10.16,27.89,-35.48
 2013/07/19,808.76,830.57,739.66,744.03,4790026,2.77,22.87,-40.2
 2013/07/26,738.21,767.3,724.39,728.76,4275827,-4.27,17.44,-43.42
 2013/08/02,723.66,794.94,698.21,774.57,5941752,-6.08,12.74,-37.63
 2013/08/09,768.76,800.76,746.94,757.85,4852237,-8.76,8.44,-34.4
 2013/08/16,759.3,812.39,759.3,768.03,5559689,-9.95,4.76,-29.42
 2013/08/23,762.21,779.66,729.48,744.03,4001477,-12.68,1.27,-27.91
 2013/08/30,744.76,757.12,729.48,736.76,3789249,-15.26,-2.03,-26.45
 2013/09/06,739.66,768.76,715.66,743.3,5282599,-16.58,-4.94,-23.28
 2013/09/13,744.76,808.76,741.85,786.21,6828574,-14.01,-6.76,-14.5
 2013/09/18,791.3,796.39,744.03,749.12,2699247,-14.79,-8.36,-12.85
 2013/09/27,752.76,754.94,699.66,707.66,5234741,-18.54,-10.4,-16.28
 2013/09/30,709.12,716.39,705.48,712.76,633756,-20.86,-12.49,-16.74
 2013/10/11,711.3,746.94,704.03,735.3,3926579,-20.64,-14.12,-13.04
 2013/10/18,734.57,734.57,704.76,715.66,3400151,-21.81,-15.66,-12.29
 2013/10/25,716.39,720.03,691.66,696.03,3273172,-24.03,-17.33,-13.4
 2013/11/01,699.66,750.57,679.3,731.66,5232829,-22.66,-18.4,-8.52
 2013/11/08,738.21,738.94,692.39,693.85,2429132,-24.34,-19.59,-9.51
 2013/11/15,693.85,704.03,666.21,696.76,2911908,-25.15,-20.7,-8.91
 2013/11/22,697.48,718.57,680.03,681.48,3892874,-26.72,-21.91,-9.63
 2013/11/29,674.21,691.66,665.48,685.85,4004068,-27.29,-22.98,-8.62
 2013/12/06,681.48,692.39,666.21,679.3,3461599,-27.96,-23.98,-7.96
 2013/12/13,680.76,684.39,666.21,669.85,2312686,-28.91,-24.96,-7.89
 2013/12/20,671.3,673.48,619.66,619.66,3113007,-33.33,-26.64,-13.39
 2013/12/27,620.39,637.85,609.48,632.75,2900744,-35.37,-28.38,-13.97
 2014/01/03,634.21,635.66,611.66,618.94,2495985,-37.67,-30.24,-14.85
 2014/01/10,617.48,618.94,582.57,585.48,3712207,-41.71,-32.53,-18.35
 2014/01/17,586.21,588.39,562.21,563.66,3581547,-46.14,-35.25,-21.76
 2014/01/24,562.21,625.48,560.75,615.3,4182186,-44.96,-37.2,-15.53
 2014/01/30,608.75,615.3,584.03,585.48,2030834,-45.91,-38.94,-13.94
 2014/02/07,582.57,587.66,575.3,587.66,498530,-45.95,-40.34,-11.22
 2014/02/14,590.57,602.94,579.66,584.75,4780917,-45.7,-41.41,-8.57
 2014/02/21,586.94,592.75,565.12,569.48,4504113,-46.19,-42.37,-7.65
 2014/02/28,557.85,558.57,522.94,537.48,5615024,-48.61,-43.62,-9.98
 2014/03/07,533.85,591.3,525.85,577.48,7854006,-46.76,-44.24,-5.02
 2014/03/14,573.85,619.66,560.75,596.39,7941853,-43.26,-44.05,1.57
 2014/03/21,601.48,636.39,575.3,631.3,7455386,-37.25,-42.69,10.88
 2014/03/28,631.3,648.03,610.94,639.3,5243684,-31.47,-40.44,17.94
 2014/04/04,642.21,659.66,627.66,638.57,4120003,-26.65,-37.69,22.07
 2014/04/11,634.21,647.3,617.48,626.94,4268684,-23.49,-34.85,22.71
 2014/04/18,626.94,631.3,602.94,614.57,2866389,-21.74,-32.23,20.97
 2014/04/25,609.48,638.57,602.94,626.21,3685533,-19.19,-29.62,20.86
 2014/04/30,629.12,642.21,606.57,623.3,2035024,-17.2,-27.13,19.86
 2014/05/09,619.66,629.85,594.94,606.57,2949785,-16.79,-25.07,16.56
 2014/05/16,608.03,648.03,601.48,638.57,3767531,-13.72,-22.8,18.16
 2014/05/23,635.66,674.94,625.48,671.3,4083653,-8.54,-19.95,22.8
 2014/05/30,674.94,714.94,664.76,700.39,5694211,-2.07,-16.37,28.59
 2014/06/06,697.48,706.21,666.94,678.57,2930073,1.28,-12.84,28.24
 2014/06/13,672.76,701.12,669.12,691.66,3538057,4.94,-9.29,28.44
 2014/06/20,690.21,690.94,658.21,669.85,2727764,6,-6.23,24.46
 2014/06/27,669.85,688.03,657.48,683.66,2259980,7.87,-3.41,22.56
 2014/07/04,683.66,696.76,664.03,694.57,3055665,10.12,-0.7,21.64
 2014/07/11,696.76,728.76,693.12,719.3,4067063,13.74,2.19,23.1
 2014/07/18,717.85,734.57,694.57,725.12,3352020,16.88,5.12,23.51
 2014/07/25,725.85,797.85,724.39,792.03,4454639,24.49,9,30.98
 2014/08/01,792.03,812.39,768.76,786.94,5745203,29.76,13.15,33.22
 2014/08/08,787.66,803.66,754.94,765.12,4065015,31.81,16.88,29.86
 2014/08/15,765.12,782.57,758.57,762.21,2795450,32.83,20.07,25.51
 2014/08/22,762.94,768.03,734.57,758.57,3660134,32.96,22.65,20.62
 2014/08/29,757.12,757.12,733.85,741.85,2041687,31.35,24.39,13.92
 2014/09/05,741.85,795.66,740.39,793.48,4242156,33.85,26.28,15.14
 2014/09/12,793.48,793.48,757.85,765.12,2414319,33.16,27.66,11.01
 2014/09/19,759.3,759.3,745.48,753.48,3736638,31.32,28.39,5.86
 2014/09/26,752.03,770.94,746.94,757.12,3778554,29.8,28.67,2.26
 2014/09/30,757.12,757.12,744.03,746.21,1392959,27.41,28.42,-2.02
 2014/10/10,772.39,784.76,758.57,774.57,3450940,27.48,28.23,-1.5
 2014/10/17,774.57,791.3,752.03,758.57,3291677,25.95,27.78,-3.65
 2014/10/24,762.21,766.57,736.03,739.66,2364320,22.95,26.81,-7.73
 2014/10/31,738.94,763.66,714.21,762.21,4166714,22.13,25.87,-7.49
 2014/11/07,764.39,773.85,746.21,762.21,3995897,21.24,24.95,-7.42
 2014/11/14,769.48,791.3,762.21,781.85,5874612,21.86,24.33,-4.93
 2014/11/21,784.03,794.21,743.3,760.03,3806262,20.36,23.54,-6.34
 2014/11/28,798.57,878.57,787.66,871.3,13939461,27.83,24.4,6.88
 2014/12/05,871.3,958.57,839.3,912.03,13266797,36.62,26.84,19.55
 2014/12/12,911.3,1038.58,897.48,928.76,13987303,44.42,30.36,28.12
 2014/12/19,918.57,971.67,884.39,913.48,11010849,48.8,34.05,29.51
 2014/12/26,914.94,965.85,873.48,935.3,12531699,53.42,37.92,31
 2014/12/31,953.48,1089.48,942.57,1089.48,14198271,68.73,44.08,49.3
 2015/01/09,1125.12,1190.58,1045.12,1056.76,18483210,77.34,50.73,53.2
 2015/01/16,1047.3,1084.39,1005.85,1061.85,10306930,83.6,57.31,52.59
 2015/01/23,987.67,1103.3,955.67,1090.94,16608742,89.88,63.82,52.11
 2015/01/30,1096.03,1096.76,996.39,1032.76,10092996,89.13,68.88,40.49
 2015/02/06,1008.76,1062.58,949.85,962.94,12898049,81.95,71.5,20.92
 2015/02/13,953.48,1024.76,932.39,1006.57,6097119,78.88,72.97,11.82
 2015/02/17,999.3,1011.67,989.85,1007.3,2506927,75.63,73.51,4.26
 2015/02/27,1007.3,1021.85,975.3,1005.85,4478131,72.11,73.23,-2.23
 2015/03/06,1025.48,1031.3,937.48,946.94,10137127,63.83,71.35,-15.03
 2015/03/13,936.76,980.39,917.12,968.03,7427867,58.3,68.74,-20.88
 2015/03/20,977.48,1049.48,970.21,1034.21,12401401,58.58,66.71,-16.26
 2015/03/27,1045.85,1071.3,992.76,1049.48,13575137,59.35,65.23,-11.77
 2015/04/03,1053.12,1167.3,1037.12,1056.76,24366031,59.86,64.16,-8.61
 2015/04/10,1058.94,1156.39,1050.94,1120.03,19663498,64.62,64.25,0.74
 2015/04/17,1127.3,1163.67,1080.03,1145.48,19327411,69.64,65.33,8.63
 2015/04/24,1153.48,1187.67,1098.21,1127.3,22483162,71.34,66.53,9.61
 2015/04/30,1126.58,1164.39,1091.67,1140.39,16276473,72.9,67.8,10.18
 2015/05/08,1141.85,1154.21,1053.85,1082.21,12631808,68.64,67.97,1.34
 2015/05/15,1096.76,1213.12,1077.12,1108.39,23183524,66.62,67.7,-2.16
 2015/05/22,1096.03,1138.94,1074.94,1132.39,14344764,66.19,67.4,-2.42
 2015/05/29,1135.3,1232.76,1095.3,1122.21,22500120,64.29,66.78,-4.98
 2015/06/05,1124.39,1224.03,1106.21,1210.94,18186381,69.14,67.25,3.78
 2015/06/12,1213.12,1260.39,1180.39,1204.39,17722071,71.63,68.13,7.01
 2015/06/19,1204.39,1205.85,1060.39,1064.03,12407456,61.57,66.81,-10.49
 2015/06/26,1067.67,1152.03,1009.48,1055.3,10553738,52.29,63.91,-23.24
 2015/07/03,1085.85,1149.12,1015.3,1074.94,17696570,45.99,60.33,-28.67
 2015/07/10,1164.39,1229.12,1010.21,1167.3,33165418,47.9,57.84,-19.88
 2015/07/17,1140.39,1205.12,1115.67,1174.58,14481049,49.43,56.16,-13.46
 2015/07/24,1167.3,1278.58,1140.39,1235.67,15289376,54.94,55.91,-1.95
 2015/07/31,1235.67,1275.67,1115.67,1146.21,10075779,51.49,55.03,-7.08
 2015/08/07,1140.39,1204.39,1130.21,1176.76,4484999,50.64,54.15,-7.02
 2015/08/14,1183.3,1273.49,1171.67,1202.21,8356174,51.43,53.61,-4.36
 2015/08/21,1189.85,1197.85,1122.21,1126.58,5972823,45.42,51.97,-13.09
 2015/08/28,1107.67,1120.03,1026.94,1102.58,11424980,38.29,49.23,-21.89
 2015/09/02,1090.21,1157.12,1074.94,1149.12,5679639,35.98,46.58,-21.21
 2015/09/11,1132.39,1169.48,1082.21,1094.58,3618188,29.4,43.15,-27.49
 2015/09/18,1094.58,1107.67,1053.12,1069.12,2709809,21.89,38.89,-34.02
 2015/09/25,1064.76,1085.85,1049.48,1053.12,2129433,14.47,34.01,-39.08
 2015/09/30,1051.67,1059.67,1025.48,1040.76,1500052,7.51,28.71,-42.4
 2015/10/09,1078.58,1083.67,1062.58,1077.12,1455367,4.87,23.94,-38.14
 2015/10/16,1077.12,1114.94,1075.67,1107.67,2842473,5.19,20.19,-30.01
 2015/10/23,1111.3,1118.58,1072.76,1114.21,2667717,5.9,17.33,-22.87
 2015/10/30,1124.39,1130.94,1083.67,1109.12,2046391,5.98,15.06,-18.17
 2015/11/06,1104.76,1175.3,1099.67,1148.39,2820191,9.11,13.87,-9.53
 2015/11/13,1148.39,1181.12,1120.76,1125.85,2852195,9.66,13.03,-6.74
 2015/11/20,1119.3,1225.49,1112.03,1168.76,4343975,13.4,13.1,0.6
 2015/11/27,1169.48,1185.48,1143.3,1152.03,3228695,14.85,13.45,2.79
 2015/12/04,1154.21,1557.85,1153.48,1495.3,20699303,43.19,19.4,47.59
 2015/12/11,1483.67,1668.4,1380.39,1562.21,12486506,70.25,29.57,81.36
 2015/12/18,1540.4,1891.67,1497.49,1891.67,9073809,116.93,47.04,139.77
 2016/07/08,1714.21,1714.21,1439.3,1478.58,19741627,119.21,61.47,115.47
 2016/07/15,1460.4,1474.21,1392.03,1416.03,10778352,114.65,72.11,85.09
 2016/07/22,1412.39,1412.39,1332.39,1379.67,9277093,106.87,79.06,55.62
 2016/07/29,1370.21,1429.12,1344.76,1413.85,8818344,102.29,83.71,37.16
 2016/08/05,1404.39,1740.4,1396.4,1690.94,11907008,119.64,90.89,57.48
 2016/08/12,1675.67,1836.4,1659.67,1824.03,13212609,142.48,101.21,82.54
 2016/08/19,1872.76,2180.4,1869.85,1955.67,15824369,169.25,114.82,108.87
 2016/08/26,1970.22,2026.22,1818.94,1832.03,7979088,178.44,127.54,101.79
 2016/09/02,1829.85,1986.22,1807.31,1896.03,8565515,188.71,139.78,97.86
 2016/09/09,1883.67,1945.49,1840.03,1852.4,5114525,191.12,150.05,82.15
 2016/09/14,1810.94,1910.58,1803.67,1882.22,3052737,193.21,158.68,69.07
 2016/09/23,1882.22,2136.76,1856.76,2020.4,8985834,203.67,167.68,71.99
 2016/09/30,1999.31,2163.67,1936.76,2070.58,7083075,213.55,176.85,73.4
 2016/10/14,1985.49,2160.76,1960.76,2119.31,5751268,222.74,186.03,73.43
 2016/10/21,2094.58,2112.76,1997.13,2003.67,3886653,218.18,192.46,51.44
 2016/10/28,2003.67,2018.22,1949.13,1967.31,2896404,209.22,195.81,26.82
 2016/11/04,1967.31,2065.49,1946.22,1955.67,4025735,198.89,196.43,4.92
 2016/11/11,1946.94,2224.04,1914.94,2057.49,8115882,196.65,196.47,0.35
 2016/11/18,2074.94,2276.4,2008.03,2183.31,5290080,202.69,197.72,9.95
 2016/11/25,2150.58,2221.85,2058.94,2145.49,3720142,202.1,198.59,7.01
 2016/12/02,2157.13,2202.94,2020.4,2090.94,4695621,194.98,197.87,-5.79
 2016/12/09,1991.31,2056.76,1925.85,1971.67,2402371,177.66,193.83,-32.33
 2016/12/16,1969.49,1969.49,1757.12,1800.76,2335937,148.44,184.75,-72.62
 2016/12/23,1767.31,1767.31,1629.12,1643.67,2774929,111.32,170.06,-117.49
 2016/12/30,1637.12,1765.85,1630.58,1661.85,2026142,82.42,152.53,-140.23
 2017/01/06,1661.85,1711.31,1654.58,1668.4,1094614,59.36,133.9,-149.08
 2017/01/13,1665.49,1796.4,1650.94,1753.49,1543043,47.4,116.6,-138.39
 2017/01/20,1753.49,1753.49,1644.4,1671.31,1630993,30.94,99.47,-137.05
 2017/01/26,1672.76,1683.67,1659.67,1671.31,611586,17.69,83.11,-130.84
 2017/02/03,1672.03,1679.31,1668.4,1671.31,108926,7.11,67.91,-121.61
 2017/02/10,1671.31,1720.03,1658.21,1669.85,1509359,-1.38,54.05,-110.87
 2017/02/17,1669.12,1693.12,1659.67,1661.12,1311452,-8.71,41.5,-100.43
 2017/02/24,1661.85,1693.12,1659.67,1674.21,1418881,-13.31,30.54,-87.7
 2017/03/03,1663.31,1667.67,1630.58,1636.4,1096896,-19.78,20.47,-80.51
 2017/03/10,1640.03,1683.67,1632.03,1665.49,1598117,-22.31,11.92,-68.45
 2017/03/17,1669.12,1796.4,1658.94,1733.85,3441370,-18.57,5.82,-48.79
 2017/03/24,1730.21,1760.76,1681.49,1730.21,2007077,-15.73,1.51,-34.48
 2017/03/31,1736.76,1738.22,1656.76,1664.03,1355177,-18.6,-2.51,-32.18
 2017/04/07,1667.67,1694.58,1661.85,1680.03,1699614,-19.36,-5.88,-26.96
 2017/04/14,1674.21,1736.03,1636.4,1668.4,1866920,-20.67,-8.84,-23.65
 2017/04/21,1668.4,1676.4,1643.67,1671.31,952595,-21.22,-11.32,-19.81
 2017/04/28,1671.31,1672.03,1549.12,1585.49,1378996,-28.26,-14.7,-27.11
 2017/05/05,1570.94,1576.03,1535.3,1541.12,748706,-36.99,-19.16,-35.66
 2017/05/12,1541.12,1581.85,1499.67,1578.21,1033082,-40.45,-23.42,-34.06
 2017/05/19,1578.21,1583.3,1539.67,1561.49,657205,-44.03,-27.54,-32.98
 2017/05/26,1561.49,1682.21,1537.49,1661.85,1836934,-38.33,-29.7,-17.27
 2017/06/02,1730.21,1736.76,1678.58,1690.94,1184092,-31.11,-29.98,-2.26
 2017/06/06,1676.4,1727.31,1673.49,1685.12,778319,-25.56,-29.1,7.07
 2017/06/16,1729.49,1825.49,1681.49,1690.21,2157890,-20.52,-27.38,13.73
 2017/06/23,1690.21,1917.85,1681.49,1917.85,2517327,1.83,-21.54,46.74
 2017/06/30,1981.13,2093.13,1952.76,1983.31,5158454,24.54,-12.32,73.72
 2017/07/07,1968.03,2000.03,1871.31,1960.76,3000033,40.25,-1.81,84.12
 2017/07/14,1941.85,2109.13,1923.67,1955.67,3116833,51.7,8.89,85.61
 2017/07/21,2027.67,2062.58,1944.03,1969.49,2911242,61.18,19.35,83.66
 2017/07/28,1963.67,1965.13,1835.67,1885.85,2343931,61.24,27.73,67.02
 2017/08/04,1877.85,1921.49,1818.94,1828.4,1624168,56,33.38,45.24
 2017/08/11,1826.94,1845.85,1767.31,1768.76,1254091,46.5,36.01,21
 2017/08/18,1776.03,1836.4,1746.94,1826.94,1628628,43.18,37.44,11.47
 2017/08/25,1818.22,1889.49,1795.67,1854.58,1678562,42.28,38.41,7.74
 2017/09/01,1859.67,1943.31,1859.67,1888.76,2378265,43.82,39.49,8.66
 2017/09/08,1890.22,2136.03,1874.94,2100.4,3240130,61.41,43.88,35.08
 2017/09/15,2087.31,2422.58,2029.85,2355.67,4193688,94.86,54.07,81.58
 2017/09/22,2334.58,2413.86,2226.22,2247.31,3831863,111.34,65.53,91.63
 2017/09/29,2202.94,2208.76,2115.67,2133.85,2291379,113.93,75.21,77.45
 2017/10/13,2221.13,2235.67,2129.49,2183.31,2183742,118.61,83.89,69.44
 2017/10/20,2185.49,2186.22,2087.31,2127.31,1182311,116.46,90.4,52.11
 2017/10/27,2128.04,2281.49,2098.94,2224.76,2022650,121.22,96.56,49.3
 2017/11/03,2224.76,2445.85,2218.22,2274.95,2580253,127.57,102.76,49.6
 2017/11/10,2275.67,2280.76,2184.76,2225.49,1828002,127.14,107.64,39
 2017/11/17,2221.13,2377.49,2166.58,2326.58,2762423,133.43,112.8,41.26
 2017/11/24,2319.31,2630.58,2223.31,2537.49,3634513,153.65,120.97,65.37
 2017/12/01,2512.04,2685.13,2413.86,2459.67,3383182,161.54,129.08,64.92
 2017/12/08,2450.22,2544.76,2337.49,2393.49,2512180,160.6,135.39,50.43
 2017/12/15,2393.49,2433.49,2341.13,2356.4,1905035,155.08,139.32,31.5
