,date,o,h,l,c,vol,b,d,ma,ob,cb,hb,lb,bb,label,DKX_b_up,higher_DKX,ma_up,c_up,l_up
46, 2013/10/31,3640,3651,3623,3636,1152622,3551.8349206349203,3572.021746031748,3537.3,1.0248224034436035,1.0236962249782808,1.0279193942232407,1.0200361449659823,1.0019480093520565,1,1,0,1,0,0
47, 2013/11/01,3638,3681,3632,3671,1771784,3560.8952380952383,3568.1818253968277,3547.6,1.0216531958255548,1.030920528278068,1.0337288108394358,1.0199682262887342,1.002550883603199,1,1,0,1,1,1
48, 2013/11/04,3675,3685,3661,3677,1256126,3571.0000000000005,3565.826825396827,3558.3,1.0291234948193781,1.0296835620274432,1.031923830859703,1.0252030243629233,1.0028377026643915,0,1,0,1,1,1
49, 2013/11/05,3682,3692,3654,3669,1371586,3580.41746031746,3564.8702380952404,3569.5,1.0283717026878572,1.0247408411628864,1.0311646730916808,1.020551385557151,1.002637205353531,0,1,0,1,0,0
50, 2013/11/06,3670,3677,3636,3642,1492144,3587.4238095238097,3565.160079365082,3580.0,1.0230182422988243,1.01521319848837,1.0249695032514379,1.0135406891004155,1.0019568525972187,1,1,0,1,0,0
51, 2013/11/07,3643,3688,3643,3679,1910172,3595.77380952381,3567.0148412698436,3596.0,1.0131338045655447,1.0231455577811253,1.0256484960850203,1.0131338045655447,1.0023275755649035,0,1,0,1,1,1
52, 2013/11/08,3680,3686,3658,3661,1341632,3603.7103174603167,3570.5509523809546,3613.5,1.021169760002643,1.015897416133064,1.0228347106982996,1.015064940785236,1.0022071766348277,1,1,0,1,0,1
53, 2013/11/11,3650,3677,3633,3668,1523286,3610.6547619047624,3575.716349206351,3631.8,1.0108969814866713,1.0158822268748247,1.0183748495689013,1.0061886941756375,1.0019270262681212,1,1,0,1,1,0
54, 2013/11/12,3668,3681,3657,3670,1267998,3618.217460317461,3582.4857142857168,3649.4,1.0137588578432684,1.0143116162172285,1.0173517872740105,1.0107186867864864,1.0020945504102168,0,1,0,1,1,1
64, 2013/11/26,3640,3677,3636,3660,2424668,3635.7,3629.6319047619063,3624.2,1.001182715845642,1.0066837197788596,1.0113595731220948,1.0000825150589983,1.0007141120467797,0,1,0,1,0,0
65, 2013/11/27,3658,3664,3645,3650,1382060,3637.2460317460323,3630.9492063492085,3624.5,1.0057059566696414,1.003506490389336,1.0073555563798704,1.002131823964145,1.0004252363357902,1,1,0,1,0,1
66, 2013/11/28,3648,3682,3646,3670,1725370,3639.2142857142853,3632.1684920634934,3629.5,1.0024141788847671,1.008459439831989,1.0117568548941098,1.001864609707747,1.0005411385292813,0,1,0,1,1,1
67, 2013/11/29,3674,3680,3662,3670,935964,3641.687301587301,3633.595079365081,3637.4,1.0088730019182632,1.0077746099727887,1.0105205898364749,1.00557782608184,1.0006795466490455,1,1,0,1,0,1
68, 2013/12/02,3671,3698,3670,3695,1520018,3645.666666666668,3635.4935714285725,3647.7,1.0069488890920724,1.0135320471792992,1.0143549419402027,1.006674590838438,1.0010927256378197,1,1,0,1,1,1
69, 2013/12/03,3690,3709,3687,3709,1341546,3651.0015873015864,3637.8472222222235,3656.2,1.0106815655282244,1.0158856169496435,1.0158856169496435,1.0098598731985269,1.0014633594134366,1,1,0,1,1,1
70, 2013/12/04,3710,3727,3708,3713,1475374,3657.322222222222,3640.5005555555567,3662.9,1.0144033734456601,1.0152236457152926,1.0190515829735782,1.0138565252659049,1.0017312057443686,0,1,0,1,1,1
71, 2013/12/05,3716,3718,3692,3693,1243242,3662.091269841271,3643.5161904761917,3671.0,1.014720750026819,1.008440185642907,1.0152668860602025,1.008167117626215,1.001303972504821,1,1,0,1,0,0
72, 2013/12/06,3692,3704,3683,3702,1151966,3666.388888888888,3646.9423809523823,3679.8,1.0069853776801276,1.009712857034624,1.0102583529055233,1.0045306462610808,1.0011735423098298,1,1,0,1,1,0
73, 2013/12/09,3703,3726,3703,3722,1356200,3672.33888888889,3650.8657142857155,3688.4,1.0083492052446137,1.0135230196922638,1.0146122437865057,1.0083492052446137,1.0016228502159261,0,1,0,1,1,1
74, 2013/12/10,3726,3737,3708,3716,1122538,3678.3571428571436,3655.13142857143,3694.0,1.0129522108083964,1.0102336058411168,1.015942676272404,1.008058721867293,1.0016388068068725,1,1,0,1,0,1
76, 2013/12/12,3741,3745,3725,3729,1238166,3691.352380952382,3665.0865079365094,3708.4,1.013449710004334,1.0101988689137027,1.0145333237012113,1.0091152552168257,1.0018166270701994,0,1,0,1,1,1
118, 2014/02/18,3453,3463,3422,3428,1016036,3427.9801587301586,3441.7599999999998,3419.9,1.0072987123936883,1.0000057880352051,1.0102158821370815,0.9982554861891693,0.9998780031029345,1,0,0,1,0,0
119, 2014/02/19,3433,3449,3429,3436,925548,3427.726984126985,3438.4863492063496,3419.2,1.001538341850863,1.0024135574132145,1.0062061581834043,1.0003713877677278,0.9999261446707827,0,0,0,1,1,1
128, 2014/03/04,3425,3430,3389,3409,1316748,3371.698412698413,3398.5476190476193,3356.1,1.015808527566061,1.0110631446635627,1.0172914597230918,1.0051314160354397,1.0005916396048073,1,1,0,1,0,0
129, 2014/03/05,3415,3438,3393,3423,2003504,3374.5333333333333,3393.2282539682537,3354.8,1.0119917815796753,1.0143624797502864,1.0188075388201825,1.0054723616104944,1.0008407989944306,0,1,0,1,1,1
130, 2014/03/06,3415,3419,3387,3388,1639254,3375.396825396825,3388.2831746031743,3354.2,1.011732894427463,1.0037338349400424,1.0129179402774513,1.0034375734775454,1.0002558848819072,0,1,0,1,0,0
144, 2014/03/26,3284,3286,3262,3275,1924026,3262.4960317460323,3287.4522222222236,3248.2,1.0065912626543363,1.003832638609303,1.0072042902198992,0.999847959433144,0.9996493350132183,0,0,0,1,0,0
145, 2014/03/27,3265,3295,3253,3269,2310856,3260.9404761904757,3281.2475396825407,3246.7,1.001244893563426,1.0024715335555403,1.0104446935042843,0.9975649735870825,0.9995232007823396,1,0,0,1,0,0
146, 2014/03/28,3271,3310,3269,3307,2425214,3262.0817460317458,3276.0311111111123,3251.2,1.0027339149238375,1.0137698124894927,1.014689470619964,1.0021208095035234,1.000349981807274,1,1,0,1,1,1
147, 2014/03/31,3311,3346,3310,3328,2564106,3266.210317460318,3272.168650793653,3261.1,1.013713043002849,1.0189178517407071,1.0244288256984393,1.0134068777829748,1.001265624760506,1,1,0,1,1,1
148, 2014/04/01,3328,3336,3316,3331,1668948,3270.6626984126983,3269.62523809524,3270.2,1.017530790201976,1.0184480355056436,1.019976777678423,1.0138618089873055,1.0013631641932483,0,1,0,1,1,1
149, 2014/04/02,3345,3352,3316,3317,2100082,3275.36746031746,3268.3250000000016,3277.7,1.0212594588320758,1.0127107996849016,1.0233966236188694,1.0124054904296453,1.001438473587339,1,1,0,1,0,0
150, 2014/04/03,3314,3343,3311,3336,2085484,3280.6999999999994,3268.2207142857155,3288.3,1.0101502728076328,1.0168561587466092,1.0189898497271925,1.0092358338159542,1.0016280737191003,1,1,0,1,1,0
151, 2014/04/04,3339,3377,3334,3372,2226006,3289.373015873017,3269.7438888888896,3303.5,1.0150870648866839,1.0251193719071272,1.0266394184253762,1.0135670183684349,1.0026436479632448,1,1,0,1,1,1
152, 2014/04/08,3388,3425,3383,3414,2354892,3302.3158730158725,3273.37880952381,3323.6,1.025946678112859,1.0338199406957793,1.037150936403938,1.024432589154605,1.0039347489872383,0,1,0,1,1,1
153, 2014/04/09,3416,3419,3380,3384,1868136,3313.35873015873,3278.3506349206355,3333.3,1.0309780130074695,1.02132013934932,1.0318834386629212,1.0201129051420512,1.0033439736135152,0,1,0,1,0,0
154, 2014/04/10,3390,3405,3367,3368,2138006,3321.9666666666667,3284.297698412699,3342.6,1.020479836241584,1.0138572532335264,1.0249952337470776,1.0135562267331601,1.0025979488515946,0,1,0,1,0,0
155, 2014/04/11,3373,3376,3353,3360,1780520,3328.5134920634923,3291.055000000001,3351.7,1.0133652779364066,1.0094596305562782,1.0142665811779747,1.0073565896592858,1.0019707679377152,0,1,0,1,0,0
185, 2014/05/27,3140,3156,3127,3144,1714528,3128.9619047619053,3165.58761904762,3105.4,1.0035277180017104,1.0048060972603112,1.008641235036114,0.9993729854112575,0.9993315807924155,0,0,0,1,0,0
186, 2014/05/28,3139,3145,3102,3116,2123098,3125.6031746031745,3156.6604761904773,3100.4,1.0042861568306816,0.9969275771533622,1.0062057863117215,0.9924484416976025,0.9989265672574603,0,0,0,1,0,0
187, 2014/05/29,3114,3126,3108,3111,1509232,3121.9388888888893,3148.306111111112,3098.4,0.9974570646090658,0.9964961233136813,1.0013008297906036,0.9955351820182969,0.9988276548526508,0,0,0,1,0,1
203, 2014/06/23,3041,3077,3041,3072,2300392,3042.6015873015876,3060.8664285714303,3032.3,0.9994736125464891,1.0096622616714288,1.0113055921754512,0.9994736125464891,1.000027389591903,0,1,0,1,0,0
204, 2014/06/24,3065,3069,3047,3064,1704490,3042.7484126984127,3056.726269841272,3031.9,1.0073129895356199,1.0069843392943358,1.008627590500756,1.0013972851925068,1.0000482565306736,1,1,0,1,0,1
205, 2014/06/25,3064,3086,3063,3079,1605680,3044.4103174603174,3053.1630952380974,3035.2,1.0064346393872508,1.0113617019168881,1.013660997764052,1.0061061685519415,1.0005461854009912,1,1,0,1,1,1
206, 2014/06/26,3085,3119,3082,3115,2398494,3049.2666666666673,3050.6396825396846,3044.0,1.011718664596952,1.0215570956951396,1.0228688865082312,1.0107348214871332,1.0015951690803626,0,1,0,1,1,1
207, 2014/06/27,3115,3122,3086,3088,1650420,3053.5063492063487,3049.074603174605,3049.9,1.0201387008118175,1.0112964070969155,1.0224311473304957,1.0106414223772933,1.0013903941514948,0,1,0,1,0,1
208, 2014/06/30,3090,3091,3070,3076,1335024,3056.106349206349,3048.4441269841286,3057.4,1.0110904683675204,1.0065094759542046,1.0114176821113285,1.004546193491355,1.0008514801355093,0,1,0,1,0,0
211, 2014/07/03,3103,3115,3080,3083,845736,3064.4690476190476,3051.4689682539693,3078.7,1.0125734513164326,1.0060470352589628,1.0164893009509144,1.0050680728503423,1.00112266298772,1,1,0,1,1,1
212, 2014/07/04,3101,3114,3091,3102,1699004,3068.8031746031743,3054.0974603174614,3084.5,1.0104916553994991,1.0108175153335204,1.0147278345417738,1.007233056059288,1.001414315797216,0,1,0,1,1,1
217, 2014/07/11,3115,3131,3109,3128,2612894,3090.1960317460316,3071.284761904763,3096.7,1.0080266649750222,1.0122335178304556,1.0132043300278635,1.0060850405802066,1.0017237178690626,1,1,0,1,1,1
218, 2014/07/14,3131,3154,3128,3146,2366372,3096.8380952380953,3075.3579365079377,3103.7,1.011031220784333,1.0158748708359986,1.0184581508635535,1.010062490774,1.0021493987513506,0,1,0,1,1,1
219, 2014/07/15,3148,3155,3136,3145,1722738,3103.2055555555553,3079.8754761904775,3111.3,1.0144348943834065,1.0134681521079458,1.0166906263594815,1.0105679252815638,1.0020561166330428,0,1,0,1,0,1
220, 2014/07/16,3145,3149,3132,3132,1383160,3108.1111111111113,3084.583333333335,3114.8,1.011868587566582,1.0076859829120937,1.0131555428448862,1.0076859829120937,1.0015808026467257,0,1,0,1,0,0
221, 2014/07/17,3129,3139,3120,3121,1637226,3111.3000000000006,3089.26642857143,3118.6,1.0056889403143379,1.00311766785588,1.0089030308874103,1.0027962587985728,1.0010259893468703,0,1,0,1,0,0
229, 2014/07/29,3085,3115,3076,3105,2990810,3081.715873015874,3095.836031746032,3069.0,1.0010656813020573,1.0075555722667384,1.0108005177490789,0.9981452303679508,1.0002815654005845,0,1,0,1,0,0
230, 2014/07/30,3098,3100,3070,3072,2289602,3080.764285714285,3093.1013492063494,3063.0,1.005594622855646,0.9971551586225127,1.0062438124120408,0.9965059690661179,0.9996912151084656,0,0,0,1,0,0
231, 2014/07/31,3073,3084,3065,3069,1561388,3078.961904761905,3089.86753968254,3057.8,0.9980636640054935,0.9967645248398501,1.0016362967110126,0.9954653856742068,0.9994149565545348,0,0,0,1,0,0
234, 2014/08/05,3106,3123,3097,3102,2952628,3078.79126984127,3081.908650793651,3071.5,1.0088374715185329,1.0075382603510912,1.0143591189801604,1.005914246391789,1.0005504052855416,1,1,0,1,1,1
235, 2014/08/06,3094,3120,3091,3104,2590882,3080.2492063492064,3080.591904761905,3078.3,1.0044641821909894,1.0077106727604497,1.0129050576715861,1.0034902350201513,1.000473541848133,0,1,0,1,1,0
236, 2014/08/07,3108,3125,3100,3100,2228166,3081.9563492063485,3080.0190476190473,3084.9,1.0084503632896546,1.0058546094587932,1.0139663401802352,1.0058546094587932,1.0005542223186432,0,1,0,1,0,1
277, 2014/10/13,2606,2664,2600,2663,5580374,2620.507936507936,2687.4339682539676,2573.2,0.9944636929711921,1.0162152012211376,1.0165968066290314,0.9921740605238294,0.9986419988325422,0,0,0,1,0,0
278, 2014/10/14,2662,2671,2631,2649,3412412,2618.686507936508,2671.7684920634915,2576.5,1.0165401593249979,1.0115758384868216,1.0199769968283505,1.004702163480116,0.9993049330070508,1,0,0,1,0,1
279, 2014/10/15,2654,2674,2634,2654,3637952,2617.713492063492,2657.983809523809,2580.3,1.0138619096576165,1.0138619096576165,1.0215021651938456,1.0062216541213873,0.9996284336173624,1,0,0,1,1,1
280, 2014/10/16,2635,2683,2603,2655,4556070,2616.703174603174,2646.363492063492,2591.0,1.0069923197917168,1.0146355252550316,1.0253360129036722,0.9947631910504132,0.9996140458215227,0,0,0,1,1,0
281, 2014/10/17,2656,2674,2632,2646,2264754,2616.4642857142853,2636.699444444444,2596.6,1.0151103588539607,1.011288407201649,1.0219898718281215,1.0059376748884128,0.999908706156966,0,0,0,1,0,1
290, 2014/10/30,2591,2620,2580,2590,6061352,2583.9341269841275,2597.2044444444437,2576.7,1.0027345406920722,1.002347533922218,1.0139577370178423,0.9984774662236768,1.0004019113527363,0,1,0,1,0,0
311, 2014/11/28,2522,2575,2516,2548,7732948,2489.6301587301596,2508.5804761904765,2471.1,1.0130018674285142,1.0234451856494269,1.034290169955759,1.010591870915996,1.0013729664470754,0,1,0,1,0,0
312, 2014/12/01,2529,2546,2505,2521,6595664,2491.3809523809523,2503.347777777778,2471.8,1.0150996769815936,1.0118886064336092,1.0219232018960607,1.0054664653376402,1.0007032344320916,0,1,0,1,0,0
313, 2014/12/02,2548,2556,2482,2503,6316698,2492.502380952381,2499.069444444445,2477.9,1.0222658238851565,1.0042116786438566,1.025475449705832,0.9957864108645834,1.0004501232821728,1,1,0,1,0,0
314, 2014/12/03,2499,2539,2492,2532,6837216,2494.284920634921,2495.9046825396827,2486.5,1.0018903531533514,1.0151205979128795,1.0179270134679308,0.9990839375982999,1.0007151606739324,1,1,0,1,1,1
315, 2014/12/04,2534,2593,2532,2567,7936068,2499.8182539682543,2494.1931746031746,2499.3,1.0136736924684364,1.0268746521572518,1.0372754082757125,1.0128736343054778,1.00221840467685,0,1,0,1,1,1
316, 2014/12/05,2569,2576,2549,2560,4642740,2505.406349206349,2493.922698412699,2510.5,1.0253825695036638,1.0217903378471698,1.0281765274587147,1.0173998324892328,1.0022354006053138,0,1,0,1,0,1
317, 2014/12/08,2565,2591,2540,2542,5658862,2510.0238095238096,2494.859920634921,2521.0,1.0219026569658796,1.012739397273788,1.0322611244438964,1.0119425920831713,1.0018429985694428,1,1,0,1,0,0
320, 2014/12/11,2558,2603,2551,2566,6475540,2525.076984126984,2504.0956349206344,2545.9,1.013038420642212,1.0162066408787789,1.0308596594729,1.0102662279352164,1.0024029842752136,1,1,0,1,1,1
321, 2014/12/12,2566,2591,2563,2585,5607560,2531.976984126984,2508.330317460317,2549.6,1.0134373322057455,1.0209413498643227,1.023311039651242,1.012252487312286,1.002732589954039,0,1,0,1,1,1
322, 2014/12/15,2590,2596,2570,2570,3293514,2538.46507936508,2513.03873015873,2554.5,1.0203016070828952,1.0124228301942242,1.0226652401494964,1.0124228301942242,1.002562462170379,0,1,0,1,0,1
334, 2014/12/31,2618,2626,2575,2594,4148900,2534.426984126984,2537.313888888889,2527.2,1.0329751128742042,1.0235055167286806,1.036131644922712,1.0160087531134743,1.0023525659919086,0,1,0,1,1,1
335, 2015/01/05,2550,2570,2540,2560,2891694,2535.855555555556,2536.302063492064,2528.6,1.0055777800172634,1.0095212222918408,1.0134646645664185,1.001634337742686,1.0005636664372337,1,1,0,1,0,0
336, 2015/01/06,2551,2647,2548,2619,7434538,2541.4746031746035,2535.5210317460323,2533.8,1.0037479803313785,1.0305041005440534,1.0415213265139784,1.0025675632631723,1.0022158389923816,0,1,0,1,1,1
337, 2015/01/07,2615,2615,2568,2585,4317868,2546.118253968253,2535.2513492063495,2541.0,1.0270536319058987,1.0152709898572652,1.0270536319058987,1.0085941593630394,1.001827148218538,0,1,0,1,0,1
338, 2015/01/08,2585,2603,2563,2579,3696668,2549.546825396826,2535.8959523809526,2552.2,1.0139056769814987,1.0115523175765126,1.020965755196457,1.00527669249655,1.0013465876627017,0,1,0,1,0,0
354, 2015/01/30,2514,2514,2491,2498,2275316,2493.702380952381,2512.158492063492,2482.3,1.0081395515369669,1.0017233889177977,1.0081395515369669,0.998916317771911,0.9993994821169401,0,0,0,1,0,0
355, 2015/02/02,2503,2526,2486,2492,2749940,2492.3214285714284,2508.126349206349,2479.9,1.0042845883785914,0.9998710324568317,1.0135129325786345,0.9974636383176901,0.9994462240596549,0,0,0,1,0,0
364, 2015/02/13,2488,2520,2487,2514,1430356,2486.3269841269844,2486.1637301587293,2486.1,1.0006728865043482,1.0111300790482038,1.0135432773275552,1.0002706867911229,1.0007922583580062,1,1,0,1,1,1
365, 2015/02/16,2514,2549,2509,2524,1218768,2490.0261904761905,2485.9342063492054,2489.3,1.0096279346841828,1.0136439566996331,1.0236840117382586,1.0076199236764578,1.0014878197328116,0,1,0,1,1,1
366, 2015/02/17,2524,2530,2504,2521,804402,2493.2801587301587,2486.292857142856,2494.0,1.0123210547207366,1.0111178205035567,1.0147275231550965,1.0042994932728704,1.0013068008145511,0,1,0,1,0,0
378, 2015/03/12,2474,2507,2464,2496,2646136,2475.165873015873,2482.6319047619045,2463.9,0.9995289717636369,1.0084172649644452,1.0128614115648495,0.9954888384905421,1.0003034226783756,0,1,0,1,0,0
379, 2015/03/13,2505,2516,2485,2493,2484292,2476.684126984127,2480.9114285714286,2466.8,1.0114329771436592,1.0065877892291986,1.0158743993985815,1.0033576639528914,1.0006133948374152,1,1,0,1,0,1
380, 2015/03/16,2491,2524,2480,2520,2887758,2479.274603174603,2479.680238095238,2471.6,1.0047293659243648,1.0164263356601362,1.0180397107961048,1.0002925843004515,1.001045945327566,0,1,0,1,1,0
381, 2015/03/17,2520,2524,2505,2512,2039234,2482.220634920635,2478.949126984127,2476.0,1.0152199867118472,1.0119970661191113,1.0168314470082154,1.0091770106004672,1.0011882635922056,0,1,0,1,0,1
386, 2015/03/24,2550,2574,2538,2542,4221476,2492.7928571428565,2481.576984126984,2502.8,1.0229490158772006,1.0197397640626837,1.0325767713207505,1.0181351381554256,1.0024709743496774,0,1,0,1,1,1
407, 2015/04/23,2328,2332,2306,2323,5507632,2318.5642857142857,2352.6253174603175,2305.5,1.0040696366901931,1.0019131297385389,1.0057948422515166,0.9945810061029147,0.9985538118048058,1,0,0,1,0,0
408, 2015/04/24,2325,2388,2324,2378,9322642,2319.885714285714,2344.9222222222224,2316.7,1.0022045420956698,1.0250504950982808,1.0293610522685848,1.0017734863786394,1.00056993398008,1,1,0,1,1,1
409, 2015/04/27,2384,2413,2366,2408,8738302,2325.275396825397,2338.998650793651,2324.6,1.0252549023891009,1.0355762604668435,1.0377265433997065,1.0175138838307938,1.0023232534717093,0,1,0,1,1,1
410, 2015/04/28,2417,2430,2384,2398,5879950,2331.618253968254,2334.6944444444443,2332.0,1.0366190931497608,1.0284702463273174,1.0421946199230114,1.0224658328792013,1.0027277874919749,0,1,0,1,0,1
413, 2015/05/04,2383,2421,2371,2413,4834698,2343.865079365079,2329.6259523809517,2351.2,1.0166967463184877,1.0294961178625728,1.032909283607662,1.0115769977008537,1.0030080698597648,1,1,0,1,1,0
414, 2015/05/05,2414,2442,2399,2428,7536936,2352.6619047619047,2331.196269841269,2366.1,1.0260717849487613,1.0320224912409246,1.0379731975330881,1.0196960282071574,1.003753127888747,1,1,0,1,1,1
415, 2015/05/06,2430,2447,2418,2430,6223092,2361.8214285714284,2334.6496825396816,2381.0,1.02886694591039,1.02886694591039,1.0360647805114092,1.0237861214861412,1.0038932597118968,0,1,0,1,1,1
416, 2015/05/07,2433,2437,2401,2407,4835314,2368.9730158730163,2339.3547619047613,2389.0,1.0270273167731243,1.0160520967829472,1.0287158121562285,1.0135193537082907,1.0030279966195046,1,1,0,1,0,0
418, 2015/05/11,2417,2434,2407,2421,4298216,2381.6444444444446,2351.1759523809515,2402.2,1.0148450183813238,1.0165245302032209,1.0219829436243864,1.0106462388265811,1.0027902885926987,0,1,0,1,1,1
434, 2015/06/02,2375,2379,2363,2375,2592372,2359.095238095238,2366.1135714285706,2352.3,1.0067418905552976,1.0067418905552976,1.0084374558446538,1.0016551946872287,1.0000353255247103,0,1,0,1,0,0
467, 2015/07/20,2047,2123,2038,2112,5372274,2040.2642857142857,2086.6668253968246,1998.7,1.0033013930268138,1.0351600107829169,1.0405514691724111,0.9988901997990456,0.9999299859621854,0,0,0,1,0,0
468, 2015/07/21,2104,2125,2079,2081,4278448,2040.9865079365081,2074.4032539682535,2011.1,1.0308740365595068,1.0196049762739228,1.0411631785593878,1.01862505798822,1.0003539846417346,0,1,0,1,0,1
471, 2015/07/24,2050,2064,2034,2044,4132504,2034.4650793650794,2050.038492063491,2033.4,1.0076358748019252,1.0046866966317731,1.01451729053228,0.99977139968152,0.9994689619570897,1,0,0,1,0,0
472, 2015/07/27,2048,2099,2046,2074,5905974,2036.3333333333333,2045.053968253967,2040.0,1.0057292519233918,1.0184972990669505,1.0307742674742184,1.0047470944508103,1.0009183023032457,0,1,0,1,1,1
473, 2015/07/28,2072,2102,2052,2072,5570278,2039.223015873016,2041.6007142857131,2046.5,1.0160732709820617,1.0160732709820617,1.0307847565657788,1.0062656139262502,1.0014190616498688,1,1,0,1,0,1
474, 2015/07/29,2076,2118,2075,2110,5789134,2044.936507936508,2039.9817460317452,2058.5,1.0151904432939276,1.0318168763729227,1.0357289782738626,1.0147014305563102,1.0028017985374915,0,1,0,1,1,1
475, 2015/07/30,2108,2116,2081,2085,4844012,2050.1619047619047,2040.0138888888882,2066.5,1.0282114769100699,1.01699285073885,1.0321136077522333,1.0150417853177682,1.002555285606725,1,1,0,1,0,1
476, 2015/07/31,2082,2107,2077,2095,4215404,2055.3714285714286,2041.5103174603169,2075.4,1.0129556006561204,1.0192804915343767,1.025118852345075,1.0105229503183297,1.002541030441266,0,1,0,1,1,0
477, 2015/08/03,2095,2132,2073,2078,6307800,2060.4674603174603,2043.5306349206344,2072.0,1.0167595656556592,1.008509010707618,1.0347166558366898,1.0060823768993705,1.0024793726696755,1,1,0,1,0,0
479, 2015/08/05,2096,2107,2082,2098,3994900,2070.6785714285716,2049.2753968253965,2080.3,1.0122285655151002,1.0131944324669275,1.0175408337501508,1.0054674968523085,1.0024728936505882,0,1,0,1,1,1
486, 2015/08/14,2089,2093,2081,2085,2412166,2076.1174603174604,2071.386507936507,2075.8,1.0062051111889256,1.004278437926716,1.008131784451135,1.0023517646645066,1.0006897198085005,0,1,0,1,0,0
541, 2015/11/10,1806,1811,1790,1797,1808924,1793.7285714285715,1802.4502380952374,1788.7,1.0068412962623745,1.0018238147195386,1.0096287860083943,0.9979213290751109,0.9998349901414353,0,0,0,1,0,0
566, 2015/12/15,1661,1686,1656,1657,5315278,1657.3634920634922,1669.7130952380953,1655.2,1.0021941523111386,0.9997806805415753,1.017278350870909,0.9991773125991845,0.9995108409515149,1,0,0,1,0,0
568, 2015/12/17,1673,1694,1673,1677,5940106,1658.9650793650792,1663.8427777777783,1660.8,1.008460045849966,1.0108711876212748,1.021118540149338,1.008460045849966,1.0009093098678077,1,1,0,1,1,1
569, 2015/12/18,1676,1714,1676,1712,4566394,1662.7174603174603,1662.3856349206355,1667.0,1.0079884526382514,1.0296397559168773,1.0308426060990232,1.0079884526382514,1.0022618806140375,1,1,0,1,1,1
570, 2015/12/21,1719,1757,1712,1749,9698548,1670.1619047619047,1662.0887301587306,1674.9,1.029241533469809,1.0472038638968564,1.0519938186774023,1.0250503230368313,1.0044772756779874,0,1,0,1,1,1
571, 2015/12/22,1749,1764,1719,1731,8147652,1677.1150793650793,1662.8965079365084,1682.6,1.0428622469139892,1.03212953082225,1.0518061769904385,1.0249743867610905,1.004163173991306,0,1,0,1,0,1
572, 2015/12/23,1728,1731,1707,1717,5630160,1682.0055555555555,1664.5492063492068,1688.7,1.0273450015028356,1.0208051895719727,1.0291285865748891,1.0148599059984609,1.0029160051392105,1,1,0,1,0,0
573, 2015/12/24,1717,1741,1715,1724,6194022,1687.1539682539685,1667.0581746031753,1696.3,1.017690164802753,1.0218391637274002,1.031915303972972,1.0165047365385682,1.0030608773445535,1,1,0,1,1,1
574, 2015/12/25,1722,1738,1720,1737,2885082,1692.8388888888892,1670.3953968253973,1704.2,1.0172261585567963,1.0260870135964897,1.0266777372658025,1.0160447112181705,1.0033695328001415,1,1,0,1,1,1
575, 2015/12/28,1737,1746,1720,1741,4514858,1698.75873015873,1674.45380952381,1711.8,1.0225113014357823,1.0248659618881388,1.0278092874535842,1.0125039945132674,1.0034969903566702,1,1,0,1,1,0
576, 2015/12/29,1740,1790,1739,1780,8060928,1707.095238095238,1679.4269841269845,1724.1,1.0192752935925689,1.0427069095372257,1.0485648135233898,1.0186895031939525,1.0049074113872127,0,1,0,1,1,1
577, 2015/12/30,1779,1806,1771,1780,7988626,1716.1603174603176,1685.2972222222227,1734.8,1.0366164407254659,1.0371991368697746,1.052349236621805,1.031954871570995,1.0053102364547595,1,1,0,1,0,1
578, 2015/12/31,1782,1804,1776,1784,5863506,1724.884126984127,1691.8891269841274,1745.5,1.0331128753070138,1.034272373483565,1.0458673552490758,1.0296343807773607,1.0050833301732087,0,1,0,1,1,1
579, 2016/01/04,1821,1846,1773,1777,6700936,1733.8357142857142,1699.0009523809526,1752.0,1.0502725171687877,1.0248952570065546,1.0646914149882383,1.0225882333554424,1.005189674576714,1,1,0,1,0,0
580, 2016/01/05,1779,1789,1761,1789,6413148,1740.8833333333334,1706.0730952380957,1756.0,1.0218950149828152,1.0276392252975022,1.0276392252975022,1.0115554364163786,1.0040647559567215,0,1,0,1,1,0
581, 2016/01/06,1787,1790,1769,1775,4603662,1746.966666666667,1713.0582539682546,1760.4,1.022915911389265,1.0160468621801597,1.0246331736915413,1.012612337575607,1.0034943946081014,0,1,0,1,0,1
589, 2016/01/18,1777,1832,1770,1827,9156242,1766.743650793651,1755.8081746031748,1769.8,1.0058052277146952,1.0341058812801058,1.0369359466366468,1.0018431362155376,1.0030043763508545,1,1,0,1,1,1
590, 2016/01/19,1825,1841,1817,1839,6967734,1773.7357142857143,1759.0934126984127,1774.8,1.0289018737692441,1.0367948196502137,1.037922383347495,1.0243916189801185,1.0039575993319247,0,1,0,1,1,1
591, 2016/01/20,1838,1842,1813,1818,6237726,1779.438095238095,1762.3405555555557,1779.1,1.0329103355259286,1.021670832419009,1.0351582361473126,1.0188609566422788,1.0032148988749867,0,1,0,1,0,0
592, 2016/01/21,1815,1824,1805,1808,5493208,1783.4722222222224,1765.4880952380954,1782.6,1.0176777509539754,1.0137528229888637,1.0227240869091192,1.0120707110038158,1.0022670791385904,1,1,0,1,0,0
593, 2016/01/22,1810,1856,1807,1823,7687002,1788.2436507936507,1768.781666666667,1789.0,1.0121663226354494,1.0194360255052066,1.0378898866361292,1.0104886988962745,1.002675359061933,1,1,0,1,1,1
594, 2016/01/25,1828,1856,1823,1840,7650122,1793.8904761904762,1772.3883333333338,1797.2,1.01901427331392,1.0257036449111667,1.034622807040829,1.0162270351484006,1.0031577494455632,1,1,0,1,1,1
595, 2016/01/26,1840,1848,1832,1845,4321346,1799.4769841269842,1776.4551587301594,1807.6,1.0225193299111162,1.025297915046744,1.0269650661281209,1.0180735936941112,1.0031141856265224,1,1,0,1,1,1
596, 2016/01/27,1850,1871,1840,1863,7017400,1806.072222222222,1781.1841269841275,1819.9,1.0243222708578776,1.0315202111395816,1.0359497128513995,1.0187853937181053,1.0036650861074712,0,1,0,1,1,1
605, 2016/02/16,1872,1880,1861,1865,2707824,1834.695238095238,1818.3380952380962,1838.3,1.0203329474727865,1.0165175999127922,1.0246933446842086,1.014337401307081,1.0027418294912582,0,1,0,1,1,1
606, 2016/02/17,1866,1876,1855,1861,3197078,1838.6944444444443,1821.6003174603186,1838.1,1.0148505128941128,1.0121311921200127,1.0202891544423127,1.0088680071910927,1.0021797660266227,1,1,0,1,0,0
607, 2016/02/18,1864,1871,1855,1870,2833084,1842.4301587301588,1824.892539682541,1843.6,1.011707277569049,1.0149638460590782,1.015506607474083,1.0068224248340054,1.002031721092649,1,1,0,1,1,0
608, 2016/02/19,1872,1899,1864,1897,4259322,1847.615873015873,1828.5265873015883,1851.9,1.0131976171780364,1.0267285682621448,1.0278110443488735,1.0088677128311219,1.002814605623525,1,1,0,1,1,1
609, 2016/02/22,1897,1968,1892,1962,6568536,1857.2833333333333,1832.89134920635,1866.2,1.0213842799070327,1.0563816326713749,1.0596121575419295,1.0186921758482372,1.0052323973065247,0,1,0,1,1,1
610, 2016/02/23,1957,1965,1921,1926,5118530,1865.980158730159,1837.9708730158738,1877.3,1.0487785686487587,1.032165315900618,1.0530658596805371,1.0294857590057567,1.004682551789886,1,1,0,1,0,1
611, 2016/02/24,1922,1937,1916,1929,3504668,1873.2476190476189,1843.5661904761914,1887.6,1.0260255934435232,1.029762419226096,1.0340330772633217,1.0228225999156038,1.0038947146803563,0,1,0,1,1,0
612, 2016/02/25,1929,1961,1924,1928,4325944,1880.5984126984129,1849.5097619047624,1895.3,1.0257373328482913,1.0252055872117705,1.0427531932169514,1.0230786046656881,1.003924090748094,0,1,0,1,0,1
615, 2016/03/01,1975,2010,1961,1994,6064250,1905.5055555555557,1869.2237301587306,1925.8,1.0364703447029222,1.04644145181652,1.0548381735963916,1.0291232131455343,1.005802893487245,0,1,0,1,1,1
616, 2016/03/02,1997,2009,1984,1993,5582604,1916.4571428571426,1877.0000000000005,1939.0,1.042026954499374,1.0399397698133461,1.0482885085574574,1.0352436042697837,1.0057473394762126,0,1,0,1,0,1
617, 2016/03/03,1990,1999,1967,1974,4325658,1925.3142857142855,1885.288412698413,1949.4,1.033597483156739,1.0252871516338706,1.0382720446383522,1.0216513815926158,1.0046216232333474,1,1,0,1,0,0
619, 2016/03/07,1990,2073,1983,2073,3279116,1947.0166666666664,1902.8522222222225,1969.5,1.0220765102164853,1.0647058319993838,1.0647058319993838,1.0184812662106986,1.0069800298493246,1,1,0,1,1,1
620, 2016/03/08,2194,2194,2077,2194,6192598,1971.8682539682538,1913.441031746032,1996.3,1.1126503992265815,1.1126503992265815,1.1126503992265815,1.0533158063781267,1.0127639314686165,0,1,0,1,1,1
621, 2016/03/09,2149,2163,2035,2104,8678072,1988.8492063492065,1925.0011904761905,2013.8,1.0805243520421397,1.057898202278577,1.087563598635248,1.023204772641114,1.008611605946178,1,1,0,1,0,0
622, 2016/03/10,2112,2201,2107,2130,11325298,2006.8587301587302,1937.6272222222221,2034.0,1.052390967167357,1.0613602083648062,1.0967388819769663,1.0498995112791767,1.0090552485085496,0,1,0,1,1,1
623, 2016/03/11,2111,2133,2068,2085,4663174,2019.6214285714286,1950.952380952381,2050.3,1.0452453960607893,1.0323716962514191,1.056138526668718,1.0239542771452923,1.0063595400218774,0,1,0,1,0,0
629, 2016/03/21,2117,2210,2087,2147,15519554,2051.95873015873,2017.6130158730157,2082.2,1.031697162757381,1.0463173398394412,1.0770197117117677,1.0170769856753208,1.0060578232616055,1,1,0,1,1,1
630, 2016/03/22,2153,2180,2144,2158,10235742,2064.876190476191,2026.9138095238097,2078.6,1.042677527074147,1.0450989797612675,1.0557533715845984,1.0383189122373297,1.0062951852430588,1,1,0,1,1,1
631, 2016/03/23,2155,2240,2138,2193,15313536,2079.2936507936506,2035.9582539682542,2087.5,1.0364096476596525,1.054685084602143,1.0772889145046969,1.0282337942906437,1.0069822396054335,0,1,0,1,1,0
632, 2016/03/24,2198,2205,2106,2120,17616140,2088.6238095238095,2044.1347619047624,2086.5,1.0523675876801994,1.0150224230582452,1.055719076812939,1.0083194447927661,1.0044871770404329,1,1,0,1,0,0
633, 2016/03/25,2117,2185,2114,2184,13761106,2098.516666666667,2052.024285714286,2096.4,1.0088078086902652,1.0407351224277466,1.0412116494984551,1.0073782274781393,1.0047365433151472,0,1,0,1,1,1
634, 2016/03/28,2190,2219,2127,2132,15282150,2106.7007936507935,2060.444603174604,2111.0,1.0395401219766256,1.0120089223991626,1.0533057217653572,1.0096355431252433,1.0038999580580537,1,1,0,1,0,1
640, 2016/04/06,2194,2207,2162,2182,9508160,2141.3142857142857,2112.8123809523813,2160.6,1.0246043818215782,1.0190003469164466,1.0306754196354708,1.009660288741227,1.0029452075417833,1,1,0,1,1,1
641, 2016/04/07,2180,2212,2171,2191,8191230,2147.9817460317463,2119.681190476191,2160.4,1.0149062039411672,1.020027290291329,1.0298039096870926,1.0107162242001257,1.0031137233623024,1,1,0,1,1,1
642, 2016/04/08,2188,2199,2178,2196,7519084,2154.540476190476,2126.2728571428574,2168.0,1.015529772672772,1.0192428614211184,1.0206352697017484,1.010888411737339,1.003053438499115,1,1,0,1,1,1
643, 2016/04/11,2201,2315,2199,2293,13939432,2167.8269841269844,2133.203888888889,2178.9,1.015302427784095,1.057741238940904,1.0678896503044888,1.01437984493286,1.0061667478904832,1,1,0,1,1,1
644, 2016/04/12,2302,2344,2287,2344,12889096,2186.1873015873016,2141.15253968254,2200.1,1.0529747374932659,1.072186266153004,1.072186266153004,1.046113477257645,1.0084694570160595,1,1,0,1,1,1
645, 2016/04/13,2351,2435,2332,2353,19138022,2206.368253968254,2150.429285714286,2219.5,1.0655519520694785,1.066458419064008,1.1036235658397193,1.0569405156214478,1.0092311177392257,0,1,0,1,1,1
646, 2016/04/14,2355,2377,2315,2324,11451662,2222.209523809524,2160.922698412699,2240.6,1.0597560557488899,1.0458059760341487,1.0696561123206418,1.0417559528911593,1.0071797941312737,0,1,0,1,0,0
647, 2016/04/15,2320,2340,2296,2300,10863312,2233.8388888888885,2172.2678571428573,2257.0,1.0385708707730341,1.0296176736111977,1.0475240679348707,1.0278270341788303,1.0052332441899665,1,1,0,1,0,0
648, 2016/04/18,2287,2417,2287,2391,11825572,2249.1507936507933,2184.4444444444443,2276.8,1.0168282208805441,1.0630678951138526,1.0746278136721799,1.0168282208805441,1.0068545251128298,1,1,0,1,1,0
649, 2016/04/19,2397,2494,2396,2494,14327034,2272.870634920635,2198.228888888889,2306.8,1.0546134756515517,1.0972907835940635,1.0972907835940635,1.0541735034047217,1.010546132049839,1,1,0,1,1,1
650, 2016/04/20,2501,2592,2501,2592,15687854,2304.611111111111,2214.558571428571,2347.8,1.0852156304992409,1.1247016850276017,1.1247016850276017,1.0852156304992409,1.0139649286249783,1,1,0,1,1,1
651, 2016/04/21,2612,2787,2610,2750,22361440,2348.542857142857,2234.6146825396822,2403.7,1.1121789802795656,1.1709388192070465,1.1866932687745595,1.1113273884110513,1.0190625419707213,0,1,0,1,1,1
652, 2016/04/22,2735,2740,2591,2619,21928680,2384.6436507936505,2257.6249999999995,2446.0,1.146921888765118,1.0982773040862317,1.1490186381047252,1.0865355077844316,1.0153715711599627,1,1,0,1,0,0
653, 2016/04/25,2608,2781,2585,2643,19860714,2418.0031746031746,2282.6426190476186,2481.0,1.0785759205746313,1.0930506741099504,1.1501225594777797,1.069063939679993,1.0139893119034458,0,1,0,1,1,0
654, 2016/04/26,2607,2650,2518,2554,13828216,2441.6365079365078,2308.187539682539,2502.0,1.0677264988158477,1.046019746058947,1.0853376378450312,1.0312755366391655,1.0097739050062298,0,1,0,1,0,0
682, 2016/06/06,2009,2082,1982,2059,7362346,1997.1730158730159,2041.3180952380958,1978.4,1.0059218625692348,1.03095724989052,1.042473528058311,0.9924027534157408,1.0004404988609845,1,1,0,1,0,0
683, 2016/06/07,2065,2103,2055,2077,6342670,2002.1992063492066,2029.3608730158735,1990.3,1.031365906774733,1.0373593164024795,1.0503450372625973,1.0263713987516108,1.0025166525064397,1,1,0,1,1,1
684, 2016/06/08,2076,2115,2038,2099,7473444,2008.6396825396826,2020.8851587301592,2008.6,1.0335352915935367,1.0449858270977042,1.0529514170136467,1.0146170155431735,1.003216701000606,1,1,0,1,1,0
685, 2016/06/13,2092,2189,2090,2170,6223922,2021.000793650794,2016.101984126985,2030.3,1.035130716708404,1.0737254566239183,1.083126739423851,1.0341411079926217,1.0061539713760321,0,1,0,1,1,1
686, 2016/06/14,2170,2184,2071,2072,8418904,2029.3349206349208,2013.7099206349212,2034.2,1.069315852171444,1.0210241685249917,1.0762146641209371,1.020531396242885,1.0041237623509647,0,1,0,1,0,0
687, 2016/06/15,2062,2101,2053,2067,5505990,2033.7888888888883,2013.2141269841275,2041.9,1.0138712091826425,1.016329674772319,1.03304724078212,1.0094459711212245,1.0021947921009382,1,1,0,1,0,0
688, 2016/06/16,2082,2118,2068,2074,5954174,2039.2904761904765,2014.4939682539687,2051.5,1.0209433252928772,1.0170203922466028,1.0385965240011112,1.0140781924618971,1.0027050926139114,0,1,0,1,1,1
693, 2016/06/23,2148,2161,2131,2141,5478706,2072.5722222222216,2041.0557142857147,2098.4,1.0363933169464679,1.0330158713139608,1.0426657159782666,1.0281909489818077,1.0051565716361999,0,1,0,1,1,1
695, 2016/06/27,2125,2268,2124,2268,7599160,2097.292063492064,2055.9475396825396,2110.9,1.0132112913552924,1.0813944511970839,1.0813944511970839,1.0127344860417136,1.0076998287062668,0,1,0,1,1,0
696, 2016/06/28,2268,2288,2234,2265,5887680,2116.176984126984,2064.6317460317464,2130.2,1.0717440067687203,1.070326355966116,1.0811950121194143,1.0556772976725401,1.0090044305052468,0,1,0,1,0,1
697, 2016/06/29,2264,2280,2226,2241,5861356,2132.37380952381,2074.4902380952385,2147.6,1.0617275404004254,1.0509414390624352,1.0692309152442447,1.0439070251463547,1.007653814174483,1,1,0,1,0,0
698, 2016/06/30,2237,2345,2233,2337,7704152,2152.63253968254,2085.8244444444454,2173.9,1.039192690234954,1.085647437228023,1.0893638169874684,1.0373345003552312,1.009500552890046,1,1,0,1,1,1
699, 2016/07/01,2341,2374,2309,2349,7083518,2175.26746031746,2099.0108730158736,2201.4,1.076189499776893,1.0798672084476386,1.0913600480437182,1.0614786650939112,1.010514995113034,1,1,0,1,1,1
700, 2016/07/04,2349,2468,2349,2424,9112380,2201.896825396825,2114.423174603175,2237.6,1.0668074784006576,1.1008690198566173,1.1208517908441136,1.0668074784006576,1.0122418808561033,0,1,0,1,1,1
701, 2016/07/05,2430,2454,2311,2402,7311714,2225.781746031746,2131.7200000000003,2269.6,1.0917512484466845,1.0791713986703442,1.1025339768264049,1.038286886897238,1.010847429525049,0,1,0,1,0,0
702, 2016/07/06,2393,2429,2326,2378,8042726,2245.7682539682546,2150.1028571428574,2293.1,1.0655596345578346,1.0588804057578483,1.0815897836778021,1.0357257459178955,1.008979545264104,1,1,0,1,0,1
703, 2016/07/07,2370,2456,2349,2387,8375194,2264.9992063492064,2169.345555555556,2317.7,1.0463579825354716,1.053863503929186,1.0843270907624971,1.0370864561079423,1.0085631953996013,1,1,0,1,1,1
704, 2016/07/08,2387,2447,2365,2445,8376194,2285.879365079365,2189.806825396826,2349.6,1.0442370828773477,1.0696102503708065,1.0704851871809258,1.034612777966036,1.00921861635608,0,1,0,1,1,1
706, 2016/07/12,2435,2563,2416,2558,7774606,2332.9142857142856,2232.3711111111115,2395.1,1.0437588791456425,1.096482633615833,1.098625875667467,1.0356145593494341,1.0115847256306247,0,1,0,1,1,1
707, 2016/07/13,2540,2589,2512,2516,6880472,2359.2920634920633,2255.0629365079367,2422.6,1.0765941357173325,1.0664215927026806,1.0973630777055803,1.0647261688669052,1.0113067925123969,1,1,0,1,0,1
708, 2016/07/14,2523,2542,2478,2524,5581728,2382.295238095238,2278.029206349206,2441.3,1.0590626886436052,1.0594824518971302,1.0670381904605803,1.0401733422349795,1.009750032630181,1,1,0,1,1,0
709, 2016/07/15,2515,2556,2479,2527,6070020,2403.4690476190476,2300.8493650793653,2459.1,1.0464041558976758,1.0513969391464917,1.0634628319977968,1.0314258061512278,1.0088879871752332,0,1,0,1,1,1
718, 2016/07/28,2421,2503,2412,2480,7475414,2403.1095238095245,2403.5595238095243,2382.1,1.0074447194408829,1.031996242962986,1.041567175861433,1.0036995717849688,1.0024671689732647,0,1,0,1,0,0
719, 2016/07/29,2475,2484,2396,2412,5494102,2405.3333333333335,2403.745952380953,2370.6,1.0289634146341462,1.002771618625277,1.0327050997782705,0.996119733924612,1.0009253883361435,1,1,0,1,0,0
721, 2016/08/02,2500,2529,2478,2514,4636956,2419.39126984127,2404.491190476191,2405.6,1.033317773426544,1.0391043529577326,1.045304259598292,1.0242245770203904,1.0036449392597921,0,1,0,1,1,1
722, 2016/08/03,2517,2522,2471,2497,4146122,2426.901587301588,2406.5979365079374,2424.3,1.0371248727883484,1.02888391233711,1.039185112901158,1.0181706637505001,1.0031042178063287,0,1,0,1,0,0
725, 2016/08/08,2538,2618,2516,2607,4988876,2452.066666666667,2417.8701587301593,2479.3,1.03504526793725,1.0631847964981918,1.0676708082977622,1.026073244338109,1.005728831821563,0,1,0,1,1,1
726, 2016/08/09,2607,2628,2549,2589,4572794,2466.2452380952377,2424.92007936508,2500.3,1.0570724921149657,1.0497739478656105,1.0655874604058804,1.0335549606448207,1.0057822944299655,0,1,0,1,0,1
727, 2016/08/10,2580,2639,2561,2587,4624264,2479.8976190476187,2433.190317460318,2517.2,1.0403655296829653,1.0431882268565236,1.064156834431529,1.032703923069021,1.0055356948050005,1,1,0,1,0,1
728, 2016/08/11,2587,2602,2535,2594,4269190,2492.71507936508,2442.1508730158735,2528.6,1.037824186733341,1.0406323696893263,1.0438417216390234,1.016963399060309,1.0051685441443279,0,1,0,1,1,0
729, 2016/08/12,2580,2590,2555,2577,3689742,2504.4285714285716,2452.060396825397,2545.1,1.0301751183617591,1.0289772403171524,1.0341680451771147,1.0201928013233699,1.0046990898239663,0,1,0,1,0,1
732, 2016/08/17,2640,2667,2585,2589,3099566,2542.55873015873,2485.0703174603177,2575.3,1.0383240979590613,1.0182655642484886,1.048943321688188,1.0166923459182475,1.0049393358215089,0,1,0,1,1,1
760, 2016/09/29,2289,2332,2270,2273,5653568,2296.19126984127,2337.5797619047626,2268.6,0.9968681747310332,0.9899001140950802,1.0155948376901571,0.988593602725839,0.9978451078118635,0,0,0,1,0,0
764, 2016/10/12,2340,2360,2311,2358,4978656,2288.3658730158727,2302.379841269842,2289.7,1.0225637550327902,1.030429630071504,1.0313036161869167,1.009890956359307,1.001695350397313,0,1,0,1,1,1
765, 2016/10/13,2363,2368,2331,2354,4501194,2293.1634920634924,2298.3320634920647,2299.4,1.0304542210698049,1.0265295118063145,1.0326346151050776,1.0164996992440607,1.0020965262173294,1,1,0,1,0,1
766, 2016/10/14,2353,2422,2344,2399,5084094,2301.383333333333,2296.1896825396834,2311.3,1.0224285393567638,1.0424165176017324,1.0524105067242167,1.018517847961009,1.0035844985751297,1,1,0,1,1,1
767, 2016/10/17,2391,2451,2389,2431,4848632,2313.122222222222,2295.9576190476196,2323.5,1.0336678179084549,1.0509604622900266,1.0596067844808126,1.0328031856893762,1.005100796863722,1,1,0,1,1,1
768, 2016/10/18,2430,2443,2402,2441,3898820,2325.765079365079,2297.7361111111118,2340.3,1.0448174760038003,1.0495471024383853,1.0504070345174008,1.0327784268975835,1.0054657108134613,0,1,0,1,1,1
769, 2016/10/19,2451,2526,2424,2434,7063346,2339.620634920635,2301.583174603175,2355.2,1.0476057371938605,1.0403396019297662,1.07966221630016,1.0360654047155928,1.0059574183474018,1,1,0,1,0,1
770, 2016/10/20,2438,2495,2434,2486,5109816,2354.865079365079,2307.4505555555556,2376.5,1.0353034750752412,1.0556868084647455,1.0595086834752776,1.033604863959449,1.0065157761976062,0,1,0,1,1,1
771, 2016/10/21,2492,2504,2433,2485,4545124,2370.233333333333,2315.488650793651,2399.7,1.0513732825178956,1.0484199867804858,1.0564360752105981,1.0264812184454415,1.0065261717551979,1,1,0,1,0,0
772, 2016/10/24,2480,2500,2430,2491,4712738,2384.55873015873,2325.557063492063,2421.8,1.0400247092404038,1.0446377220636476,1.048412005282665,1.0190564691347506,1.006043876197307,1,1,0,1,1,0
773, 2016/10/25,2493,2587,2492,2569,6094124,2404.0896825396826,2337.5167460317457,2444.8,1.0369829453976078,1.0685957427703388,1.076082984253354,1.0365669875374404,1.0081905939803177,0,1,0,1,1,1
774, 2016/10/26,2572,2597,2513,2534,5791228,2422.1738095238097,2350.89753968254,2462.4,1.061856085590177,1.046167698633557,1.07217739279848,1.0374978005785829,1.007522234763315,0,1,0,1,0,1
775, 2016/10/27,2535,2570,2485,2512,5433252,2436.374603174603,2365.2186507936503,2478.2,1.0404803911093505,1.0310401350953406,1.0548459980871918,1.0199580954267204,1.0058628301548622,1,1,0,1,0,0
776, 2016/10/28,2520,2590,2510,2588,4328268,2453.4214285714284,2380.4224603174603,2497.1,1.027137030211454,1.054853426264779,1.0556686143839944,1.023061089615377,1.0069967998248763,1,1,0,1,1,1
777, 2016/10/31,2595,2613,2550,2600,4884518,2471.875396825397,2396.297777777778,2514.0,1.0498101980919956,1.051832953772327,1.0570921185411886,1.031605396969013,1.007521727836507,1,1,0,1,1,1
778, 2016/11/01,2600,2640,2563,2613,5337216,2490.2714285714287,2412.7484126984127,2531.2,1.044062896184581,1.049283210665504,1.0601254022797284,1.0292050780465698,1.0074421355419685,0,1,0,1,1,1
779, 2016/11/02,2619,2665,2595,2610,5090916,2508.1984126984125,2429.6061904761905,2548.8,1.044175766454769,1.040587533580354,1.0625156233684458,1.034607145456329,1.0071988072951823,1,1,0,1,0,1
780, 2016/11/03,2615,2694,2608,2691,4501852,2528.964285714286,2447.016111111111,2569.3,1.0340201381141347,1.0640719662199376,1.065258222592535,1.031252206578074,1.008279198691276,1,1,0,1,1,1
781, 2016/11/04,2695,2767,2694,2716,6349562,2552.9047619047624,2465.283253968254,2592.4,1.0556602189849096,1.0638861427692077,1.08386338624536,1.0552685083285145,1.0094665141479904,1,1,0,1,1,1
782, 2016/11/07,2736,2889,2712,2889,6528734,2585.7825396825397,2485.4056349206353,2632.2,1.0580936169272388,1.1172633257685647,1.1172633257685647,1.0488120939717367,1.0128785759141468,0,1,0,1,1,1
783, 2016/11/08,2887,2933,2786,2836,6907862,2617.6515873015874,2506.7618253968258,2658.9,1.102896968414376,1.0834138560523625,1.1204699717212903,1.0643127655013687,1.0123247207102575,1,1,0,1,0,1
784, 2016/11/09,2827,3030,2815,3015,5927072,2656.543650793651,2530.19880952381,2707.0,1.064164708588705,1.1349333556402355,1.1405797902454107,1.0596475609045648,1.014857616529538,0,1,0,1,1,1
785, 2016/11/10,3010,3119,2937,2987,7075336,2697.4738095238095,2556.3087301587307,2754.5,1.1158588414733714,1.107332345342512,1.1562670187891846,1.0887964841884692,1.0154072976432855,1,1,0,1,0,1
786, 2016/11/11,3000,3148,2960,3126,4679740,2742.5920634920635,2585.225793650794,2808.3,1.0938557140649587,1.1397976540556871,1.1478192626254968,1.0792709712107593,1.016726113821368,0,1,0,1,1,1
787, 2016/11/14,3147,3220,2897,2945,5886956,2778.2579365079364,2615.8640476190476,2842.8,1.1327242005310512,1.0600167685300113,1.1589996586304367,1.0427397549852098,1.0130044396651758,0,1,0,1,0,0
796, 2016/11/25,2902,3154,2902,3154,2816238,2885.473809523809,2827.637619047619,2887.8,1.0057273749710167,1.093061385478493,1.093061385478493,1.0057273749710167,1.00857750701361,1,1,0,1,1,1
797, 2016/11/28,3252,3378,3182,3332,2733408,2929.635714285715,2842.775396825397,2926.5,1.1100356212010754,1.1373427705541155,1.1530443814321134,1.0861418655171655,1.015304905771851,0,1,0,1,1,1
798, 2016/11/29,3306,3348,3060,3062,3991114,2956.0119047619046,2858.4123809523808,2946.9,1.1183987434807998,1.0358550975614669,1.1326070759751112,1.035178510299833,1.0090032321587192,0,1,0,1,0,0
799, 2016/11/30,3062,3085,3000,3000,2136874,2967.8499999999995,2874.229682539682,2965.3,1.0317233013797869,1.0108327577202354,1.0394730191889754,1.0108327577202354,1.004004752220052,1,1,0,1,0,0
803, 2016/12/06,3201,3262,3178,3217,3570526,3047.552380952381,2951.131111111111,3118.7,1.0503511014303437,1.055601216276606,1.0703671642817185,1.0428040613388416,1.0073689073507273,1,1,0,1,1,1
804, 2016/12/07,3223,3428,3216,3382,4600540,3079.5611111111107,2974.5042063492065,3161.5,1.046577704975998,1.0982084387926854,1.1131456322239281,1.0443046538016783,1.0105030943385218,1,1,0,1,1,1
805, 2016/12/08,3391,3418,3291,3394,3988602,3114.0174603174605,2999.81253968254,3205.8,1.0889470091970204,1.0899103949320812,1.0976174808125674,1.0568341513616615,1.011188720718037,0,1,0,1,1,1
807, 2016/12/12,3368,3557,3302,3444,4000812,3179.0198412698414,3050.524365079365,3236.1,1.0594460456889352,1.0833527854372604,1.1188983326946385,1.0386849295917056,1.0113934252792998,1,1,0,1,1,1
808, 2016/12/13,3456,3506,3413,3505,3335092,3218.1333333333337,3076.7365079365077,3280.4,1.0739144845873383,1.0891407026847861,1.089451441829632,1.0605527013589657,1.0123036325711854,0,1,0,1,1,1
809, 2016/12/14,3489,3497,3331,3375,4341096,3247.348412698412,3104.6863492063494,3317.9,1.0744150477837964,1.0393094830238787,1.0768785961880012,1.0257599668007527,1.009078268778509,1,1,0,1,0,0
827, 2017/01/10,3048,3167,3028,3167,3923264,3007.3119047619043,3082.0873809523814,2966.3,1.0135297223988202,1.0530999445003488,1.0530999445003488,1.006879264902765,1.0006580891488965,1,1,0,1,0,0
828, 2017/01/11,3177,3202,3135,3182,3167658,3015.7460317460323,3064.9151587301594,2983.9,1.053470672449366,1.0551286369952417,1.0617604951787443,1.039543770264011,1.0028045401512138,1,1,0,1,1,1
829, 2017/01/12,3179,3260,3158,3207,3534488,3028.140476190476,3050.99634920635,3005.7,1.0498191959704959,1.0590657947396604,1.0765682852670073,1.0428842468936226,1.0041099098909425,0,1,0,1,1,1
830, 2017/01/13,3212,3247,3167,3194,2951466,3041.3476190476185,3040.816031746033,3029.9,1.0561107779602716,1.0501923489430596,1.0676188343826283,1.0413147054172416,1.0043614696745369,1,1,0,1,0,1
831, 2017/01/16,3190,3418,3173,3375,4048262,3066.5420634920642,3036.0800793650806,3080.7,1.040259658583436,1.1005881967771463,1.1146105056546032,1.0347159550737437,1.0082839739484746,0,1,0,1,1,1
832, 2017/01/17,3370,3402,3240,3284,3555120,3091.112698412698,3036.7809523809533,3124.0,1.0902223014160926,1.0624006047033971,1.100574560658026,1.048166248245739,1.0080124891202875,1,1,0,1,0,1
833, 2017/01/18,3292,3350,3243,3292,3353896,3113.5761904761903,3042.3230158730166,3160.2,1.0573051046798125,1.0573051046798125,1.0759332019068566,1.0415675742638615,1.0072671216662619,0,1,0,1,1,1
834, 2017/01/19,3280,3306,3220,3256,3144640,3132.4341269841266,3051.8331746031754,3191.7,1.0471090107672745,1.039447237517758,1.0554092651209175,1.0279545776434829,1.0060566805995046,0,1,0,1,0,0
839, 2017/01/26,3292,3380,3290,3369,1896002,3213.4277777777775,3132.7191269841287,3273.5,1.024451217720088,1.0484131690458616,1.0518363049495434,1.023828829373964,1.0067650294203063,0,1,0,1,1,1
846, 2017/02/13,3351,3451,3332,3437,3014236,3246.2817460317465,3213.0084920634945,3253.4,1.03225790678713,1.0587497539920518,1.0630623802812251,1.026405056823252,1.00562665015173,1,1,0,1,1,1
847, 2017/02/14,3449,3450,3382,3442,2325770,3265.0769841269844,3222.1747619047646,3268.4,1.0563303765170464,1.0541864760718105,1.056636648009223,1.0358101865412153,1.0057897741371997,0,1,0,1,1,1
848, 2017/02/15,3442,3458,3350,3391,3270782,3279.4730158730154,3230.9385714285736,3277.6,1.0495588722152418,1.0340075931673112,1.05443770485773,1.0215055845209355,1.0044090941242785,0,1,0,1,0,0
849, 2017/02/16,3370,3509,3359,3381,4521314,3292.120634920635,3238.807857142859,3278.8,1.023656291404778,1.0269976027417074,1.065878316480524,1.0203149800678484,1.003856601041205,1,1,0,1,0,1
850, 2017/02/17,3394,3489,3389,3473,3593002,3308.7658730158732,3247.8565079365103,3314.8,1.025760096137125,1.0496360677325383,1.0544717075493308,1.0242489586943773,1.0050560838866829,1,1,0,1,1,1
851, 2017/02/20,3481,3557,3461,3546,3980198,3331.3134920634916,3259.6829365079393,3361.2,1.0449331797482047,1.0644450029839512,1.0677470038392314,1.0389295418295135,1.0068145102775334,1,1,0,1,1,1
852, 2017/02/21,3566,3630,3552,3575,3226564,3358.217460317461,3274.3739682539717,3402.2,1.0618728662267443,1.0645528594393188,1.0809305957383852,1.0577039878960728,1.0080760841986396,0,1,0,1,1,1
853, 2017/02/22,3572,3589,3508,3525,3227458,3380.209523809524,3290.864523809527,3430.4,1.0567392272104856,1.0428347636945583,1.0617685012481615,1.0378054896568822,1.0065487312099153,0,1,0,1,0,0
867, 2017/03/14,3603,3615,3556,3594,2793100,3500.9476190476184,3490.157539682544,3503.6,1.029149930835053,1.0265791982850903,1.0325775742350032,1.015724994185248,1.002832405225593,1,1,0,1,1,1
868, 2017/03/15,3592,3692,3566,3641,3284492,3513.5269841269846,3495.381587301592,3513.5,1.022334541965248,1.0362806423428363,1.050795971307265,1.0149345703363235,1.0035931314741544,0,1,0,1,1,1
869, 2017/03/16,3630,3677,3575,3625,2365448,3524.7809523809524,3500.17690476191,3520.7,1.029851230201404,1.0284327023361128,1.043185392135141,1.0142474236832009,1.003203040222776,0,1,0,1,0,1
870, 2017/03/17,3615,3628,3552,3575,2009228,3531.1809523809525,3504.2626190476235,3521.6,1.0237368316009212,1.0124091764794727,1.027418319515392,1.0058957747846398,1.0018157156675727,1,1,0,1,0,0
871, 2017/03/20,3571,3644,3560,3581,1887018,3536.89126984127,3508.152539682544,3533.0,1.0096437033418504,1.0124710449922056,1.0302832973894436,1.0065336275264598,1.0016171126706117,0,1,0,1,1,1
896, 2017/04/26,2955,3032,2934,2967,5939958,2950.0888888888894,3010.855714285718,2910.6,1.0016647332660407,1.0057324073097607,1.027765641713244,0.9945463036895308,0.9988992821685863,1,0,0,1,0,0
897, 2017/04/27,2970,3018,2958,3016,4814822,2950.072222222222,2994.711269841274,2920.5,1.0067550135307421,1.0223478521241476,1.0230258016282088,1.0026873165063757,0.9999943504527168,1,0,0,1,1,1
898, 2017/04/28,3035,3116,3026,3115,6604372,2958.7198412698413,2982.1297619047655,2937.8,1.0257814740233804,1.0528201949202076,1.053158178931418,1.0227396179224875,1.0029313245223215,1,1,0,1,1,1
899, 2017/05/02,3152,3160,3105,3134,3349462,2972.3079365079375,2973.443650793655,2960.0,1.0604553994170525,1.054399499293478,1.0631469105830857,1.044642771316608,1.0045925589332798,0,1,0,1,1,1
900, 2017/05/03,3143,3151,3094,3131,4945434,2985.3611111111104,2968.932460317464,2990.7,1.0528039600643886,1.0487843458356985,1.0554837028835151,1.0363905352972378,1.0043915956495775,0,1,0,1,0,0
911, 2017/05/18,3111,3159,3080,3144,7669748,3028.5603174603175,3001.2224603174645,3027.3,1.0272207497616606,1.038117016152575,1.0430698645120815,1.0169848631520138,1.0043181099800793,1,1,0,1,1,0
912, 2017/05/19,3118,3249,3095,3244,9364778,3046.7452380952386,3007.840476190481,3058.6,1.0233871742913787,1.064742781719446,1.0663838772523058,1.0158381348402235,1.0060044769556284,1,1,0,1,1,1
913, 2017/05/22,3254,3385,3246,3342,9224152,3074.746825396825,3017.0413492063535,3092.4,1.0582985152216688,1.0869187577968094,1.1009036490551165,1.0556966749875654,1.0091906559667234,0,1,0,1,1,1
914, 2017/05/23,3349,3356,3285,3295,6647362,3100.27619047619,3028.3542063492105,3120.3,1.0802263392816003,1.0628085362594424,1.0824842026363244,1.059583017181265,1.0083029161518267,0,1,0,1,0,1
915, 2017/05/24,3288,3317,3191,3246,9760882,3118.505555555556,3040.622539682544,3137.2,1.054351176044081,1.040883186569065,1.063650502110163,1.0232465336851162,1.0058799164846555,0,1,0,1,0,0
916, 2017/05/25,3247,3298,3210,3219,9362346,3133.2817460317465,3053.5259523809573,3153.1,1.036293657317053,1.0273573399764686,1.052570521044546,1.0244849522598523,1.0047382280431942,1,1,0,1,0,1
929, 2017/06/15,3080,3124,3023,3111,8854462,3057.3515873015876,3092.0023809523855,3003.4,1.007407853513636,1.0175473481431563,1.0217993942781165,0.9887642666141953,0.9999143434045592,0,0,0,1,0,0
930, 2017/06/16,3105,3156,3075,3091,7986648,3057.3888888888896,3083.378253968259,3009.9,1.0155724746969998,1.0109934039576252,1.0322533752475784,1.0057601802554827,1.0000122006207781,1,1,0,1,0,1
931, 2017/06/19,3100,3185,3093,3140,7269176,3060.296825396825,3076.3004761904813,3030.0,1.012973635195673,1.026044262746585,1.0407487187413609,1.0106862753742636,1.0009511176411034,0,1,0,1,1,1
932, 2017/06/20,3144,3150,3084,3109,6469594,3061.7158730158726,3070.8262698412746,3045.0,1.0268751675194066,1.0154436691532553,1.0288348529536038,1.007278313177433,1.0004636960726394,0,1,0,1,0,0
936, 2017/06/26,3105,3149,3088,3148,6297226,3063.4158730158733,3059.3743650793704,3082.2,1.0135744308666743,1.0276110493939745,1.0279374823829814,1.0080250700535556,1.0020662288791766,1,1,0,1,1,1
937, 2017/06/27,3152,3225,3132,3224,6593804,3076.499206349206,3060.695714285719,3111.1,1.0245411386731313,1.0479443626529743,1.0482694074304721,1.0180402431231748,1.0042708316061744,1,1,0,1,1,1
938, 2017/06/28,3226,3291,3224,3279,6083548,3096.027777777778,3064.537142857148,3130.6,1.0419803152785378,1.0590990247359968,1.06297495895278,1.0413343262424073,1.0063476601548504,1,1,0,1,1,1
939, 2017/06/29,3288,3330,3252,3297,8409380,3117.9190476190483,3070.5938888888936,3149.2,1.0545495087535488,1.057436049379699,1.0680200316755832,1.0430033462489479,1.0070707601522177,1,1,0,1,1,1
940, 2017/06/30,3291,3355,3273,3347,7499712,3142.0174603174596,3079.0567460317507,3174.8,1.047416203622079,1.0652391472267089,1.06778528202737,1.041687400320591,1.0077290052533,1,1,0,1,1,1
941, 2017/07/03,3341,3415,3333,3413,7327914,3170.643650793651,3090.0914285714334,3202.1,1.0537292638243048,1.0764375867801115,1.0770683735288837,1.0512061168292153,1.009110767472724,0,1,0,1,1,1
942, 2017/07/04,3405,3448,3341,3360,7666870,3196.4222222222224,3103.562063492068,3227.2,1.0652535126078462,1.051175272353117,1.0787060532956987,1.045231126467787,1.008130390629713,1,1,0,1,0,1
943, 2017/07/05,3370,3474,3369,3420,8665272,3223.303968253968,3119.9607936507987,3262.3,1.0455110759614445,1.0610231097294185,1.0777761061988305,1.045200835286085,1.0084099484244784,0,1,0,1,1,1
944, 2017/07/06,3400,3423,3345,3417,7893368,3247.1880952380952,3139.053650793656,3300.9,1.0470597637956356,1.052295062614614,1.0541428151389591,1.030122032322471,1.0074098276859271,1,1,0,1,0,0
945, 2017/07/07,3421,3432,3353,3428,7705736,3270.1373015873014,3160.357460317465,3333.3,1.0461334447148354,1.0482740276183735,1.0494972178489665,1.025339210794751,1.007067408993911,1,1,0,1,1,1
946, 2017/07/10,3435,3479,3405,3442,6567710,3293.5658730158734,3183.3724603174655,3362.7,1.042942552976667,1.0450679089798218,1.0563019335679256,1.0338338843917179,1.007164399922046,1,1,0,1,1,1
947, 2017/07/11,3438,3597,3429,3565,7074976,3323.1968253968257,3208.042222222227,3396.8,1.0345460051375277,1.072762218823527,1.0823915010121254,1.0318377695219845,1.00899661750315,1,1,0,1,1,1
948, 2017/07/12,3565,3615,3553,3575,5648724,3354.9214285714284,3233.931587301592,3426.4,1.062618030228513,1.0655987259654793,1.0775215089133447,1.0590411953441534,1.0095464111340484,1,1,0,1,1,1
949, 2017/07/13,3580,3660,3560,3657,6170360,3389.0309523809524,3261.0427777777827,3462.4,1.056349160070339,1.0790695190997848,1.0799547278931398,1.0504477681146387,1.0101670112209002,0,1,0,1,1,1
950, 2017/07/14,3658,3658,3528,3551,8422600,3416.2428571428572,3288.465317460322,3482.8,1.0707669662160184,1.039446007936873,1.0707669662160184,1.0327134655030379,1.0080294057930592,1,1,0,1,0,0
951, 2017/07/17,3535,3668,3534,3627,6886134,3443.0833333333335,3315.70928571429,3504.2,1.0266960331098578,1.053416269332236,1.065324200692209,1.0264055957596145,1.0078567236911617,0,1,0,1,1,1
952, 2017/07/18,3627,3652,3573,3586,6543818,3467.55873015873,3342.822936507941,3526.8,1.0459808419262075,1.034156961441241,1.0531905251487483,1.0304079261655197,1.00710856940012,1,1,0,1,0,1
953, 2017/07/19,3598,3688,3583,3679,6243064,3494.426984126984,3369.9352380952428,3552.7,1.0296394849122572,1.0528192509705931,1.0553947805326305,1.025346935642195,1.0077484639941552,0,1,0,1,1,1
962, 2017/08/01,3710,3759,3693,3698,4104670,3584.557936507936,3537.702857142861,3591.1,1.0349951279108824,1.0316474347747826,1.0486648748832903,1.030252562634741,1.00460849890921,1,1,0,1,1,1
963, 2017/08/02,3695,3748,3662,3725,3965622,3599.809523809524,3548.241111111115,3595.7,1.026443198052807,1.034776972326578,1.0411661992698027,1.0172760463516588,1.0042548028436795,1,1,0,1,1,0
964, 2017/08/03,3715,3791,3702,3776,4027018,3617.690476190476,3559.0890476190516,3623.7,1.0268982447365131,1.0437598309892526,1.0479061226907458,1.023304791928552,1.0049671940314302,1,1,0,1,1,1
965, 2017/08/04,3780,3899,3765,3882,3464504,3642.6849206349216,3571.543174603178,3659.4,1.0376961176595927,1.0656974414694549,1.0703643287710984,1.0335782759228485,1.0069089505055626,1,1,0,1,1,1
966, 2017/08/07,3880,4101,3866,4079,4377190,3681.39365079365,3587.1849206349243,3715.7,1.053948685754791,1.1080043013386065,1.1139802990413399,1.050145778125779,1.010626428308266,0,1,0,1,1,1
967, 2017/08/08,3921,3996,3841,3884,6067812,3706.6746031746034,3604.5295238095277,3747.3,1.0578214760588471,1.0478394830432445,1.0780552456850683,1.0362387884575444,1.0068672233341585,1,1,0,1,0,0
968, 2017/08/09,3891,4008,3867,4006,7154166,3736.1055555555554,3623.8952380952423,3791.1,1.0414587977082495,1.0722395126238107,1.0727748294049508,1.035034996334567,1.0079399881380864,0,1,0,1,1,1
969, 2017/08/10,3988,4016,3915,3964,7482000,3764.1190476190473,3645.4507142857183,3830.5,1.0594776492317814,1.0531016553547596,1.0669163087549733,1.0400840011891737,1.0074980461999625,0,1,0,1,0,1
977, 2017/08/22,3970,3998,3887,3933,3381224,3846.333333333332,3796.9030158730193,3869.2,1.0321518329144643,1.0225322818268483,1.0394314931969846,1.0105728399341367,1.0040700390636728,0,1,0,1,0,0
980, 2017/08/25,3855,3978,3846,3930,4113372,3858.0952380952376,3824.1454761904797,3842.7,0.9991977289558135,1.0186373734880279,1.0310787459886448,0.9968649716119478,1.0021786851692724,1,1,0,1,0,0
986, 2017/09/04,4060,4194,4040,4060,4660264,3903.292063492064,3866.4776190476223,3923.1,1.040147632808122,1.040147632808122,1.0744776285707547,1.03502375284355,1.0047590806097753,1,1,0,1,1,1
987, 2017/09/05,4060,4127,4051,4084,3474268,3921.724603174603,3874.016746031749,3938.2,1.0352588238127338,1.0413785804067008,1.0523431443042248,1.0329639150899963,1.004722306038777,0,1,0,1,1,1
988, 2017/09/06,4081,4137,3983,3986,4279668,3934.046031746031,3882.639365079368,3958.9,1.0373544099555814,1.0132062430980022,1.051589118840049,1.0124436694077628,1.0031418393227953,0,1,0,1,0,0
1006, 2017/10/09,3762,3795,3674,3701,2497018,3721.004761904762,3806.2343650793687,3660.5,1.0110172495652097,0.9946238279215419,1.0198858219298168,0.9873677232595907,0.997648906323312,0,0,0,1,0,0
1011, 2017/10/16,3818,3878,3772,3824,3796496,3680.938095238095,3715.374920634925,3667.7,1.0372355908237678,1.0388656100864557,1.0535357834506474,1.0247387764764935,1.0026287219871406,0,1,0,1,1,1
1012, 2017/10/17,3824,3835,3715,3740,3919334,3685.492063492064,3705.3348412698456,3680.3,1.0375819386181766,1.0147898667447648,1.0405666146968378,1.008006512020535,1.00123717599594,0,1,0,1,0,0
1013, 2017/10/18,3739,3770,3685,3686,2916468,3685.4436507936502,3697.184603174607,3681.0,1.014531859466856,1.000150958543683,1.0229433298181456,0.9998796207904156,0.9999868639797401,0,0,0,1,0,0
1027, 2017/11/07,3739,3752,3682,3707,1233250,3662.1158730158736,3671.547222222226,3638.9,1.0209944550227488,1.012256337194258,1.0245443153905733,1.0054296826407492,1.0012991834912777,0,1,0,1,1,0
