date,o,h,l,c,vol
 2013/08/19,3802,3843,3785,3812,1892324
 2013/08/20,3810,3828,3792,3796,1517702
 2013/08/21,3796,3807,3786,3789,1150250
 2013/08/22,3777,3799,3762,3769,1747080
 2013/08/23,3772,3820,3771,3817,2136050
 2013/08/26,3827,3848,3802,3813,2048358
 2013/08/27,3801,3830,3776,3818,2137384
 2013/08/28,3817,3835,3765,3767,2350504
 2013/08/29,3768,3790,3727,3749,2330452
 2013/08/30,3733,3769,3732,3753,1441268
 2013/09/02,3765,3797,3763,3787,1452760
 2013/09/03,3793,3799,3741,3745,2010496
 2013/09/04,3744,3756,3729,3737,1309680
 2013/09/05,3731,3748,3723,3732,1201718
 2013/09/06,3729,3733,3705,3723,1544364
 2013/09/09,3732,3764,3732,3752,1343182
 2013/09/10,3751,3755,3721,3736,1186452
 2013/09/11,3731,3742,3716,3727,1304284
 2013/09/12,3723,3734,3710,3713,1060552
 2013/09/13,3709,3710,3655,3657,1823146
 2013/09/16,3661,3668,3628,3647,1416362
 2013/09/17,3645,3661,3636,3647,1199380
 2013/09/18,3640,3643,3618,3633,1376762
 2013/09/23,3629,3656,3612,3655,1429956
 2013/09/24,3653,3664,3626,3627,1224802
 2013/09/25,3627,3637,3617,3626,1026100
 2013/09/26,3625,3628,3605,3613,1024020
 2013/09/27,3610,3612,3570,3576,1164922
 2013/09/30,3586,3598,3581,3587,648414
 2013/10/08,3579,3600,3541,3599,1071150
 2013/10/09,3594,3621,3580,3589,1716768
 2013/10/10,3587,3608,3584,3597,1022460
 2013/10/11,3603,3621,3590,3601,1156954
 2013/10/14,3602,3628,3598,3625,1129852
 2013/10/15,3626,3636,3585,3606,1206938
 2013/10/16,3610,3612,3560,3567,1254510
 2013/10/17,3577,3586,3557,3558,991812
 2013/10/18,3563,3581,3539,3568,1365830
 2013/10/21,3558,3583,3551,3570,769944
 2013/10/22,3565,3577,3555,3557,476304
 2013/10/23,3559,3572,3536,3537,518390
 2013/10/24,3520,3538,3516,3519,443932
 2013/10/25,3521,3530,3485,3486,392180
 2013/10/28,3490,3500,3479,3485,260978
 2013/10/29,3482,3498,3470,3494,405792
 2013/10/30,3498,3521,3487,3521,431352
 2013/10/31,3640,3651,3623,3636,1152622
 2013/11/01,3638,3681,3632,3671,1771784
 2013/11/04,3675,3685,3661,3677,1256126
 2013/11/05,3682,3692,3654,3669,1371586
 2013/11/06,3670,3677,3636,3642,1492144
 2013/11/07,3643,3688,3643,3679,1910172
 2013/11/08,3680,3686,3658,3661,1341632
 2013/11/11,3650,3677,3633,3668,1523286
 2013/11/12,3668,3681,3657,3670,1267998
 2013/11/13,3660,3678,3647,3647,1582304
 2013/11/14,3641,3650,3614,3620,1902964
 2013/11/15,3624,3636,3590,3591,1936398
 2013/11/18,3596,3608,3583,3592,1339696
 2013/11/19,3585,3625,3585,3624,1689192
 2013/11/20,3630,3651,3623,3646,1905328
 2013/11/21,3644,3646,3607,3612,1674888
 2013/11/22,3616,3635,3610,3614,1222570
 2013/11/25,3624,3642,3614,3636,1475922
 2013/11/26,3640,3677,3636,3660,2424668
 2013/11/27,3658,3664,3645,3650,1382060
 2013/11/28,3648,3682,3646,3670,1725370
 2013/11/29,3674,3680,3662,3670,935964
 2013/12/02,3671,3698,3670,3695,1520018
 2013/12/03,3690,3709,3687,3709,1341546
 2013/12/04,3710,3727,3708,3713,1475374
 2013/12/05,3716,3718,3692,3693,1243242
 2013/12/06,3692,3704,3683,3702,1151966
 2013/12/09,3703,3726,3703,3722,1356200
 2013/12/10,3726,3737,3708,3716,1122538
 2013/12/11,3718,3738,3691,3735,1933408
 2013/12/12,3741,3745,3725,3729,1238166
 2013/12/13,3728,3729,3661,3676,2446196
 2013/12/16,3680,3694,3668,3671,1300370
 2013/12/17,3675,3689,3662,3663,1377856
 2013/12/18,3663,3663,3644,3656,1292080
 2013/12/19,3661,3672,3642,3652,1024508
 2013/12/20,3651,3665,3626,3627,1285518
 2013/12/23,3616,3624,3603,3612,1107832
 2013/12/24,3609,3632,3608,3628,984078
 2013/12/25,3632,3640,3592,3603,1342694
 2013/12/26,3601,3610,3583,3604,1270188
 2013/12/27,3603,3621,3596,3612,1316292
 2013/12/30,3612,3628,3567,3573,1487060
 2013/12/31,3574,3592,3562,3570,1260888
 2014/01/02,3562,3592,3562,3590,1019050
 2014/01/03,3587,3588,3528,3540,1260658
 2014/01/06,3531,3540,3512,3515,1107724
 2014/01/07,3517,3520,3462,3465,1517508
 2014/01/08,3453,3481,3449,3469,1222914
 2014/01/09,3466,3488,3451,3456,1310698
 2014/01/10,3452,3497,3441,3492,1624786
 2014/01/13,3484,3494,3449,3462,1229540
 2014/01/14,3462,3496,3456,3492,1233518
 2014/01/15,3488,3507,3481,3498,1169568
 2014/01/16,3501,3509,3472,3481,1286670
 2014/01/17,3478,3478,3452,3470,974250
 2014/01/20,3465,3478,3446,3451,1432548
 2014/01/21,3441,3447,3408,3410,1480214
 2014/01/22,3404,3439,3403,3424,1420846
 2014/01/23,3426,3465,3420,3463,1452702
 2014/01/24,3453,3488,3444,3487,1437284
 2014/01/27,3474,3479,3458,3472,876126
 2014/01/28,3463,3465,3430,3431,964522
 2014/01/29,3430,3452,3420,3443,817008
 2014/01/30,3438,3465,3433,3455,517506
 2014/02/07,3448,3450,3401,3411,926746
 2014/02/10,3404,3428,3380,3421,1560496
 2014/02/11,3412,3427,3385,3386,1192182
 2014/02/12,3383,3406,3382,3393,1140402
 2014/02/13,3399,3415,3383,3395,1091764
 2014/02/14,3400,3417,3395,3412,967856
 2014/02/17,3415,3459,3414,3455,1488420
 2014/02/18,3453,3463,3422,3428,1016036
 2014/02/19,3433,3449,3429,3436,925548
 2014/02/20,3431,3432,3391,3394,1089914
 2014/02/21,3396,3403,3386,3389,798520
 2014/02/24,3384,3387,3308,3326,1518470
 2014/02/25,3325,3342,3295,3308,948250
 2014/02/26,3301,3328,3299,3317,836764
 2014/02/27,3320,3348,3310,3340,935740
 2014/02/28,3339,3344,3298,3318,1029944
 2014/03/03,3320,3331,3296,3324,755248
 2014/03/04,3425,3430,3389,3409,1316748
 2014/03/05,3415,3438,3393,3423,2003504
 2014/03/06,3415,3419,3387,3388,1639254
 2014/03/07,3385,3394,3322,3335,2593584
 2014/03/10,3290,3290,3221,3221,1547872
 2014/03/11,3180,3260,3171,3236,2838730
 2014/03/12,3186,3260,3141,3254,3159628
 2014/03/13,3259,3285,3245,3284,2265162
 2014/03/14,3270,3276,3220,3262,2095746
 2014/03/17,3270,3281,3227,3229,2095964
 2014/03/18,3228,3275,3225,3240,2215350
 2014/03/19,3241,3260,3226,3242,2278624
 2014/03/20,3266,3278,3230,3230,2621828
 2014/03/21,3231,3252,3211,3220,2690310
 2014/03/24,3215,3224,3190,3213,2403414
 2014/03/25,3214,3312,3210,3287,4139074
 2014/03/26,3284,3286,3262,3275,1924026
 2014/03/27,3265,3295,3253,3269,2310856
 2014/03/28,3271,3310,3269,3307,2425214
 2014/03/31,3311,3346,3310,3328,2564106
 2014/04/01,3328,3336,3316,3331,1668948
 2014/04/02,3345,3352,3316,3317,2100082
 2014/04/03,3314,3343,3311,3336,2085484
 2014/04/04,3339,3377,3334,3372,2226006
 2014/04/08,3388,3425,3383,3414,2354892
 2014/04/09,3416,3419,3380,3384,1868136
 2014/04/10,3390,3405,3367,3368,2138006
 2014/04/11,3373,3376,3353,3360,1780520
 2014/04/14,3356,3394,3348,3360,2492596
 2014/04/15,3357,3369,3336,3369,2006394
 2014/04/16,3359,3360,3323,3329,2099342
 2014/04/17,3336,3341,3324,3324,1542468
 2014/04/18,3323,3323,3236,3245,3201112
 2014/04/21,3252,3260,3235,3235,1428492
 2014/04/22,3232,3253,3211,3244,2154884
 2014/04/23,3248,3268,3216,3266,2239166
 2014/04/24,3267,3289,3262,3283,2356824
 2014/04/25,3289,3296,3267,3276,1564756
 2014/04/28,3261,3267,3215,3222,1942172
 2014/04/29,3221,3262,3220,3248,1848226
 2014/04/30,3248,3251,3220,3227,1441202
 2014/05/05,3220,3245,3191,3238,1698470
 2014/05/06,3236,3249,3217,3225,1505276
 2014/05/07,3221,3232,3195,3195,2484126
 2014/05/08,3185,3203,3172,3181,2125730
 2014/05/09,3182,3187,3158,3168,1775258
 2014/05/12,3152,3194,3152,3193,2050244
 2014/05/13,3198,3202,3162,3165,1784628
 2014/05/14,3166,3180,3161,3166,1489994
 2014/05/15,3164,3174,3130,3131,1974658
 2014/05/16,3127,3130,3063,3090,2660116
 2014/05/19,3081,3107,3072,3080,2610682
 2014/05/20,3077,3085,3062,3068,1942194
 2014/05/21,3068,3087,3055,3075,2248696
 2014/05/22,3072,3116,3072,3079,2761430
 2014/05/23,3085,3094,3073,3081,1680760
 2014/05/26,3088,3147,3087,3140,2753950
 2014/05/27,3140,3156,3127,3144,1714528
 2014/05/28,3139,3145,3102,3116,2123098
 2014/05/29,3114,3126,3108,3111,1509232
 2014/05/30,3106,3106,3047,3056,2382866
 2014/06/03,3058,3069,3040,3057,1874874
 2014/06/04,3055,3069,3052,3061,1628800
 2014/06/05,3065,3078,3034,3067,2458340
 2014/06/06,3068,3085,3061,3079,2035658
 2014/06/09,3073,3085,3057,3064,1694312
 2014/06/10,3069,3080,3043,3068,2473368
 2014/06/11,3068,3072,3045,3046,1734420
 2014/06/12,3041,3048,3026,3027,1792726
 2014/06/13,3018,3048,3015,3029,2031862
 2014/06/16,3018,3024,3000,3001,2032034
 2014/06/17,2999,3025,2994,3018,2207960
 2014/06/18,3020,3027,3005,3009,1468542
 2014/06/19,3008,3023,3004,3009,1592270
 2014/06/20,3010,3046,2999,3044,2709728
 2014/06/23,3041,3077,3041,3072,2300392
 2014/06/24,3065,3069,3047,3064,1704490
 2014/06/25,3064,3086,3063,3079,1605680
 2014/06/26,3085,3119,3082,3115,2398494
 2014/06/27,3115,3122,3086,3088,1650420
 2014/06/30,3090,3091,3070,3076,1335024
 2014/07/01,3082,3088,3062,3069,1441298
 2014/07/02,3072,3100,3049,3097,1760900
 2014/07/03,3103,3115,3080,3083,845736
 2014/07/04,3101,3114,3091,3102,1699004
 2014/07/07,3105,3115,3076,3088,2240672
 2014/07/08,3091,3118,3078,3116,1986526
 2014/07/09,3116,3118,3092,3095,1700376
 2014/07/10,3093,3136,3088,3113,2917146
 2014/07/11,3115,3131,3109,3128,2612894
 2014/07/14,3131,3154,3128,3146,2366372
 2014/07/15,3148,3155,3136,3145,1722738
 2014/07/16,3145,3149,3132,3132,1383160
 2014/07/17,3129,3139,3120,3121,1637226
 2014/07/18,3118,3119,3046,3051,2746716
 2014/07/21,3064,3064,3041,3042,1814832
 2014/07/22,3039,3062,3039,3045,1790502
 2014/07/23,3043,3048,3031,3036,1823528
 2014/07/24,3031,3055,3028,3034,2238246
 2014/07/25,3039,3052,3032,3048,1784238
 2014/07/28,3045,3081,3045,3076,2703224
 2014/07/29,3085,3115,3076,3105,2990810
 2014/07/30,3098,3100,3070,3072,2289602
 2014/07/31,3073,3084,3065,3069,1561388
 2014/08/01,3062,3081,3051,3067,2294988
 2014/08/04,3064,3108,3060,3106,2945594
 2014/08/05,3106,3123,3097,3102,2952628
 2014/08/06,3094,3120,3091,3104,2590882
 2014/08/07,3108,3125,3100,3100,2228166
 2014/08/08,3097,3106,3076,3087,2247990
 2014/08/11,3085,3099,3062,3062,2524660
 2014/08/12,3057,3069,3052,3063,1791422
 2014/08/13,3063,3072,3042,3044,2678436
 2014/08/14,3041,3046,3020,3021,2142998
 2014/08/15,3018,3037,3014,3031,2373268
 2014/08/18,3030,3036,3006,3010,2453272
 2014/08/19,3009,3027,3003,3015,1979616
 2014/08/20,3010,3012,2990,2990,2240678
 2014/08/21,2991,2995,2980,2983,1873434
 2014/08/22,2980,3001,2979,2986,1949942
 2014/08/25,2975,2978,2961,2974,1933578
 2014/08/26,2975,2990,2964,2979,1727058
 2014/08/27,2983,2989,2964,2965,2003836
 2014/08/28,2961,2969,2926,2937,3218868
 2014/08/29,2932,2947,2927,2940,1913484
 2014/09/01,2943,2943,2914,2915,2147522
 2014/09/02,2915,2929,2896,2910,3632038
 2014/09/03,2902,2905,2850,2853,3861960
 2014/09/04,2854,2863,2837,2838,3927914
 2014/09/05,2839,2847,2826,2834,3371838
 2014/09/09,2820,2830,2766,2768,4192656
 2014/09/10,2760,2812,2725,2780,6590504
 2014/09/11,2774,2784,2749,2757,3729686
 2014/09/12,2756,2791,2752,2790,3984704
 2014/09/15,2812,2832,2801,2826,4585390
 2014/09/16,2826,2834,2782,2788,5159490
 2014/09/17,2805,2814,2782,2804,4392080
 2014/09/18,2796,2797,2766,2767,3746742
 2014/09/19,2758,2764,2708,2714,5731296
 2014/09/22,2694,2696,2619,2619,5027012
 2014/09/23,2610,2648,2591,2616,6227118
 2014/09/24,2612,2637,2609,2616,4575332
 2014/09/25,2613,2622,2538,2548,7750420
 2014/09/26,2544,2624,2538,2590,9099322
 2014/09/29,2585,2598,2519,2529,6766200
 2014/09/30,2538,2562,2526,2532,3750178
 2014/10/08,2555,2570,2507,2513,4365294
 2014/10/09,2513,2565,2510,2550,4927310
 2014/10/10,2543,2597,2531,2575,5180206
 2014/10/13,2606,2664,2600,2663,5580374
 2014/10/14,2662,2671,2631,2649,3412412
 2014/10/15,2654,2674,2634,2654,3637952
 2014/10/16,2635,2683,2603,2655,4556070
 2014/10/17,2656,2674,2632,2646,2264754
 2014/10/20,2619,2633,2591,2614,4455996
 2014/10/21,2611,2623,2596,2597,3350458
 2014/10/22,2599,2602,2537,2547,5402296
 2014/10/23,2541,2560,2523,2533,5723920
 2014/10/24,2533,2558,2527,2554,4631784
 2014/10/27,2557,2566,2541,2549,3682354
 2014/10/28,2544,2559,2530,2548,4006168
 2014/10/29,2548,2590,2542,2589,5199588
 2014/10/30,2591,2620,2580,2590,6061352
 2014/10/31,2589,2595,2563,2565,5027740
 2014/11/03,2560,2583,2541,2542,5634362
 2014/11/04,2535,2570,2529,2558,5819806
 2014/11/05,2554,2567,2512,2513,6212778
 2014/11/06,2522,2537,2512,2526,5593508
 2014/11/07,2527,2550,2506,2536,6886784
 2014/11/10,2559,2575,2548,2557,6817834
 2014/11/11,2555,2562,2537,2552,4467210
 2014/11/12,2560,2568,2542,2554,5140482
 2014/11/13,2549,2550,2518,2520,4548416
 2014/11/14,2515,2535,2514,2524,3606306
 2014/11/17,2529,2535,2507,2514,4282336
 2014/11/18,2508,2509,2431,2442,7893790
 2014/11/19,2441,2461,2433,2446,5697686
 2014/11/20,2447,2459,2437,2439,4135288
 2014/11/21,2423,2459,2417,2448,6265558
 2014/11/24,2471,2479,2436,2437,5317852
 2014/11/25,2435,2452,2424,2450,5293080
 2014/11/26,2442,2455,2431,2448,4756278
 2014/11/27,2457,2539,2453,2539,8196212
 2014/11/28,2522,2575,2516,2548,7732948
 2014/12/01,2529,2546,2505,2521,6595664
 2014/12/02,2548,2556,2482,2503,6316698
 2014/12/03,2499,2539,2492,2532,6837216
 2014/12/04,2534,2593,2532,2567,7936068
 2014/12/05,2569,2576,2549,2560,4642740
 2014/12/08,2565,2591,2540,2542,5658862
 2014/12/09,2535,2557,2505,2557,6535982
 2014/12/10,2558,2572,2537,2563,6050896
 2014/12/11,2558,2603,2551,2566,6475540
 2014/12/12,2566,2591,2563,2585,5607560
 2014/12/15,2590,2596,2570,2570,3293514
 2014/12/16,2555,2557,2529,2548,4504078
 2014/12/17,2536,2549,2531,2540,3543628
 2014/12/18,2545,2554,2519,2546,4590180
 2014/12/19,2550,2571,2545,2567,3740938
 2014/12/22,2560,2564,2502,2513,5049920
 2014/12/23,2497,2497,2463,2467,4548628
 2014/12/24,2466,2503,2461,2496,3938452
 2014/12/25,2494,2497,2476,2482,2427210
 2014/12/26,2483,2488,2473,2480,1877152
 2014/12/29,2476,2524,2466,2519,3040750
 2014/12/30,2519,2608,2512,2608,6385038
 2014/12/31,2618,2626,2575,2594,4148900
 2015/01/05,2550,2570,2540,2560,2891694
 2015/01/06,2551,2647,2548,2619,7434538
 2015/01/07,2615,2615,2568,2585,4317868
 2015/01/08,2585,2603,2563,2579,3696668
 2015/01/09,2584,2588,2546,2557,3561070
 2015/01/12,2557,2585,2501,2502,5204600
 2015/01/13,2498,2514,2483,2511,3337222
 2015/01/14,2499,2520,2456,2487,5060470
 2015/01/15,2483,2524,2472,2519,4426394
 2015/01/16,2519,2532,2497,2510,3898388
 2015/01/19,2499,2526,2470,2516,5840042
 2015/01/20,2512,2528,2486,2488,3804648
 2015/01/21,2485,2513,2470,2472,4067256
 2015/01/22,2461,2491,2460,2479,3426746
 2015/01/23,2478,2496,2471,2484,3686640
 2015/01/26,2482,2486,2441,2450,4693054
 2015/01/27,2454,2467,2449,2455,2345892
 2015/01/28,2463,2475,2454,2474,2453880
 2015/01/29,2472,2513,2470,2507,3767108
 2015/01/30,2514,2514,2491,2498,2275316
 2015/02/02,2503,2526,2486,2492,2749940
 2015/02/03,2496,2504,2473,2474,2576944
 2015/02/04,2480,2512,2466,2467,2889450
 2015/02/05,2480,2492,2472,2472,1784504
 2015/02/06,2476,2497,2475,2496,1633356
 2015/02/09,2495,2509,2465,2478,1506170
 2015/02/10,2477,2495,2476,2489,826546
 2015/02/11,2492,2495,2480,2490,605922
 2015/02/12,2490,2495,2474,2489,691294
 2015/02/13,2488,2520,2487,2514,1430356
 2015/02/16,2514,2549,2509,2524,1218768
 2015/02/17,2524,2530,2504,2521,804402
 2015/02/25,2513,2514,2475,2483,890868
 2015/02/26,2486,2509,2485,2505,863160
 2015/02/27,2510,2510,2462,2464,1378260
 2015/03/02,2462,2483,2426,2472,2769934
 2015/03/03,2466,2482,2452,2468,1199714
 2015/03/04,2464,2470,2454,2464,693690
 2015/03/05,2466,2467,2428,2447,1213754
 2015/03/06,2445,2448,2416,2418,585192
 2015/03/09,2478,2506,2462,2486,3254646
 2015/03/10,2483,2493,2449,2453,2391878
 2015/03/11,2451,2478,2449,2471,2204398
 2015/03/12,2474,2507,2464,2496,2646136
 2015/03/13,2505,2516,2485,2493,2484292
 2015/03/16,2491,2524,2480,2520,2887758
 2015/03/17,2520,2524,2505,2512,2039234
 2015/03/18,2511,2522,2473,2483,4334196
 2015/03/19,2480,2502,2474,2482,2041408
 2015/03/20,2482,2498,2477,2481,1774980
 2015/03/23,2483,2549,2471,2548,4785718
 2015/03/24,2550,2574,2538,2542,4221476
 2015/03/25,2538,2547,2505,2507,3109514
 2015/03/26,2502,2514,2488,2491,2949506
 2015/03/27,2495,2495,2407,2477,6043130
 2015/03/30,2472,2498,2450,2451,4261190
 2015/03/31,2471,2477,2414,2431,5247554
 2015/04/01,2423,2428,2381,2390,5869210
 2015/04/02,2377,2399,2339,2342,7905188
 2015/04/03,2343,2374,2336,2341,6098706
 2015/04/07,2330,2343,2309,2311,4374424
 2015/04/08,2306,2335,2284,2324,7162492
 2015/04/09,2323,2326,2287,2290,4823818
 2015/04/10,2291,2298,2266,2266,4749620
 2015/04/13,2263,2334,2262,2329,8377910
 2015/04/14,2335,2341,2302,2324,7287328
 2015/04/15,2327,2331,2294,2297,4532636
 2015/04/16,2296,2329,2291,2318,5042842
 2015/04/17,2317,2335,2309,2311,4649630
 2015/04/20,2305,2314,2278,2279,6266020
 2015/04/21,2277,2291,2270,2281,4252402
 2015/04/22,2282,2334,2282,2327,6974766
 2015/04/23,2328,2332,2306,2323,5507632
 2015/04/24,2325,2388,2324,2378,9322642
 2015/04/27,2384,2413,2366,2408,8738302
 2015/04/28,2417,2430,2384,2398,5879950
 2015/04/29,2398,2412,2331,2340,7285772
 2015/04/30,2346,2377,2341,2365,5412820
 2015/05/04,2383,2421,2371,2413,4834698
 2015/05/05,2414,2442,2399,2428,7536936
 2015/05/06,2430,2447,2418,2430,6223092
 2015/05/07,2433,2437,2401,2407,4835314
 2015/05/08,2410,2420,2386,2412,5401672
 2015/05/11,2417,2434,2407,2421,4298216
 2015/05/12,2420,2427,2389,2391,3813042
 2015/05/13,2395,2407,2376,2383,3721250
 2015/05/14,2384,2390,2342,2363,5247184
 2015/05/15,2360,2373,2351,2372,2802208
 2015/05/18,2372,2374,2348,2349,2535766
 2015/05/19,2342,2355,2338,2342,2609006
 2015/05/20,2337,2342,2302,2314,3605960
 2015/05/21,2314,2353,2313,2344,3321110
 2015/05/22,2346,2359,2326,2351,3699272
 2015/05/25,2348,2350,2327,2347,3046606
 2015/05/26,2348,2378,2346,2351,4809814
 2015/05/27,2350,2364,2342,2355,2552564
 2015/05/28,2355,2373,2342,2355,3100416
 2015/05/29,2355,2365,2335,2359,3197716
 2015/06/01,2356,2386,2347,2372,4129768
 2015/06/02,2375,2379,2363,2375,2592372
 2015/06/03,2378,2379,2348,2349,2404222
 2015/06/04,2347,2359,2336,2356,3077860
 2015/06/05,2356,2365,2325,2341,2524844
 2015/06/08,2338,2341,2327,2334,1898566
 2015/06/09,2330,2356,2328,2337,2066772
 2015/06/10,2338,2348,2327,2336,2709874
 2015/06/11,2344,2359,2340,2355,3117692
 2015/06/12,2348,2351,2296,2299,3983034
 2015/06/15,2298,2314,2276,2281,3325350
 2015/06/16,2273,2288,2238,2243,3921078
 2015/06/17,2240,2249,2218,2223,4536168
 2015/06/18,2226,2252,2222,2245,3378246
 2015/06/19,2245,2267,2244,2246,3010142
 2015/06/23,2240,2242,2226,2239,2102086
 2015/06/24,2239,2247,2230,2241,2497894
 2015/06/25,2242,2246,2215,2218,2870778
 2015/06/26,2217,2237,2203,2213,3994394
 2015/06/29,2215,2226,2178,2181,3658666
 2015/06/30,2180,2180,2095,2135,7807732
 2015/07/01,2135,2140,2117,2124,3659918
 2015/07/02,2120,2139,2089,2124,4505638
 2015/07/03,2116,2155,2114,2121,3551970
 2015/07/06,2116,2119,2027,2027,3390786
 2015/07/07,2003,2028,1948,1957,7005452
 2015/07/08,1965,2005,1891,1891,9237660
 2015/07/09,1905,2035,1893,2004,7051156
 2015/07/10,2020,2068,2007,2007,4587426
 2015/07/13,2002,2032,1992,2008,2661184
 2015/07/14,2018,2033,1999,2007,1806312
 2015/07/15,2006,2016,1983,1990,1765154
 2015/07/16,1990,2021,1956,2005,2515104
 2015/07/17,2008,2015,1988,2006,1423034
 2015/07/20,2047,2123,2038,2112,5372274
 2015/07/21,2104,2125,2079,2081,4278448
 2015/07/22,2074,2085,2010,2031,4843262
 2015/07/23,2031,2062,2017,2050,4318224
 2015/07/24,2050,2064,2034,2044,4132504
 2015/07/27,2048,2099,2046,2074,5905974
 2015/07/28,2072,2102,2052,2072,5570278
 2015/07/29,2076,2118,2075,2110,5789134
 2015/07/30,2108,2116,2081,2085,4844012
 2015/07/31,2082,2107,2077,2095,4215404
 2015/08/03,2095,2132,2073,2078,6307800
 2015/08/04,2083,2102,2068,2097,3837588
 2015/08/05,2096,2107,2082,2098,3994900
 2015/08/06,2099,2102,2066,2076,3884330
 2015/08/07,2071,2079,2043,2063,4472546
 2015/08/10,2057,2067,2038,2045,3523152
 2015/08/11,2044,2074,2043,2053,4898544
 2015/08/12,2049,2073,2043,2071,3829656
 2015/08/13,2080,2103,2076,2092,5340620
 2015/08/14,2089,2093,2081,2085,2412166
 2015/08/17,2089,2095,2058,2059,3325562
 2015/08/18,2055,2068,2047,2049,2590430
 2015/08/19,2049,2053,2024,2044,4059872
 2015/08/20,2042,2048,2020,2028,3291744
 2015/08/21,2034,2040,2023,2024,2737948
 2015/08/24,2021,2026,1930,1934,6300192
 2015/08/25,1936,1965,1917,1933,6832422
 2015/08/26,1961,1975,1936,1937,4417540
 2015/08/27,1935,1985,1931,1969,4210674
 2015/08/28,1970,2004,1965,1976,6597234
 2015/08/31,1972,1977,1945,1952,5809012
 2015/09/01,1955,1970,1946,1963,4473344
 2015/09/02,1960,1967,1949,1955,2561494
 2015/09/07,1954,1955,1839,1920,4094518
 2015/09/08,1920,1949,1916,1949,3649914
 2015/09/09,1952,1979,1946,1948,7883726
 2015/09/10,1950,1967,1939,1956,4779406
 2015/09/11,1957,1969,1946,1946,5041194
 2015/09/14,1944,1948,1926,1929,4065166
 2015/09/15,1925,1934,1907,1909,3253090
 2015/09/16,1910,1941,1910,1934,3964030
 2015/09/17,1933,1950,1925,1926,4414424
 2015/09/18,1928,1935,1918,1922,3226308
 2015/09/21,1920,1925,1894,1904,3814342
 2015/09/22,1908,1913,1884,1891,3174160
 2015/09/23,1887,1905,1877,1902,3580716
 2015/09/24,1905,1906,1888,1893,1747832
 2015/09/25,1892,1910,1885,1891,2794220
 2015/09/28,1885,1885,1855,1859,2271328
 2015/09/29,1852,1858,1828,1833,3299438
 2015/09/30,1837,1838,1815,1821,2494804
 2015/10/08,1837,1851,1818,1826,2553402
 2015/10/09,1826,1864,1821,1852,3479500
 2015/10/12,1857,1868,1836,1847,3981900
 2015/10/13,1848,1852,1820,1838,3089416
 2015/10/14,1836,1843,1826,1830,2522922
 2015/10/15,1831,1844,1826,1834,2109524
 2015/10/16,1834,1836,1820,1830,2483140
 2015/10/19,1829,1841,1800,1807,3243418
 2015/10/20,1806,1815,1795,1801,2261400
 2015/10/21,1800,1811,1788,1804,4048260
 2015/10/22,1804,1818,1801,1805,2373494
 2015/10/23,1805,1809,1781,1801,2247608
 2015/10/26,1803,1808,1793,1801,2065598
 2015/10/27,1800,1818,1798,1804,2068660
 2015/10/28,1802,1804,1784,1792,1783290
 2015/10/29,1790,1801,1783,1795,1251140
 2015/10/30,1796,1797,1779,1782,1280842
 2015/11/02,1782,1796,1779,1787,998326
 2015/11/03,1785,1789,1773,1779,1032118
 2015/11/04,1777,1785,1773,1780,1321266
 2015/11/05,1781,1788,1768,1776,1524966
 2015/11/06,1777,1808,1775,1794,2568118
 2015/11/09,1791,1808,1788,1805,1957650
 2015/11/10,1806,1811,1790,1797,1808924
 2015/11/11,1795,1796,1775,1777,1753724
 2015/11/12,1780,1780,1760,1765,2324048
 2015/11/13,1764,1768,1758,1759,1946790
 2015/11/16,1759,1768,1752,1753,1964378
 2015/11/17,1753,1758,1748,1752,1586652
 2015/11/18,1752,1753,1731,1736,2100464
 2015/11/19,1736,1737,1692,1705,4542824
 2015/11/20,1704,1712,1693,1695,2733446
 2015/11/23,1695,1695,1649,1659,4414044
 2015/11/24,1660,1673,1652,1667,3414958
 2015/11/25,1666,1729,1659,1676,6173106
 2015/11/26,1673,1722,1666,1680,8211592
 2015/11/27,1680,1685,1654,1656,4213766
 2015/11/30,1652,1660,1621,1626,4700388
 2015/12/01,1628,1642,1618,1633,4285306
 2015/12/02,1630,1673,1626,1659,7473778
 2015/12/03,1657,1667,1632,1635,4289644
 2015/12/04,1635,1657,1630,1650,5652644
 2015/12/07,1652,1676,1643,1670,5045348
 2015/12/08,1668,1669,1645,1654,4044250
 2015/12/09,1651,1667,1649,1656,3471394
 2015/12/10,1656,1663,1643,1648,3004688
 2015/12/11,1646,1662,1640,1658,2855298
 2015/12/14,1659,1670,1648,1665,3573916
 2015/12/15,1661,1686,1656,1657,5315278
 2015/12/16,1656,1674,1655,1673,2142674
 2015/12/17,1673,1694,1673,1677,5940106
 2015/12/18,1676,1714,1676,1712,4566394
 2015/12/21,1719,1757,1712,1749,9698548
 2015/12/22,1749,1764,1719,1731,8147652
 2015/12/23,1728,1731,1707,1717,5630160
 2015/12/24,1717,1741,1715,1724,6194022
 2015/12/25,1722,1738,1720,1737,2885082
 2015/12/28,1737,1746,1720,1741,4514858
 2015/12/29,1740,1790,1739,1780,8060928
 2015/12/30,1779,1806,1771,1780,7988626
 2015/12/31,1782,1804,1776,1784,5863506
 2016/01/04,1821,1846,1773,1777,6700936
 2016/01/05,1779,1789,1761,1789,6413148
 2016/01/06,1787,1790,1769,1775,4603662
 2016/01/07,1770,1786,1766,1773,4652628
 2016/01/08,1769,1775,1747,1759,6658038
 2016/01/11,1757,1772,1748,1758,5081394
 2016/01/12,1759,1765,1739,1741,5333022
 2016/01/13,1741,1752,1735,1740,3591540
 2016/01/14,1742,1759,1732,1758,4110300
 2016/01/15,1758,1787,1754,1778,6649864
 2016/01/18,1777,1832,1770,1827,9156242
 2016/01/19,1825,1841,1817,1839,6967734
 2016/01/20,1838,1842,1813,1818,6237726
 2016/01/21,1815,1824,1805,1808,5493208
 2016/01/22,1810,1856,1807,1823,7687002
 2016/01/25,1828,1856,1823,1840,7650122
 2016/01/26,1840,1848,1832,1845,4321346
 2016/01/27,1850,1871,1840,1863,7017400
 2016/01/28,1861,1862,1810,1815,7189268
 2016/01/29,1813,1827,1805,1814,5938474
 2016/02/01,1816,1845,1815,1819,5697330
 2016/02/02,1820,1824,1801,1815,4090540
 2016/02/03,1820,1830,1807,1826,3099622
 2016/02/04,1826,1855,1825,1851,3515826
 2016/02/05,1853,1862,1826,1843,2790060
 2016/02/15,1835,1880,1833,1872,2680436
 2016/02/16,1872,1880,1861,1865,2707824
 2016/02/17,1866,1876,1855,1861,3197078
 2016/02/18,1864,1871,1855,1870,2833084
 2016/02/19,1872,1899,1864,1897,4259322
 2016/02/22,1897,1968,1892,1962,6568536
 2016/02/23,1957,1965,1921,1926,5118530
 2016/02/24,1922,1937,1916,1929,3504668
 2016/02/25,1929,1961,1924,1928,4325944
 2016/02/26,1932,1939,1898,1922,4146132
 2016/02/29,1922,1973,1912,1969,6078558
 2016/03/01,1975,2010,1961,1994,6064250
 2016/03/02,1997,2009,1984,1993,5582604
 2016/03/03,1990,1999,1967,1974,4325658
 2016/03/04,1972,1997,1952,1987,4750600
 2016/03/07,1990,2073,1983,2073,3279116
 2016/03/08,2194,2194,2077,2194,6192598
 2016/03/09,2149,2163,2035,2104,8678072
 2016/03/10,2112,2201,2107,2130,11325298
 2016/03/11,2111,2133,2068,2085,4663174
 2016/03/14,2000,2076,1985,1986,7468574
 2016/03/15,1980,2006,1967,1972,6206632
 2016/03/16,1969,2011,1968,2008,5064118
 2016/03/17,2010,2086,2006,2078,8370102
 2016/03/18,2082,2149,2073,2118,12070078
 2016/03/21,2117,2210,2087,2147,15519554
 2016/03/22,2153,2180,2144,2158,10235742
 2016/03/23,2155,2240,2138,2193,15313536
 2016/03/24,2198,2205,2106,2120,17616140
 2016/03/25,2117,2185,2114,2184,13761106
 2016/03/28,2190,2219,2127,2132,15282150
 2016/03/29,2140,2172,2123,2159,12704180
 2016/03/30,2163,2165,2091,2113,15421990
 2016/03/31,2109,2140,2105,2136,10882762
 2016/04/01,2140,2196,2136,2193,11332698
 2016/04/05,2207,2209,2152,2194,7784670
 2016/04/06,2194,2207,2162,2182,9508160
 2016/04/07,2180,2212,2171,2191,8191230
 2016/04/08,2188,2199,2178,2196,7519084
 2016/04/11,2201,2315,2199,2293,13939432
 2016/04/12,2302,2344,2287,2344,12889096
 2016/04/13,2351,2435,2332,2353,19138022
 2016/04/14,2355,2377,2315,2324,11451662
 2016/04/15,2320,2340,2296,2300,10863312
 2016/04/18,2287,2417,2287,2391,11825572
 2016/04/19,2397,2494,2396,2494,14327034
 2016/04/20,2501,2592,2501,2592,15687854
 2016/04/21,2612,2787,2610,2750,22361440
 2016/04/22,2735,2740,2591,2619,21928680
 2016/04/25,2608,2781,2585,2643,19860714
 2016/04/26,2607,2650,2518,2554,13828216
 2016/04/27,2550,2587,2451,2500,14117966
 2016/04/28,2503,2548,2456,2539,12590112
 2016/04/29,2548,2590,2533,2580,11065856
 2016/05/03,2545,2546,2432,2451,6087006
 2016/05/04,2439,2448,2365,2381,8158556
 2016/05/05,2373,2404,2299,2309,8843630
 2016/05/06,2320,2339,2281,2336,9851786
 2016/05/09,2343,2352,2175,2175,8700040
 2016/05/10,2105,2165,2085,2147,10220650
 2016/05/11,2155,2175,2118,2146,9657606
 2016/05/12,2154,2159,2072,2074,8472638
 2016/05/13,2064,2078,2000,2030,10298962
 2016/05/16,2022,2086,2013,2052,8318498
 2016/05/17,2058,2118,2042,2114,8366662
 2016/05/18,2109,2134,2036,2055,10649982
 2016/05/19,2050,2073,2024,2043,8679626
 2016/05/20,2030,2079,2016,2062,7550934
 2016/05/23,2065,2069,1930,1947,7824686
 2016/05/24,1945,1965,1917,1958,6755808
 2016/05/25,1963,1973,1912,1916,6905020
 2016/05/26,1920,1958,1907,1953,7416702
 2016/05/27,1965,2048,1926,2033,11215608
 2016/05/30,2033,2054,1894,1990,10207570
 2016/05/31,1985,2028,1973,1978,7125598
 2016/06/01,1975,1985,1939,1955,5423698
 2016/06/02,1940,1980,1938,1954,4834340
 2016/06/03,1952,2003,1950,1988,5065658
 2016/06/06,2009,2082,1982,2059,7362346
 2016/06/07,2065,2103,2055,2077,6342670
 2016/06/08,2076,2115,2038,2099,7473444
 2016/06/13,2092,2189,2090,2170,6223922
 2016/06/14,2170,2184,2071,2072,8418904
 2016/06/15,2062,2101,2053,2067,5505990
 2016/06/16,2082,2118,2068,2074,5954174
 2016/06/17,2069,2080,2028,2074,5880856
 2016/06/20,2072,2099,2056,2062,4848484
 2016/06/21,2053,2115,2048,2082,5592902
 2016/06/22,2080,2143,2075,2143,6999164
 2016/06/23,2148,2161,2131,2141,5478706
 2016/06/24,2153,2168,2100,2126,5838818
 2016/06/27,2125,2268,2124,2268,7599160
 2016/06/28,2268,2288,2234,2265,5887680
 2016/06/29,2264,2280,2226,2241,5861356
 2016/06/30,2237,2345,2233,2337,7704152
 2016/07/01,2341,2374,2309,2349,7083518
 2016/07/04,2349,2468,2349,2424,9112380
 2016/07/05,2430,2454,2311,2402,7311714
 2016/07/06,2393,2429,2326,2378,8042726
 2016/07/07,2370,2456,2349,2387,8375194
 2016/07/08,2387,2447,2365,2445,8376194
 2016/07/11,2464,2484,2361,2430,7469210
 2016/07/12,2435,2563,2416,2558,7774606
 2016/07/13,2540,2589,2512,2516,6880472
 2016/07/14,2523,2542,2478,2524,5581728
 2016/07/15,2515,2556,2479,2527,6070020
 2016/07/18,2528,2535,2362,2362,7009522
 2016/07/19,2354,2358,2264,2297,7458256
 2016/07/20,2304,2336,2282,2310,5487648
 2016/07/21,2309,2432,2278,2396,7426584
 2016/07/22,2390,2399,2296,2310,6666442
 2016/07/25,2311,2368,2279,2342,7003380
 2016/07/26,2350,2379,2309,2379,5557718
 2016/07/27,2377,2449,2367,2418,7734528
 2016/07/28,2421,2503,2412,2480,7475414
 2016/07/29,2475,2484,2396,2412,5494102
 2016/08/01,2420,2521,2383,2495,6510646
 2016/08/02,2500,2529,2478,2514,4636956
 2016/08/03,2517,2522,2471,2497,4146122
 2016/08/04,2495,2504,2417,2453,5642740
 2016/08/05,2461,2555,2450,2538,5161852
 2016/08/08,2538,2618,2516,2607,4988876
 2016/08/09,2607,2628,2549,2589,4572794
 2016/08/10,2580,2639,2561,2587,4624264
 2016/08/11,2587,2602,2535,2594,4269190
 2016/08/12,2580,2590,2555,2577,3689742
 2016/08/15,2561,2582,2505,2571,4053394
 2016/08/16,2571,2687,2563,2648,4320198
 2016/08/17,2640,2667,2585,2589,3099566
 2016/08/18,2531,2570,2516,2549,4533600
 2016/08/19,2537,2575,2497,2567,5512548
 2016/08/22,2564,2602,2551,2553,5207160
 2016/08/23,2549,2615,2537,2596,5406822
 2016/08/24,2599,2620,2575,2589,3940550
 2016/08/25,2600,2620,2487,2567,7629108
 2016/08/26,2565,2573,2500,2502,5510904
 2016/08/29,2492,2501,2447,2477,5832962
 2016/08/30,2485,2491,2418,2422,6071512
 2016/08/31,2430,2449,2389,2392,5324052
 2016/09/01,2384,2412,2362,2402,5234742
 2016/09/02,2400,2464,2388,2406,7014078
 2016/09/05,2415,2463,2410,2436,6002322
 2016/09/06,2436,2458,2412,2428,5017696
 2016/09/07,2424,2427,2330,2334,7433996
 2016/09/08,2334,2357,2321,2338,4869812
 2016/09/09,2335,2346,2303,2343,5757430
 2016/09/12,2343,2357,2270,2277,5823944
 2016/09/13,2276,2299,2247,2256,4971790
 2016/09/14,2250,2276,2246,2250,4277878
 2016/09/19,2200,2249,2190,2239,3195102
 2016/09/20,2237,2285,2237,2264,5189584
 2016/09/21,2264,2275,2242,2257,4515108
 2016/09/22,2254,2330,2253,2280,7508750
 2016/09/23,2285,2313,2280,2309,4878596
 2016/09/27,2319,2321,2252,2273,5733910
 2016/09/28,2268,2288,2255,2285,4295198
 2016/09/29,2289,2332,2270,2273,5653568
 2016/09/30,2270,2288,2248,2253,3710948
 2016/10/10,2240,2274,2209,2270,3464986
 2016/10/11,2273,2340,2273,2339,5548546
 2016/10/12,2340,2360,2311,2358,4978656
 2016/10/13,2363,2368,2331,2354,4501194
 2016/10/14,2353,2422,2344,2399,5084094
 2016/10/17,2391,2451,2389,2431,4848632
 2016/10/18,2430,2443,2402,2441,3898820
 2016/10/19,2451,2526,2424,2434,7063346
 2016/10/20,2438,2495,2434,2486,5109816
 2016/10/21,2492,2504,2433,2485,4545124
 2016/10/24,2480,2500,2430,2491,4712738
 2016/10/25,2493,2587,2492,2569,6094124
 2016/10/26,2572,2597,2513,2534,5791228
 2016/10/27,2535,2570,2485,2512,5433252
 2016/10/28,2520,2590,2510,2588,4328268
 2016/10/31,2595,2613,2550,2600,4884518
 2016/11/01,2600,2640,2563,2613,5337216
 2016/11/02,2619,2665,2595,2610,5090916
 2016/11/03,2615,2694,2608,2691,4501852
 2016/11/04,2695,2767,2694,2716,6349562
 2016/11/07,2736,2889,2712,2889,6528734
 2016/11/08,2887,2933,2786,2836,6907862
 2016/11/09,2827,3030,2815,3015,5927072
 2016/11/10,3010,3119,2937,2987,7075336
 2016/11/11,3000,3148,2960,3126,4679740
 2016/11/14,3147,3220,2897,2945,5886956
 2016/11/15,2950,2996,2858,2858,2869130
 2016/11/16,2801,2839,2714,2816,3909922
 2016/11/17,2819,2841,2738,2814,3171932
 2016/11/18,2824,2845,2750,2772,2899398
 2016/11/21,2783,2790,2660,2714,2988754
 2016/11/22,2726,2900,2708,2900,3723944
 2016/11/23,2897,2966,2860,2954,4070872
 2016/11/24,2950,3012,2882,2951,3487584
 2016/11/25,2902,3154,2902,3154,2816238
 2016/11/28,3252,3378,3182,3332,2733408
 2016/11/29,3306,3348,3060,3062,3991114
 2016/11/30,3062,3085,3000,3000,2136874
 2016/12/01,3000,3218,2965,3187,5079566
 2016/12/02,3196,3229,3011,3126,5315224
 2016/12/05,3124,3233,3060,3204,4581570
 2016/12/06,3201,3262,3178,3217,3570526
 2016/12/07,3223,3428,3216,3382,4600540
 2016/12/08,3391,3418,3291,3394,3988602
 2016/12/09,3402,3413,3213,3345,5420202
 2016/12/12,3368,3557,3302,3444,4000812
 2016/12/13,3456,3506,3413,3505,3335092
 2016/12/14,3489,3497,3331,3375,4341096
 2016/12/15,3368,3441,3304,3413,4079444
 2016/12/16,3380,3409,3292,3293,3396454
 2016/12/19,3280,3309,3167,3171,3659544
 2016/12/20,3161,3193,3118,3162,3485732
 2016/12/21,3168,3205,3093,3169,3572718
 2016/12/22,3173,3186,3024,3026,3356712
 2016/12/23,3012,3068,2966,2984,3764756
 2016/12/26,2971,3018,2846,2922,4597294
 2016/12/27,2932,3007,2872,3006,3606540
 2016/12/28,3010,3072,2966,2989,4099296
 2016/12/29,2992,2995,2911,2952,3948156
 2016/12/30,2948,2970,2866,2867,2988602
 2017/01/03,2889,2998,2839,2851,2581552
 2017/01/04,2860,2957,2827,2930,3988998
 2017/01/05,2930,2998,2913,2941,3639036
 2017/01/06,2940,2988,2900,2912,3621876
 2017/01/09,2915,3049,2893,3048,3590906
 2017/01/10,3048,3167,3028,3167,3923264
 2017/01/11,3177,3202,3135,3182,3167658
 2017/01/12,3179,3260,3158,3207,3534488
 2017/01/13,3212,3247,3167,3194,2951466
 2017/01/16,3190,3418,3173,3375,4048262
 2017/01/17,3370,3402,3240,3284,3555120
 2017/01/18,3292,3350,3243,3292,3353896
 2017/01/19,3280,3306,3220,3256,3144640
 2017/01/20,3252,3296,3193,3194,3147490
 2017/01/23,3191,3205,3143,3180,2358234
 2017/01/24,3178,3344,3170,3292,2952718
 2017/01/25,3300,3320,3255,3299,1804324
 2017/01/26,3292,3380,3290,3369,1896002
 2017/02/03,3349,3358,3071,3113,2496492
 2017/02/06,3110,3132,3062,3082,2416472
 2017/02/07,3090,3176,3067,3165,2591874
 2017/02/08,3161,3248,3129,3243,2989688
 2017/02/09,3248,3276,3202,3206,2410544
 2017/02/10,3198,3398,3181,3328,4366112
 2017/02/13,3351,3451,3332,3437,3014236
 2017/02/14,3449,3450,3382,3442,2325770
 2017/02/15,3442,3458,3350,3391,3270782
 2017/02/16,3370,3509,3359,3381,4521314
 2017/02/17,3394,3489,3389,3473,3593002
 2017/02/20,3481,3557,3461,3546,3980198
 2017/02/21,3566,3630,3552,3575,3226564
 2017/02/22,3572,3589,3508,3525,3227458
 2017/02/23,3506,3566,3444,3483,3698790
 2017/02/24,3512,3515,3373,3498,3970238
 2017/02/27,3498,3648,3485,3612,3932404
 2017/02/28,3610,3623,3467,3471,3752392
 2017/03/01,3488,3579,3469,3542,3596716
 2017/03/02,3545,3597,3525,3553,2936158
 2017/03/03,3555,3567,3440,3566,4145656
 2017/03/06,3569,3580,3450,3467,4069720
 2017/03/07,3445,3509,3442,3494,3009698
 2017/03/08,3492,3508,3410,3425,3776446
 2017/03/09,3417,3444,3348,3389,3374018
 2017/03/10,3385,3427,3380,3402,2693822
 2017/03/13,3410,3606,3353,3604,4616948
 2017/03/14,3603,3615,3556,3594,2793100
 2017/03/15,3592,3692,3566,3641,3284492
 2017/03/16,3630,3677,3575,3625,2365448
 2017/03/17,3615,3628,3552,3575,2009228
 2017/03/20,3571,3644,3560,3581,1887018
 2017/03/21,3580,3588,3470,3476,1964284
 2017/03/22,3463,3498,3395,3405,1615206
 2017/03/23,3119,3182,3118,3127,2961120
 2017/03/24,3130,3199,3097,3140,4315812
 2017/03/27,3138,3145,3003,3057,4210368
 2017/03/28,3058,3108,3035,3050,3860972
 2017/03/29,3062,3177,3061,3169,4705728
 2017/03/30,3169,3189,3121,3142,3670026
 2017/03/31,3140,3224,3112,3152,5570154
 2017/04/05,3200,3285,3173,3222,4368094
 2017/04/06,3237,3247,3157,3162,4956264
 2017/04/07,3136,3145,2985,3038,6128296
 2017/04/10,3030,3058,2987,3000,4221712
 2017/04/11,2990,3029,2950,2982,4500688
 2017/04/12,2975,2992,2888,2893,4743762
 2017/04/13,2888,2961,2879,2917,4355624
 2017/04/14,2925,2999,2907,2942,5676496
 2017/04/17,2942,2991,2884,2912,5247354
 2017/04/18,2917,2929,2815,2824,4828746
 2017/04/19,2819,2862,2811,2852,3665450
 2017/04/20,2853,2928,2775,2889,6177936
 2017/04/21,2898,2967,2867,2928,6859930
 2017/04/24,2923,2942,2851,2927,5467910
 2017/04/25,2925,2958,2896,2948,5236738
 2017/04/26,2955,3032,2934,2967,5939958
 2017/04/27,2970,3018,2958,3016,4814822
 2017/04/28,3035,3116,3026,3115,6604372
 2017/05/02,3152,3160,3105,3134,3349462
 2017/05/03,3143,3151,3094,3131,4945434
 2017/05/04,3120,3126,2904,2931,10040322
 2017/05/05,2949,2955,2891,2931,7220490
 2017/05/08,2948,3049,2933,3004,9812676
 2017/05/09,2998,3035,2980,3016,6250494
 2017/05/10,3009,3084,3005,3077,7391280
 2017/05/11,3084,3108,2962,3060,10250286
 2017/05/12,3068,3078,2939,2941,9412260
 2017/05/15,2950,3032,2925,2991,7079212
 2017/05/16,2997,3005,2958,2999,5715242
 2017/05/17,3005,3118,2993,3110,8553152
 2017/05/18,3111,3159,3080,3144,7669748
 2017/05/19,3118,3249,3095,3244,9364778
 2017/05/22,3254,3385,3246,3342,9224152
 2017/05/23,3349,3356,3285,3295,6647362
 2017/05/24,3288,3317,3191,3246,9760882
 2017/05/25,3247,3298,3210,3219,9362346
 2017/05/26,3221,3249,3172,3240,7427212
 2017/05/31,3248,3273,3089,3095,6663064
 2017/06/01,3102,3127,3057,3092,7377354
 2017/06/02,3098,3108,3021,3026,9046274
 2017/06/05,3010,3055,2938,2939,7983244
 2017/06/06,2928,2973,2906,2959,6740960
 2017/06/07,2959,2996,2935,2962,6244994
 2017/06/08,2968,3025,2924,2968,9025802
 2017/06/09,2968,3021,2954,3017,6275936
 2017/06/12,3030,3051,3000,3033,6298340
 2017/06/13,3035,3045,2932,2935,5864856
 2017/06/14,2935,3086,2930,3084,8388128
 2017/06/15,3080,3124,3023,3111,8854462
 2017/06/16,3105,3156,3075,3091,7986648
 2017/06/19,3100,3185,3093,3140,7269176
 2017/06/20,3144,3150,3084,3109,6469594
 2017/06/21,3099,3100,3034,3069,6953398
 2017/06/22,3079,3123,3030,3031,8068116
 2017/06/23,3037,3110,3034,3104,6795422
 2017/06/26,3105,3149,3088,3148,6297226
 2017/06/27,3152,3225,3132,3224,6593804
 2017/06/28,3226,3291,3224,3279,6083548
 2017/06/29,3288,3330,3252,3297,8409380
 2017/06/30,3291,3355,3273,3347,7499712
 2017/07/03,3341,3415,3333,3413,7327914
 2017/07/04,3405,3448,3341,3360,7666870
 2017/07/05,3370,3474,3369,3420,8665272
 2017/07/06,3400,3423,3345,3417,7893368
 2017/07/07,3421,3432,3353,3428,7705736
 2017/07/10,3435,3479,3405,3442,6567710
 2017/07/11,3438,3597,3429,3565,7074976
 2017/07/12,3565,3615,3553,3575,5648724
 2017/07/13,3580,3660,3560,3657,6170360
 2017/07/14,3658,3658,3528,3551,8422600
 2017/07/17,3535,3668,3534,3627,6886134
 2017/07/18,3627,3652,3573,3586,6543818
 2017/07/19,3598,3688,3583,3679,6243064
 2017/07/20,3667,3675,3488,3496,8574736
 2017/07/21,3510,3547,3467,3525,6661080
 2017/07/24,3528,3566,3455,3516,5893656
 2017/07/25,3523,3590,3485,3568,6185898
 2017/07/26,3579,3639,3547,3568,6233630
 2017/07/27,3555,3599,3504,3570,6196006
 2017/07/28,3566,3595,3530,3558,5509860
 2017/07/31,3565,3740,3559,3733,6960054
 2017/08/01,3710,3759,3693,3698,4104670
 2017/08/02,3695,3748,3662,3725,3965622
 2017/08/03,3715,3791,3702,3776,4027018
 2017/08/04,3780,3899,3765,3882,3464504
 2017/08/07,3880,4101,3866,4079,4377190
 2017/08/08,3921,3996,3841,3884,6067812
 2017/08/09,3891,4008,3867,4006,7154166
 2017/08/10,3988,4016,3915,3964,7482000
 2017/08/11,3945,3993,3812,3862,9155740
 2017/08/14,3861,3894,3786,3807,7245232
 2017/08/15,3800,3809,3695,3747,4333142
 2017/08/16,3742,3769,3696,3707,3306254
 2017/08/17,3726,3860,3721,3809,5557758
 2017/08/18,3800,3900,3776,3895,3634340
 2017/08/21,3868,3994,3803,3962,4277788
 2017/08/22,3970,3998,3887,3933,3381224
 2017/08/23,3918,3918,3710,3779,5422838
 2017/08/24,3779,3880,3746,3858,4439100
 2017/08/25,3855,3978,3846,3930,4113372
 2017/08/28,3920,3960,3805,3932,4434592
 2017/08/29,3926,3950,3839,3882,4324476
 2017/08/30,3885,3908,3808,3868,4006358
 2017/08/31,3854,3929,3782,3927,5042166
 2017/09/01,3915,4097,3903,4062,5397808
 2017/09/04,4060,4194,4040,4060,4660264
 2017/09/05,4060,4127,4051,4084,3474268
 2017/09/06,4081,4137,3983,3986,4279668
 2017/09/07,3998,4027,3934,3958,4500946
 2017/09/08,3951,4038,3887,3916,5079692
 2017/09/11,3912,3946,3835,3915,3909502
 2017/09/12,3915,3965,3878,3959,4357690
 2017/09/13,3951,4001,3900,3914,4162678
 2017/09/14,3913,3940,3818,3831,5110450
 2017/09/15,3831,3858,3777,3805,3729164
 2017/09/18,3808,3830,3742,3801,3851596
 2017/09/19,3796,3834,3735,3740,3327328
 2017/09/20,3738,3788,3707,3758,3418992
 2017/09/21,3768,3799,3650,3655,4317254
 2017/09/22,3650,3654,3527,3554,3657024
 2017/09/25,3574,3628,3531,3603,3402282
 2017/09/26,3599,3650,3586,3614,3101096
 2017/09/27,3613,3684,3608,3679,3315054
 2017/09/28,3690,3724,3571,3606,4395896
 2017/09/29,3615,3699,3524,3695,3387018
 2017/10/09,3762,3795,3674,3701,2497018
 2017/10/10,3695,3702,3552,3553,3736474
 2017/10/11,3550,3618,3512,3523,3363060
 2017/10/12,3523,3700,3503,3667,4779306
 2017/10/13,3665,3820,3643,3815,4049004
 2017/10/16,3818,3878,3772,3824,3796496
 2017/10/17,3824,3835,3715,3740,3919334
 2017/10/18,3739,3770,3685,3686,2916468
 2017/10/19,3691,3691,3566,3604,3844860
 2017/10/20,3601,3777,3591,3776,3610592
 2017/10/23,3777,3778,3602,3700,4416066
 2017/10/24,3698,3777,3672,3739,3076650
 2017/10/25,3745,3814,3680,3703,3378510
 2017/10/26,3682,3705,3628,3650,3187124
 2017/10/27,3650,3665,3565,3577,2991008
 2017/10/30,3581,3628,3561,3571,2092610
 2017/10/31,3575,3665,3535,3628,3080286
 2017/11/01,3634,3657,3561,3563,2340156
 2017/11/02,3580,3680,3555,3642,2629562
 2017/11/03,3638,3667,3593,3612,1712470
 2017/11/06,3622,3748,3612,3736,1871584
 2017/11/07,3739,3752,3682,3707,1233250
