,date,open,close,low,low_pct
10, 2016/02/05,2127.349,2096.989,2096.989,0.045968480019
11, 2016/02/04,2095.619,2126.639,2095.619,0.0315233828287
12, 2016/02/03,2049.319,2090.509,2034.599,0.00964271545816
13, 2016/02/02,1996.589,2075.289,1996.589,0.0
14, 2016/02/01,1989.209,1992.689,1956.919,0.016232582901
15, 2016/01/29,1908.259,1994.059,1907.289,0.000508316743167
16, 2016/01/28,1969.308,1906.458,1900.878,0.0347482465922
17, 2016/01/27,1997.318,1997.458,1888.249,0.0546077289645
18, 2016/01/26,2132.219,1994.048,1990.509,0.11442070444
19, 2016/01/25,2165.729,2158.819,2136.878,0.12812314006
20, 2016/01/22,2140.279,2149.589,2078.119,0.117755675779
21, 2016/01/21,2173.309,2112.399,2112.399,0.131164045242
22, 2016/01/20,2222.599,2204.649,2190.499,0.150431994255
23, 2016/01/19,2170.089,2241.699,2148.719,0.129874857667
24, 2016/01/18,2074.859,2174.929,2074.859,0.0899386416137
25, 2016/01/15,2160.169,2112.899,2096.189,0.12587904002
26, 2016/01/14,1991.229,2175.009,1989.869,0.0517168040441
27, 2016/01/13,2160.319,2059.779,2059.779,0.0789003846191
28, 2016/01/12,2117.249,2147.529,2087.269,0.0601629756349
29, 2016/01/11,2188.189,2106.359,2105.769,0.0906320249302
30, 2016/01/08,2297.589,2248.989,2142.329,0.133931699708
31, 2016/01/07,2415.329,2256.519,2254.499,0.176149915809
32, 2016/01/06,2433.359,2468.369,2388.689,0.182254241976
33, 2016/01/05,2353.229,2416.729,2333.609,0.154409111905
34, 2016/01/04,2706.269,2491.239,2490.469,0.264718695739
35, 2015/12/31,2780.539,2714.049,2713.689,0.284358536241
36, 2015/12/30,2758.249,2779.509,2749.289,0.253229494509
37, 2015/12/29,2732.549,2749.819,2710.199,0.236145811109
38, 2015/12/28,2809.519,2735.489,2735.489,0.250487716937
39, 2015/12/25,2807.509,2794.729,2777.459,0.236928893193
40, 2015/12/24,2775.979,2795.779,2735.969,0.187854447026
41, 2015/12/23,2845.429,2783.939,2779.929,0.179874458298
42, 2015/12/22,2836.959,2839.849,2811.609,0.177425898647
43, 2015/12/21,2825.309,2829.919,2800.349,0.118514470453
44, 2015/12/18,2836.919,2830.259,2801.639,0.0446681769906
45, 2015/12/17,2784.969,2835.699,2784.969,0.0268476956117
46, 2015/12/16,2760.259,2763.109,2749.789,0.0181359792686
47, 2015/12/15,2718.249,2745.699,2718.249,0.0
48, 2015/12/14,2642.819,2709.259,2622.469,0.00770011113133
49, 2015/12/11,2686.299,2671.289,2666.889,0.0237613162198
50, 2015/12/10,2665.269,2695.509,2663.369,0.0160584166176
51, 2015/12/09,2677.589,2667.909,2650.449,0.0205856836131
52, 2015/12/08,2723.619,2691.659,2678.659,0.0371380872288
53, 2015/12/07,2699.339,2738.149,2687.019,0.0284773420456
54, 2015/12/04,2702.559,2692.159,2679.349,0.0296348756863
55, 2015/12/03,2622.489,2708.119,2622.489,7.62634276063e-06
56, 2015/12/02,2653.239,2613.259,2525.339,0.0482052314171
57, 2015/12/01,2669.299,2655.349,2621.169,0.0539317626088
58, 2015/11/30,2658.969,2672.579,2507.379,0.057010818855
59, 2015/11/27,2819.359,2649.549,2629.129,0.110656358413
60, 2015/11/26,2911.849,2833.199,2831.379,0.138904867663
61, 2015/11/25,2813.509,2897.569,2806.819,0.108807187039
62, 2015/11/24,2767.719,2816.049,2739.519,0.0940630172355
63, 2015/11/23,2797.119,2770.579,2759.309,0.103585153152
64, 2015/11/20,2783.039,2800.149,2757.839,0.0990499953468
65, 2015/11/19,2678.359,2770.749,2676.749,0.0638375960803
66, 2015/11/18,2727.609,2661.169,2655.059,0.0807410446292
67, 2015/11/17,2834.979,2717.049,2711.579,0.115556411529
68, 2015/11/16,2656.569,2797.159,2654.639,0.0103291124755
69, 2015/11/13,2751.389,2710.159,2681.609,0.0351640571362
70, 2015/11/12,2818.569,2783.299,2743.259,0.0581607191451
71, 2015/11/11,2738.579,2804.679,2730.519,0.0306509324726
72, 2015/11/10,2710.899,2746.609,2700.289,0.0207532630319
73, 2015/11/09,2653.309,2724.619,2612.259,0.0154712474122
74, 2015/11/06,2571.659,2661.409,2571.659,0.0
75, 2015/11/05,2587.819,2564.719,2542.849,0.0173775677511
76, 2015/11/04,2451.229,2584.319,2451.229,0.0
77, 2015/11/03,2444.049,2429.269,2407.549,0.0149342341336
78, 2015/11/02,2416.099,2432.039,2408.779,0.00353876227754
79, 2015/10/30,2475.229,2478.279,2439.159,0.0273429246344
80, 2015/10/29,2504.849,2485.279,2436.779,0.0388446569035
81, 2015/10/28,2551.699,2485.239,2473.469,0.0564917727365
82, 2015/10/27,2497.159,2563.959,2423.599,0.0358847794634
83, 2015/10/26,2570.129,2527.479,2481.589,0.0632575252059
84, 2015/10/23,2488.309,2538.379,2461.489,0.0324557761918
85, 2015/10/22,2355.159,2458.139,2355.159,0.0
86, 2015/10/21,2504.779,2344.739,2335.659,0.0675189308119
87, 2015/10/20,2430.179,2511.159,2427.779,0.0388942542916
88, 2015/10/19,2465.109,2433.599,2398.339,0.0525128909107
89, 2015/10/16,2424.619,2449.029,2401.089,0.0366903006204
90, 2015/10/15,2300.619,2404.529,2296.789,0.00166476935121
91, 2015/10/14,2330.079,2304.999,2295.599,0.0147977815344
92, 2015/10/13,2297.928,2342.039,2290.638,0.00317242315686
93, 2015/10/12,2233.609,2316.779,2232.269,0.000599925949439
94, 2015/10/09,2190.839,2216.659,2184.549,0.0028710462065
95, 2015/10/08,2153.119,2190.309,2138.539,0.00677157184531
96, 2015/09/30,2111.989,2082.669,2049.429,0.0296213663992
97, 2015/09/29,2089.539,2098.569,2075.969,0.019195621618
98, 2015/09/28,2024.889,2122.259,2007.919,0.00838070630044
99, 2015/09/25,2091.859,2020.969,2002.449,0.0427418865229
100, 2015/09/24,2090.559,2106.589,2084.309,0.0421466220279
101, 2015/09/23,2039.489,2077.989,2036.058,0.0181614120008
102, 2015/09/22,2082.339,2078.719,2042.129,0.0383655110911
103, 2015/09/21,1950.329,2079.059,1945.349,0.00255341534685
104, 2015/09/18,1948.119,1983.299,1922.139,0.0133359409769
105, 2015/09/17,1943.289,1933.299,1922.799,0.0108836102093
106, 2015/09/16,1813.729,1926.249,1808.749,0.00274572441638
107, 2015/09/15,1843.229,1797.558,1794.289,0.0265512315616
108, 2015/09/14,2068.198,1906.208,1905.198,0.132438480262
109, 2015/09/11,2039.009,2060.499,2029.809,0.120019087704
110, 2015/09/10,2030.029,2039.119,2024.889,0.116126419869
111, 2015/09/09,2023.308,2071.719,2017.099,0.113190379319
112, 2015/09/08,1875.668,2001.158,1859.208,0.0433866761069
113, 2015/09/07,1882.858,1893.518,1878.258,0.0470396599212
114, 2015/09/02,1787.708,1855.028,1779.178,0.00477147274611
115, 2015/09/01,1959.458,1889.489,1877.359,0.0920050340451
116, 2015/08/31,2056.289,1996.869,1987.579,0.134762671979
117, 2015/08/28,1990.349,2082.119,1960.389,0.106097473358
118, 2015/08/27,1924.779,1959.489,1843.189,0.075645567621
119, 2015/08/26,1975.919,1890.039,1875.029,0.0995693649385
120, 2015/08/25,1996.039,1990.709,1987.119,0.108645672755
121, 2015/08/24,2222.539,2152.609,2152.609,0.199484013554
122, 2015/08/21,2452.618,2341.948,2340.918,0.27458006098
123, 2015/08/20,2556.768,2508.818,2508.348,0.304130057948
124, 2015/08/19,2427.938,2570.688,2359.168,0.240841817213
125, 2015/08/18,2674.418,2504.168,2488.608,0.310807435487
126, 2015/08/17,2665.368,2666.288,2613.778,0.308467348599
127, 2015/08/14,2713.778,2674.018,2664.418,0.320803322895
128, 2015/08/13,2608.738,2684.258,2578.908,0.281250551033
129, 2015/08/12,2658.838,2622.188,2622.188,0.252636302024
130, 2015/08/11,2705.038,2698.908,2675.148,0.204222269706
131, 2015/08/10,2606.738,2706.718,2593.408,0.101974191499
132, 2015/08/07,2509.958,2576.988,2505.268,0.0600767024787
133, 2015/08/06,2441.958,2480.928,2430.528,0.0339031220029
134, 2015/08/05,2542.268,2502.038,2480.448,0.0439528798695
135, 2015/08/04,2396.408,2546.158,2380.278,0.00673090725786
136, 2015/08/03,2475.328,2399.268,2371.478,0.0419540359904
137, 2015/07/31,2507.258,2539.838,2499.248,0.0541547778489
138, 2015/07/30,2671.458,2561.188,2556.088,0.11229074161
139, 2015/07/29,2617.938,2693.868,2483.918,0.0941427948255
140, 2015/07/28,2546.408,2581.958,2492.188,0.0686967681534
141, 2015/07/27,2822.368,2683.448,2683.048,0.159755921269
142, 2015/07/24,2976.938,2897.818,2879.258,0.203383476579
143, 2015/07/23,2896.248,2967.948,2864.428,0.181189594261
144, 2015/07/22,2882.058,2897.368,2828.448,0.177158127977
145, 2015/07/21,2802.018,2882.898,2779.528,0.153653545409
146, 2015/07/20,2820.718,2848.298,2777.908,0.119402223122
147, 2015/07/17,2651.438,2783.318,2646.499,0.0631808098096
148, 2015/07/16,2526.648,2627.078,2439.239,0.034594846611
149, 2015/07/15,2750.658,2590.028,2583.458,0.113216183182
150, 2015/07/14,2725.038,2726.048,2715.978,0.104878904441
151, 2015/07/13,2612.768,2683.068,2592.198,0.0664157705544
152, 2015/07/10,2487.388,2535.888,2478.868,0.0193572534723
153, 2015/07/09,2338.108,2435.758,2338.108,0.0
154, 2015/07/08,2304.758,2364.048,2304.758,0.0
155, 2015/07/07,2398.098,2352.008,2350.969,0.038922512758
156, 2015/07/06,2795.668,2493.828,2417.558,0.175596673139
157, 2015/07/03,2559.029,2605.279,2458.289,0.0993622971838
158, 2015/07/02,2756.249,2649.319,2591.049,0.163806317934
159, 2015/07/01,2842.168,2759.408,2743.608,0.189084529838
160, 2015/06/30,2566.018,2858.608,2485.458,0.101815341903
161, 2015/06/29,2943.498,2689.758,2663.438,0.21700031731
162, 2015/06/26,3078.398,2920.698,2915.938,0.251312533337
163, 2015/06/25,3403.628,3206.378,3172.368,0.322852556155
164, 2015/06/24,3425.568,3383.398,3304.668,0.313699509103
165, 2015/06/23,3314.888,3393.938,3154.598,0.270696928524
166, 2015/06/19,3408.528,3314.978,3304.648,0.27878280595
167, 2015/06/18,3734.908,3504.548,3497.729,0.3345330059
168, 2015/06/17,3586.368,3741.358,3511.108,0.306970729161
169, 2015/06/16,3636.789,3590.668,3475.349,0.316578993172
170, 2015/06/15,3919.359,3696.029,3688.889,0.320440408751
171, 2015/06/12,3889.159,3899.709,3850.589,0.250239447654
172, 2015/06/11,3843.979,3862.139,3815.059,0.179340469862
173, 2015/06/10,3695.059,3834.699,3676.759,0.146265864767
174, 2015/06/09,3664.369,3705.539,3633.719,0.139115629458
175, 2015/06/08,3862.799,3704.549,3643.039,0.144493927849
176, 2015/06/05,3994.439,3885.829,3841.419,0.129953167391
177, 2015/06/04,3991.799,3943.469,3695.829,0.129377756746
178, 2015/06/03,3949.279,3982.249,3838.219,0.120004183042
179, 2015/06/02,3757.099,3901.539,3756.089,0.0328391666017
180, 2015/06/01,3580.079,3718.749,3580.079,0.0
181, 2015/05/29,3444.059,3542.839,3328.459,0.0335650463595
182, 2015/05/28,3618.339,3432.979,3432.979,0.0801141076057
183, 2015/05/27,3638.209,3628.669,3546.579,0.0851380445708
184, 2015/05/26,3471.799,3618.229,3471.799,0.0412869523841
185, 2015/05/25,3415.669,3467.919,3370.839,0.0255323334902
186, 2015/05/22,3594.589,3516.629,3438.569,0.0740362806429
187, 2015/05/21,3421.609,3527.409,3421.449,0.0272240340729
188, 2015/05/20,3339.169,3406.279,3339.169,0.00320738483138
189, 2015/05/19,3310.089,3322.769,3206.779,0.031210641164
190, 2015/05/18,3178.369,3278.479,3178.369,0.0
191, 2015/05/15,3109.119,3145.339,3059.859,0.0158437164998
192, 2015/05/14,3174.449,3141.589,3137.279,0.0360976030801
193, 2015/05/13,3185.339,3192.149,3123.919,0.0393929814064
194, 2015/05/12,3176.539,3250.299,3133.959,0.0367318014984
195, 2015/05/11,3015.429,3146.829,2991.329,0.00799222929805
196, 2015/05/08,2838.969,2973.599,2838.969,0.0
197, 2015/05/07,2824.819,2806.049,2801.469,0.00826601633591
198, 2015/05/06,2806.299,2846.559,2806.299,0.00172112807652
199, 2015/05/05,2830.789,2783.439,2753.869,0.0271726363215
200, 2015/05/04,2868.099,2845.249,2803.819,0.0398277744248
201, 2015/04/30,2825.159,2857.889,2825.159,0.0252339779814
202, 2015/04/29,2693.479,2797.52,2674.76,0.00694974789111
203, 2015/04/28,2764.409,2687.969,2650.429,0.0412312360436
204, 2015/04/27,2781.6,2747.5,2737.15,0.0471566724188
205, 2015/04/24,2689.909,2734.75,2672.199,0.0146770764364
206, 2015/04/23,2656.179,2706.189,2656.179,0.00216476374521
207, 2015/04/22,2610.74,2634.929,2610.74,0.0
208, 2015/04/21,2443.12,2566.09,2443.12,0.0
209, 2015/04/20,2462.41,2424.85,2411.34,0.0207398442989
210, 2015/04/17,2507.47,2463.99,2453.28,0.0383374477063
211, 2015/04/16,2420.93,2484.33,2407.85,0.00540288236339
212, 2015/04/15,2548.99,2441.74,2441.74,0.0553709508472
213, 2015/04/14,2584.59,2558.85,2539.94,0.0683822192301
214, 2015/04/13,2558.19,2577.78,2545.26,0.0587681133927
215, 2015/04/10,2475.55,2552.83,2457.82,0.0273474581406
216, 2015/04/09,2481.69,2496.49,2346.89,0.0543178237411
217, 2015/04/08,2566.94,2488.16,2442.82,0.0857246371166
218, 2015/04/07,2530.07,2556.7,2522.26,0.0724011588612
219, 2015/04/03,2469.85,2510.16,2460.94,0.0497843998623
220, 2015/04/02,2434.76,2475.33,2420.19,0.0360897994053
221, 2015/04/01,2347.0,2404.91,2345.75,0.000532594801875
222, 2015/03/31,2294.32,2335.17,2288.31,0.0026195125353
223, 2015/03/30,2319.31,2290.479,2266.85,0.0226187961075
224, 2015/03/27,2274.68,2323.82,2267.87,0.00344224242531
225, 2015/03/26,2362.45,2291.79,2270.79,0.0404664648987
226, 2015/03/25,2364.94,2385.01,2344.11,0.0414767393676
227, 2015/03/24,2310.51,2357.97,2253.2,0.0248040475912
228, 2015/03/23,2225.85,2293.65,2221.71,0.00185996360941
229, 2015/03/20,2187.469,2213.77,2187.01,0.000209831545041
230, 2015/03/19,2184.759,2183.879,2160.989,0.0108799185631
231, 2015/03/18,2138.369,2182.919,2124.979,0.00626178175984
232, 2015/03/17,2149.369,2137.459,2117.779,0.0146973367533
233, 2015/03/16,2088.199,2142.669,2088.199,0.0
234, 2015/03/13,2020.659,2069.069,2011.169,0.00469648763102
235, 2015/03/12,2034.619,2018.129,1984.909,0.0244320926916
236, 2015/03/11,2050.759,2035.829,2022.319,0.0321100626646
237, 2015/03/10,2001.189,2045.319,2001.189,0.00813516364521
238, 2015/03/09,1941.419,1994.389,1932.819,0.00442974958008
239, 2015/03/06,2016.809,1951.399,1949.289,0.0416449946425
240, 2015/03/05,2015.699,2014.789,1997.459,0.041117250145
241, 2015/03/04,1960.539,2009.829,1960.539,0.0141389689264
242, 2015/03/03,1987.329,1961.739,1961.009,0.027428775004
243, 2015/03/02,1944.109,1986.989,1940.319,0.00580728755435
244, 2015/02/27,1880.629,1928.039,1880.629,0.0
245, 2015/02/26,1875.329,1880.389,1847.729,0.0147174175838
246, 2015/02/25,1899.389,1876.749,1872.099,0.0271982200592
247, 2015/02/17,1908.179,1894.309,1873.169,0.0316794179162
248, 2015/02/16,1836.709,1896.629,1836.709,0.0
249, 2015/02/13,1798.539,1825.489,1796.409,0.00118429458577
250, 2015/02/12,1777.219,1788.809,1776.349,0.000489528865041
251, 2015/02/11,1748.229,1772.849,1748.229,0.0
252, 2015/02/10,1707.259,1747.679,1700.879,0.00373698425371
253, 2015/02/09,1727.219,1708.849,1702.559,0.0152499480379
254, 2015/02/06,1772.349,1730.969,1725.639,0.0403250149942
255, 2015/02/05,1757.229,1774.309,1741.959,0.0320675335998
256, 2015/02/04,1753.769,1757.739,1743.019,0.0301579056307
257, 2015/02/03,1703.929,1750.909,1703.929,0.00178998068581
258, 2015/02/02,1667.119,1696.829,1660.049,0.00424084903357
259, 2015/01/30,1712.849,1680.579,1679.689,0.0308258346182
260, 2015/01/29,1717.399,1711.369,1709.359,0.0333935212493
261, 2015/01/28,1741.069,1731.409,1727.919,0.0465346290124
262, 2015/01/27,1742.469,1743.679,1715.53,0.0473006980325
263, 2015/01/26,1698.989,1739.789,1698.989,0.022919512722
264, 2015/01/23,1742.089,1697.289,1693.52,0.0470928867584
265, 2015/01/22,1723.239,1744.039,1716.389,0.0366693186494
266, 2015/01/21,1704.099,1722.579,1701.869,0.0258494371512
267, 2015/01/20,1635.569,1700.849,1635.569,0.0
268, 2015/01/19,1608.249,1630.059,1599.659,0.00534121271022
269, 2015/01/16,1586.709,1639.559,1586.639,4.41164700017e-05
270, 2015/01/15,1584.679,1586.339,1578.219,0.00407653537404
271, 2015/01/14,1598.719,1588.009,1579.549,0.0128227662272
272, 2015/01/13,1587.689,1601.169,1578.399,0.00596464420929
273, 2015/01/12,1552.049,1586.119,1550.619,0.000921362663163
274, 2015/01/09,1535.329,1553.239,1534.609,0.000468954862443
275, 2015/01/08,1516.829,1541.889,1516.829,0.0
276, 2015/01/07,1542.399,1523.389,1517.369,0.0165780709142
277, 2015/01/06,1458.569,1539.829,1454.139,0.0030372234704
278, 2015/01/05,1470.579,1464.769,1429.079,0.0282201772227
279, 2014/12/31,1455.679,1471.759,1451.289,0.0182732594205
280, 2014/12/30,1491.099,1460.109,1450.049,0.0415934823912
281, 2014/12/29,1531.12,1499.4,1491.209,0.0666446784054
282, 2014/12/26,1531.199,1536.079,1524.01,0.0666928335246
283, 2014/12/25,1522.0,1529.469,1514.229,0.0610519053876
284, 2014/12/24,1502.67,1519.8,1501.23,0.0489734938476
285, 2014/12/23,1501.53,1496.53,1489.12,0.0482514501875
286, 2014/12/22,1583.96,1517.93,1510.05,0.097780878305
287, 2014/12/19,1627.8,1596.81,1568.98,0.122079493795
288, 2014/12/18,1641.58,1634.05,1633.26,0.116674788923
289, 2014/12/17,1639.15,1644.21,1623.7,0.115365280786
290, 2014/12/16,1665.3,1649.58,1636.18,0.105794751696
291, 2014/12/15,1623.599,1657.5,1619.699,0.0828277179279
292, 2014/12/12,1588.24,1623.569,1586.75,0.0624087039742
293, 2014/12/11,1572.609,1587.67,1563.319,0.0530894837814
294, 2014/12/10,1499.329,1572.689,1499.329,0.00680904591321
295, 2014/12/09,1557.02,1504.62,1504.229,0.0370521894388
296, 2014/12/08,1575.3,1567.16,1554.79,0.0482263695804
297, 2014/12/05,1626.12,1581.91,1544.469,0.0779714904189
298, 2014/12/04,1604.89,1621.849,1604.89,0.0657746013745
299, 2014/12/03,1568.47,1604.45,1540.42,0.0440818122119
300, 2014/12/02,1554.46,1565.42,1552.13,0.0354663355763
301, 2014/12/01,1569.65,1552.31,1544.18,0.0448004332176
302, 2014/11/28,1562.829,1570.849,1558.309,0.040631444643
303, 2014/11/27,1557.769,1563.409,1548.289,0.0375151899929
304, 2014/11/26,1544.689,1554.219,1544.099,0.0261929747671
305, 2014/11/25,1510.619,1541.919,1510.249,0.000244932706394
306, 2014/11/24,1513.429,1507.809,1497.849,0.0102945034091
307, 2014/11/21,1493.159,1504.829,1493.159,0.0
308, 2014/11/20,1504.579,1494.589,1491.649,0.0085937660967
309, 2014/11/19,1488.459,1505.549,1488.459,0.0
310, 2014/11/18,1471.079,1481.859,1470.509,0.00038747069328
311, 2014/11/17,1444.059,1471.689,1437.989,0.00420342936127
312, 2014/11/14,1438.969,1441.209,1435.499,0.00241144875254
313, 2014/11/13,1473.739,1442.859,1434.269,0.0267822185611
314, 2014/11/12,1457.239,1475.749,1455.089,0.015762685462
315, 2014/11/11,1513.529,1461.509,1452.029,0.0523676784521
316, 2014/11/10,1525.199,1514.819,1506.799,0.0596184497892
317, 2014/11/07,1535.489,1522.629,1517.289,0.0659203680391
318, 2014/11/06,1513.719,1532.519,1510.779,0.0524866240035
319, 2014/11/05,1514.769,1512.489,1505.979,0.053143416587
320, 2014/11/04,1531.819,1516.399,1514.469,0.0636824585672
321, 2014/11/03,1513.249,1529.889,1513.199,0.0521923358284
322, 2014/10/31,1527.609,1513.269,1502.249,0.0611020228344
323, 2014/10/30,1532.909,1525.769,1522.639,0.0527624275153
324, 2014/10/29,1525.979,1530.079,1524.079,0.0484606931026
325, 2014/10/28,1495.689,1522.049,1495.689,0.0
326, 2014/10/27,1473.659,1492.009,1465.959,0.00522508938635
327, 2014/10/24,1478.339,1477.589,1473.059,0.00837426327791
328, 2014/10/23,1500.549,1477.839,1474.039,0.0230515631279
329, 2014/10/22,1518.799,1504.549,1503.819,0.0347906470836
330, 2014/10/21,1535.069,1517.479,1515.929,0.0450207775677
331, 2014/10/20,1513.42,1532.38,1513.42,0.0313600983204
332, 2014/10/17,1527.46,1511.05,1488.47,0.0402635748236
333, 2014/10/16,1539.86,1526.56,1526.54,0.047992025249
334, 2014/10/15,1539.35,1545.62,1527.19,0.0476766167538
335, 2014/10/14,1546.67,1539.12,1532.44,0.052183723742
336, 2014/10/13,1548.18,1548.33,1527.7,0.048522135669
337, 2014/10/10,1559.93,1554.22,1546.22,0.0550608040104
338, 2014/10/09,1562.1,1561.17,1541.67,0.0471352666283
339, 2014/10/08,1543.59,1557.57,1537.01,0.0357089641679
340, 2014/09/30,1527.26,1540.87,1527.26,0.0253984259393
341, 2014/09/29,1515.38,1526.18,1515.38,0.0177579221053
342, 2014/09/26,1506.31,1511.36,1502.5,0.00252935982633
343, 2014/09/25,1520.1,1508.42,1505.65,0.0115781856457
344, 2014/09/24,1501.04,1517.42,1497.89,0.00209854500879
345, 2014/09/23,1485.51,1500.99,1483.04,0.00166272862519
346, 2014/09/22,1496.96,1483.35,1480.18,0.0112093843523
347, 2014/09/19,1492.1,1499.12,1486.28,0.00798874070103
348, 2014/09/18,1477.31,1490.79,1474.65,0.00180056995485
349, 2014/09/17,1473.52,1479.12,1456.5,0.0115505727781
350, 2014/09/16,1527.07,1473.13,1471.61,0.0462126818024
351, 2014/09/15,1522.57,1526.14,1517.3,0.0433937355918
352, 2014/09/12,1512.4,1524.12,1506.88,0.0369611213965
353, 2014/09/11,1506.0,1513.01,1502.39,0.0328685258964
354, 2014/09/10,1491.41,1504.91,1484.71,0.0234073795938
355, 2014/09/09,1492.45,1494.02,1479.06,0.0240879091427
356, 2014/09/05,1497.99,1489.84,1482.04,0.0276971141329
357, 2014/09/04,1478.33,1495.51,1472.89,0.0147666623826
358, 2014/09/03,1468.09,1477.67,1461.23,0.00789461136579
359, 2014/09/02,1457.51,1465.03,1452.71,0.00329328786766
360, 2014/09/01,1428.37,1452.84,1427.93,0.000308043434124
361, 2014/08/29,1400.84,1424.47,1400.83,7.13857399845e-06
362, 2014/08/28,1423.34,1403.8,1398.56,0.0174097545211
363, 2014/08/27,1411.76,1420.54,1411.76,0.00935003116677
364, 2014/08/26,1440.7,1411.15,1406.34,0.0292496702992
365, 2014/08/25,1461.21,1443.81,1439.86,0.0428754251613
366, 2014/08/22,1450.1,1461.72,1446.04,0.0355423763878
367, 2014/08/21,1428.63,1447.88,1421.24,0.0210481370264
368, 2014/08/20,1438.29,1427.4,1421.92,0.0276230801855
369, 2014/08/19,1436.42,1436.4,1427.06,0.0263571935785
370, 2014/08/18,1394.64,1428.74,1394.64,0.0
371, 2014/08/15,1382.87,1392.45,1377.93,0.00357228083623
372, 2014/08/14,1384.72,1380.3,1378.95,0.00490351840083
373, 2014/08/13,1396.26,1384.31,1370.08,0.0187500895249
374, 2014/08/12,1398.15,1396.44,1393.11,0.0200765297
375, 2014/08/11,1379.47,1397.78,1379.47,0.00680696209414
376, 2014/08/08,1368.06,1377.44,1368.06,0.0
377, 2014/08/07,1365.18,1362.03,1361.33,0.0028201409338
378, 2014/08/06,1357.53,1365.74,1353.95,0.00263714245726
379, 2014/08/05,1330.32,1360.69,1321.2,0.00685549341512
380, 2014/08/04,1325.01,1329.82,1324.26,0.0028754499966
381, 2014/08/01,1339.98,1325.94,1324.19,0.0140151345542
382, 2014/07/31,1342.73,1344.54,1334.26,0.0160344968832
383, 2014/07/30,1330.19,1342.74,1329.07,0.00675843300581
384, 2014/07/29,1315.75,1331.76,1310.84,0.00373171195136
385, 2014/07/28,1289.1,1314.53,1286.66,0.00189279342177
386, 2014/07/25,1271.43,1285.77,1270.37,0.000833706928419
387, 2014/07/24,1291.49,1271.88,1255.69,0.027719920402
388, 2014/07/23,1330.14,1293.09,1287.64,0.0559715518667
389, 2014/07/22,1306.32,1329.35,1305.03,0.0387577316431
390, 2014/07/21,1304.72,1306.97,1287.24,0.0375789441413
391, 2014/07/18,1309.96,1305.92,1300.76,0.0414287459159
392, 2014/07/17,1315.09,1312.81,1304.58,0.0451680113148
393, 2014/07/16,1338.92,1318.62,1310.86,0.062162041048
394, 2014/07/15,1364.08,1341.27,1332.87,0.0794601489649
395, 2014/07/14,1358.17,1367.07,1342.56,0.0754544718261
396, 2014/07/11,1361.57,1359.34,1351.77,0.0777631704576
397, 2014/07/10,1384.45,1363.88,1362.35,0.0702156090866
398, 2014/07/09,1410.39,1384.58,1384.26,0.087316274222
399, 2014/07/08,1392.35,1410.73,1379.49,0.075491076238
400, 2014/07/07,1411.99,1393.89,1381.94,0.0787753454345
401, 2014/07/04,1421.68,1411.64,1406.21,0.0823673400484
402, 2014/07/03,1419.81,1422.6,1412.16,0.0767356195547
403, 2014/07/02,1413.17,1419.94,1402.22,0.0568226044991
404, 2014/07/01,1405.44,1411.74,1398.15,0.0447404371585
405, 2014/06/30,1388.47,1404.71,1374.3,0.0264319718827
406, 2014/06/27,1388.38,1388.82,1382.07,0.0187484694392
407, 2014/06/26,1360.2,1386.27,1360.2,0.0
408, 2014/06/25,1368.66,1358.71,1347.82,0.0152265719755
409, 2014/06/24,1360.08,1369.44,1359.13,0.00901417563673
410, 2014/06/23,1335.18,1361.28,1335.18,0.0
411, 2014/06/20,1319.11,1333.98,1313.14,0.00452577874476
412, 2014/06/19,1363.45,1320.66,1310.49,0.0388426418277
413, 2014/06/18,1377.58,1363.99,1363.75,0.0487013458384
414, 2014/06/17,1396.38,1377.43,1377.4,0.0615090448159
415, 2014/06/16,1384.16,1395.61,1384.16,0.053223615767
416, 2014/06/13,1361.09,1382.73,1359.65,0.0371760868128
417, 2014/06/12,1364.41,1363.74,1358.08,0.0395189129367
418, 2014/06/11,1350.38,1367.39,1348.4,0.0295398332321
419, 2014/06/10,1327.11,1353.87,1316.84,0.0125234532179
420, 2014/06/09,1348.769,1326.679,1326.629,0.028380693803
421, 2014/06/06,1354.909,1350.449,1340.829,0.0327837515287
422, 2014/06/05,1320.139,1355.479,1317.529,0.00249897927415
423, 2014/06/04,1318.329,1321.719,1303.359,0.011355283848
424, 2014/06/03,1317.989,1319.629,1317.989,0.0111002443875
425, 2014/05/30,1312.299,1318.129,1300.089,0.00930428202719
426, 2014/05/29,1338.299,1314.209,1312.419,0.0285511683114
427, 2014/05/28,1306.289,1338.969,1306.289,0.00474626977644
428, 2014/05/27,1319.659,1306.279,1303.149,0.0148295885528
429, 2014/05/26,1301.869,1320.759,1301.869,0.00136726506277
430, 2014/05/23,1269.179,1295.999,1262.099,0.00557840934967
431, 2014/05/22,1259.869,1269.509,1259.869,0.0
432, 2014/05/21,1241.019,1257.799,1231.869,0.00737297333885
433, 2014/05/20,1239.649,1244.649,1239.649,0.00627597005281
434, 2014/05/19,1224.649,1228.369,1213.989,0.00870453493205
435, 2014/05/16,1250.379,1226.469,1210.809,0.0316464048101
436, 2014/05/15,1276.639,1253.879,1253.619,0.0515650861363
437, 2014/05/14,1273.209,1278.659,1269.24,0.0490100211356
438, 2014/05/13,1274.569,1276.24,1273.329,0.0500247534657
439, 2014/05/12,1263.919,1278.279,1250.939,0.0420200978069
440, 2014/05/09,1279.679,1258.579,1249.559,0.0538181840915
441, 2014/05/08,1284.439,1279.839,1279.289,0.0573246374487
442, 2014/05/07,1313.379,1290.029,1289.559,0.0780962692414
443, 2014/05/06,1301.589,1316.859,1301.589,0.0697455187467
444, 2014/05/05,1281.159,1302.149,1279.309,0.0549112171089
445, 2014/04/30,1266.339,1283.209,1266.339,0.0132507961928
446, 2014/04/29,1253.239,1266.539,1248.319,0.00392582739605
447, 2014/04/28,1283.639,1257.259,1256.119,0.0275155242245
448, 2014/04/25,1316.369,1291.899,1290.359,0.0516952313523
449, 2014/04/24,1325.859,1319.509,1303.229,0.0584828401813
450, 2014/04/23,1332.929,1326.439,1318.239,0.0634767493242
451, 2014/04/22,1361.579,1336.189,1317.099,0.0831828340478
452, 2014/04/21,1367.929,1363.849,1363.009,0.0874387486485
453, 2014/04/18,1365.359,1377.419,1362.609,0.0857210447948
454, 2014/04/17,1360.749,1367.589,1360.749,0.0826236139068
455, 2014/04/16,1365.829,1359.299,1353.779,0.0860356603938
456, 2014/04/15,1375.689,1369.889,1367.229,0.0869164469586
457, 2014/04/14,1367.75,1372.729,1367.75,0.0565827088284
458, 2014/04/11,1370.4,1363.9,1352.13,0.0490156158786
459, 2014/04/10,1374.609,1381.14,1374.609,0.0418373515669
460, 2014/04/09,1355.37,1370.459,1355.37,0.0282365700879
461, 2014/04/08,1335.39,1351.18,1327.8,0.00568373284209
462, 2014/04/04,1323.41,1346.74,1316.95,0.00488132929327
463, 2014/04/03,1326.81,1326.18,1318.82,0.00743135791862
464, 2014/04/02,1356.68,1327.98,1316.9,0.0293215791491
465, 2014/04/01,1327.18,1355.05,1326.25,0.00774574662065
466, 2014/03/31,1327.23,1327.8,1315.49,0.00884549023153
467, 2014/03/28,1363.87,1330.5,1317.41,0.0354725890297
468, 2014/03/27,1415.55,1367.96,1367.96,0.0706863056762
469, 2014/03/26,1396.91,1417.61,1396.91,0.0582857879176
470, 2014/03/25,1392.14,1394.82,1385.0,0.0550591176175
471, 2014/03/24,1411.78,1397.29,1392.51,0.0682046777827
472, 2014/03/21,1405.9,1419.84,1379.74,0.064307560993
473, 2014/03/20,1463.07,1417.66,1417.17,0.100870088239
474, 2014/03/19,1481.49,1466.22,1456.9,0.112049355716
475, 2014/03/18,1479.38,1485.64,1478.72,0.110782895537
476, 2014/03/17,1436.11,1477.42,1435.32,0.082653835709
477, 2014/03/14,1433.46,1434.02,1424.01,0.0456936363763
478, 2014/03/13,1401.55,1436.86,1401.43,0.015561342799
479, 2014/03/12,1390.86,1399.27,1378.89,0.00860618610069
480, 2014/03/11,1399.9,1395.81,1380.97,0.0150082148725
481, 2014/03/10,1446.06,1407.07,1404.59,0.0464503547571
482, 2014/03/07,1463.93,1460.61,1453.63,0.0580902092313
483, 2014/03/06,1461.12,1462.53,1427.0,0.0562787450723
484, 2014/03/05,1467.06,1464.58,1454.94,0.0600997914196
485, 2014/03/04,1462.26,1460.45,1446.27,0.0570144844282
486, 2014/03/03,1433.9,1465.14,1431.14,0.0383639026431
487, 2014/02/28,1410.4,1434.89,1393.0,0.0223411798071
488, 2014/02/27,1467.27,1414.66,1410.97,0.0602343127032
489, 2014/02/26,1452.06,1465.99,1415.25,0.0489580320372
490, 2014/02/25,1543.97,1472.69,1460.41,0.0977803972875
491, 2014/02/24,1517.97,1540.03,1510.46,0.0823270552119
492, 2014/02/21,1512.17,1519.67,1503.81,0.0788072769596
493, 2014/02/20,1545.26,1515.16,1504.17,0.0985335801095
494, 2014/02/19,1544.64,1544.4,1524.39,0.098171742283
495, 2014/02/18,1558.74,1545.339,1539.209,0.10632947124
496, 2014/02/17,1521.17,1558.62,1521.17,0.0842575123096
497, 2014/02/14,1484.56,1515.78,1475.95,0.049570243035
498, 2014/02/13,1537.26,1485.13,1484.42,0.0793684867882
499, 2014/02/12,1527.099,1539.969,1513.91,0.0436703841729
500, 2014/02/11,1550.62,1527.15,1506.04,0.0481549315758
501, 2014/02/10,1536.99,1553.42,1525.939,0.039713986428
502, 2014/02/07,1489.049,1532.689,1483.689,0.008796889827
503, 2014/01/30,1494.12,1495.979,1486.819,0.0121610044709
504, 2014/01/29,1472.54,1496.53,1469.58,0.00201013215261
505, 2014/01/28,1476.59,1471.34,1448.47,0.0190438781246
506, 2014/01/27,1477.46,1477.67,1465.14,0.0196215125959
507, 2014/01/24,1458.21,1484.43,1455.95,0.00667942203112
508, 2014/01/23,1433.7,1461.53,1433.17,0.000369672874381
509, 2014/01/22,1407.46,1431.74,1407.46,0.0
510, 2014/01/21,1370.69,1407.15,1370.69,0.0
511, 2014/01/20,1393.88,1372.74,1362.45,0.0225485694608
512, 2014/01/17,1395.03,1395.51,1391.62,0.0233543364659
513, 2014/01/16,1415.57,1395.16,1392.01,0.0375255197553
514, 2014/01/15,1399.67,1415.32,1397.95,0.0265919823959
515, 2014/01/14,1364.8,1400.92,1364.8,0.00172186400938
516, 2014/01/13,1352.01,1362.79,1349.25,0.00204140501919
517, 2014/01/10,1373.52,1353.3,1347.61,0.0188639408236
518, 2014/01/09,1401.8,1380.24,1379.65,0.0386574404337
519, 2014/01/08,1363.31,1405.02,1363.31,0.0115160895174
520, 2014/01/07,1315.44,1352.28,1312.27,0.00240984005352
521, 2014/01/06,1350.31,1323.33,1322.72,0.0281713088106
522, 2014/01/03,1332.35,1352.84,1331.97,0.0150711149473
523, 2014/01/02,1302.3,1333.0,1299.34,0.00227290178914
524, 2013/12/31,1302.67,1304.44,1288.94,0.0105398911466
525, 2013/12/30,1294.42,1307.99,1292.83,0.00423355634184
526, 2013/12/27,1265.08,1294.3,1265.08,0.0
527, 2013/12/26,1290.87,1269.54,1268.14,0.0199787740051
528, 2013/12/25,1262.0,1288.34,1258.41,0.00284469096672
529, 2013/12/24,1242.0,1258.82,1241.91,7.24637681159e-05
530, 2013/12/23,1251.41,1242.81,1224.99,0.0211121854548
531, 2013/12/20,1255.82,1253.71,1246.39,0.0245496966126
532, 2013/12/19,1253.43,1256.08,1253.43,0.0226897393552
533, 2013/12/18,1267.77,1256.0,1245.96,0.0337442911569
534, 2013/12/17,1278.53,1267.67,1248.82,0.0418762172182
535, 2013/12/16,1279.06,1279.96,1266.94,0.0422732319047
536, 2013/12/13,1274.17,1278.14,1268.65,0.0385976753494
537, 2013/12/12,1242.15,1279.32,1238.95,0.0138147566719
538, 2013/12/11,1230.78,1244.51,1226.58,0.00470433383708
539, 2013/12/10,1244.57,1231.92,1227.06,0.0157323412906
540, 2013/12/09,1211.39,1241.72,1211.39,0.0
541, 2013/12/06,1196.32,1206.78,1194.75,0.00131235789755
542, 2013/12/05,1234.5,1202.07,1200.46,0.0321992709599
543, 2013/12/04,1249.59,1240.29,1240.08,0.0438863947375
544, 2013/12/03,1223.38,1255.33,1198.06,0.023402377021
545, 2013/12/02,1296.7,1253.93,1253.34,0.0786226575152
546, 2013/11/29,1335.63,1366.83,1335.63,0.105478313605
547, 2013/11/28,1333.05,1336.66,1331.45,0.103747046247
548, 2013/11/27,1290.19,1329.48,1288.58,0.0739736007875
549, 2013/11/26,1291.62,1291.85,1280.01,0.0749988386677
550, 2013/11/25,1290.84,1293.8,1283.66,0.0744398996003
551, 2013/11/22,1298.47,1295.07,1283.88,0.077329472379
552, 2013/11/21,1295.93,1298.95,1288.21,0.0755210543779
553, 2013/11/20,1299.68,1299.26,1283.66,0.0781884771636
554, 2013/11/19,1293.06,1298.17,1289.91,0.0307178321192
555, 2013/11/18,1275.55,1291.15,1275.55,0.0
556, 2013/11/15,1248.26,1269.05,1248.07,0.000152211878936
557, 2013/11/14,1207.45,1249.67,1200.71,0.0055820116775
558, 2013/11/13,1226.53,1212.08,1210.66,0.0210512584282
559, 2013/11/12,1213.31,1228.35,1209.54,0.0103848150926
560, 2013/11/11,1208.26,1212.69,1191.18,0.0141360303246
561, 2013/11/08,1215.68,1211.11,1204.52,0.0201533298236
562, 2013/11/07,1234.24,1224.05,1219.31,0.0348878662173
563, 2013/11/06,1255.47,1241.79,1241.76,0.0512079141676
564, 2013/11/05,1217.64,1260.03,1208.35,0.0217305607569
565, 2013/11/04,1217.28,1222.46,1216.85,0.0214412460568
566, 2013/11/01,1227.69,1221.96,1198.81,0.0297387777045
567, 2013/10/31,1266.56,1235.56,1232.4,0.0595155381506
568, 2013/10/30,1256.24,1273.29,1251.01,0.0517894669808
569, 2013/10/29,1276.27,1261.68,1205.0,0.0666708455107
570, 2013/10/28,1264.14,1279.05,1262.34,0.0516794025978
571, 2013/10/25,1298.72,1269.17,1255.59,0.0769295922139
572, 2013/10/24,1307.11,1295.93,1287.88,0.0828545416989
573, 2013/10/23,1336.23,1311.23,1293.82,0.102841576675
574, 2013/10/22,1401.47,1350.47,1348.69,0.144605307284
575, 2013/10/21,1358.88,1400.97,1358.88,0.117795537501
576, 2013/10/18,1327.1,1349.94,1327.1,0.0920051239545
577, 2013/10/17,1339.31,1322.99,1317.75,0.100282981535
578, 2013/10/16,1393.01,1335.1,1323.87,0.134966726728
579, 2013/10/15,1397.21,1389.75,1378.81,0.101359137138
580, 2013/10/14,1374.47,1393.6,1370.72,0.0864915203679
581, 2013/10/11,1377.98,1379.9,1357.49,0.0653855643768
582, 2013/10/10,1422.36,1378.15,1377.32,0.0903709328159
583, 2013/10/09,1385.96,1415.83,1382.1,0.0492149845594
584, 2013/10/08,1376.37,1387.66,1363.9,0.0425902918547
585, 2013/09/30,1329.56,1367.91,1329.56,0.00888263786516
586, 2013/09/27,1305.51,1323.76,1301.48,0.00308691622431
587, 2013/09/26,1318.52,1306.34,1301.14,0.0131814458635
588, 2013/09/25,1324.19,1323.04,1320.11,0.0174068675945
589, 2013/09/24,1325.89,1328.4,1310.33,0.0186667068912
590, 2013/09/23,1292.76,1326.09,1291.33,0.00110616046289
591, 2013/09/18,1268.34,1289.64,1262.33,0.00473847706451
592, 2013/09/17,1279.26,1269.36,1267.71,0.0132342135297
593, 2013/09/16,1254.47,1278.8,1254.47,0.0
594, 2013/09/13,1221.15,1253.45,1210.4,0.00880317733284
595, 2013/09/12,1215.69,1220.63,1211.6,0.00435143827785
596, 2013/09/11,1256.66,1220.71,1216.37,0.0368118663759
597, 2013/09/10,1277.87,1263.59,1254.01,0.0527987979998
598, 2013/09/09,1282.65,1275.91,1258.13,0.0563286944997
599, 2013/09/06,1267.84,1282.75,1261.58,0.0453054013125
600, 2013/09/05,1233.82,1267.26,1233.26,0.0189816991133
601, 2013/09/04,1233.5,1236.35,1227.32,0.0187271990272
602, 2013/09/03,1217.77,1234.59,1214.3,0.00605204595285
603, 2013/09/02,1179.32,1210.19,1178.01,0.0011108096191
604, 2013/08/30,1221.87,1185.15,1181.89,0.0358957990621
605, 2013/08/29,1224.61,1226.3,1217.521,0.0380529311373
606, 2013/08/28,1244.01,1228.0,1228.0,0.0530542358984
607, 2013/08/27,1238.271,1250.75,1226.38,0.0486654375335
608, 2013/08/26,1220.981,1238.171,1220.581,0.035193831845
609, 2013/08/23,1200.681,1219.831,1188.821,0.0188817845872
610, 2013/08/22,1180.191,1197.13,1178.411,0.00184800595836
611, 2013/08/21,1173.611,1181.341,1169.491,0.00351053287674
612, 2013/08/20,1170.991,1175.781,1164.381,0.00564479146296
613, 2013/08/19,1126.641,1171.401,1125.591,0.00093197389408
614, 2013/08/16,1158.961,1132.091,1131.441,0.0287930309993
615, 2013/08/15,1177.851,1167.091,1165.771,0.0443689397046
616, 2013/08/14,1175.631,1180.661,1160.021,0.042564376067
617, 2013/08/13,1161.491,1172.331,1151.681,0.0309085477201
618, 2013/08/12,1174.091,1161.871,1146.021,0.0413085527442
619, 2013/08/09,1185.641,1172.521,1153.451,0.0506477087078
620, 2013/08/08,1172.091,1185.961,1165.321,0.0396726875302
621, 2013/08/07,1208.501,1175.701,1173.261,0.068605652788
622, 2013/08/06,1202.091,1211.781,1200.691,0.0636391088528
623, 2013/08/05,1186.731,1202.831,1182.541,0.0465901708138
624, 2013/08/02,1196.171,1188.851,1187.311,0.0419254437702
625, 2013/08/01,1135.451,1190.111,1135.451,0.0
626, 2013/07/31,1126.1,1134.021,1117.34,0.0077790604742
627, 2013/07/30,1137.151,1124.1,1095.651,0.0364947135429
628, 2013/07/29,1155.81,1136.98,1136.4,0.0520492122408
629, 2013/07/26,1150.25,1158.35,1133.161,0.0474670723756
630, 2013/07/25,1205.62,1150.391,1148.81,0.0912136494086
631, 2013/07/24,1181.36,1203.31,1177.59,0.0725511275141
632, 2013/07/23,1161.08,1178.59,1160.45,0.0563518448341
633, 2013/07/22,1109.96,1153.77,1107.34,0.0128914555479
634, 2013/07/19,1125.77,1116.01,1116.01,0.0267541327269
635, 2013/07/18,1124.79,1127.97,1118.63,0.0259061691516
636, 2013/07/17,1140.73,1129.48,1118.85,0.0395176772768
637, 2013/07/16,1141.57,1143.2,1129.74,0.0299850206295
638, 2013/07/15,1096.19,1139.57,1096.19,0.0
639, 2013/07/12,1079.33,1096.3,1077.31,0.00187153141301
640, 2013/07/11,1066.7,1080.78,1057.44,0.00868097871942
641, 2013/07/10,1049.21,1068.86,1048.73,0.000457487061694
642, 2013/07/09,1028.56,1050.72,1026.46,0.0020416893521
643, 2013/07/08,1035.94,1030.6,1015.67,0.0195667702763
644, 2013/07/05,1087.69,1057.27,1057.13,0.0662137189824
645, 2013/07/04,1097.77,1087.9,1085.4,0.0747879792671
646, 2013/07/03,1079.65,1104.58,1065.51,0.0592599453527
647, 2013/07/02,1056.91,1083.25,1056.91,0.0390194056258
648, 2013/07/01,1011.27,1055.84,1005.8,0.00540904011787
649, 2013/06/28,1012.64,1011.66,1002.19,0.0103195607521
650, 2013/06/27,1043.66,1022.5,1020.46,0.0397351627925
651, 2013/06/26,984.94,1038.98,984.88,6.09174162894e-05
652, 2013/06/25,958.35,984.75,903.67,0.0570563990191
653, 2013/06/24,1023.22,971.45,961.84,0.116837043842
654, 2013/06/21,1007.87,1025.5,988.22,0.10338634943
655, 2013/06/20,1060.38,1029.53,1027.84,0.147786642524
656, 2013/06/19,1064.74,1067.63,1053.8,0.15127636794
657, 2013/06/18,1073.31,1072.93,1053.33,0.158053125379
658, 2013/06/17,1074.53,1073.69,1068.61,0.159009055122
659, 2013/06/14,1029.93,1068.15,1029.93,0.122590855689
660, 2013/06/13,1019.47,1029.28,986.05,0.113588433205
661, 2013/06/07,1022.56,1030.14,1018.45,0.116267016116
662, 2013/06/06,1027.05,1022.13,1020.83,0.0634925271408
663, 2013/06/05,1021.02,1032.76,1021.02,0.0342500636618
664, 2013/06/04,1049.1,1022.46,1011.4,0.0600991325898
665, 2013/06/03,1070.73,1052.14,1050.21,0.0790862308892
666, 2013/05/31,1074.48,1073.02,1068.07,0.0823002754821
667, 2013/05/30,1063.0,1073.87,1059.83,0.0723894637817
668, 2013/05/29,1055.6,1065.96,1053.18,0.0658866995074
669, 2013/05/28,1089.77,1059.0,1055.64,0.0951760463217
670, 2013/05/27,1075.83,1089.72,1075.83,0.0598886441166
671, 2013/05/24,1044.29,1073.78,1044.29,0.0314950827835
672, 2013/05/23,1035.31,1042.9,1033.12,0.0230945320725
673, 2013/05/22,1067.44,1039.81,1036.31,0.0524994379075
674, 2013/05/21,1049.6,1073.58,1045.46,0.0157012195122
675, 2013/05/20,1025.17,1051.65,1025.17,0.0
676, 2013/05/17,1006.47,1023.4,1004.42,0.00203682176319
677, 2013/05/16,1010.95,1009.53,999.49,0.0113358721994
678, 2013/05/15,976.95,1012.66,976.95,0.0
679, 2013/05/14,992.62,976.33,971.35,0.0214281396708
680, 2013/05/13,989.37,995.11,978.72,0.0182136106815
681, 2013/05/10,989.15,988.3,977.43,0.0179952484456
682, 2013/05/09,978.94,992.16,978.07,0.0077532841645
683, 2013/05/08,960.98,980.08,960.7,0.000291369227247
684, 2013/05/07,956.42,957.44,949.84,0.00687982267205
685, 2013/05/06,941.09,958.02,941.09,0.0
686, 2013/05/03,916.01,939.21,916.01,0.0
687, 2013/05/02,887.08,913.65,883.79,0.00370879740271
688, 2013/04/26,902.0,889.38,886.4,0.0201884700665
689, 2013/04/25,924.22,903.63,903.61,0.0437449957802
690, 2013/04/24,894.69,923.41,894.69,0.0121829907566
691, 2013/04/23,916.42,893.79,892.11,0.0356059448724
692, 2013/04/22,890.93,916.02,889.26,0.00801409762832
693, 2013/04/19,874.88,892.21,874.88,0.0
694, 2013/04/18,862.7,873.48,860.72,0.00229511997218
695, 2013/04/17,845.09,867.51,844.92,0.000201162006414
696, 2013/04/16,828.94,846.05,824.84,0.00494607571115
697, 2013/04/15,844.11,836.34,834.01,0.0228287782398
698, 2013/04/12,847.2,846.61,845.85,0.0263928234183
699, 2013/04/11,853.14,847.78,847.39,0.0331715779356
700, 2013/04/10,861.27,850.53,843.1,0.0422980017881
701, 2013/04/09,854.51,861.99,853.94,0.0347216533452
702, 2013/04/08,824.78,853.48,817.35,0.00900846286282
703, 2013/04/03,842.36,835.14,827.27,0.0296903936559
704, 2013/04/02,875.33,845.16,843.21,0.0662378760011
705, 2013/04/01,866.65,877.0,865.98,0.0568857093406
706, 2013/03/29,868.09,866.46,860.96,0.0584501606976
707, 2013/03/28,877.85,867.51,861.65,0.0689183801333
708, 2013/03/27,876.55,882.75,874.25,0.0675375049912
709, 2013/03/26,878.56,876.36,862.67,0.0696708249863
710, 2013/03/25,882.75,881.76,874.01,0.0740866610025
711, 2013/03/22,881.9,882.0,876.92,0.0731942397097
712, 2013/03/21,867.9,882.73,866.68,0.0468141490955
713, 2013/03/20,842.71,866.27,842.58,0.000154264219008
714, 2013/03/19,850.06,842.69,829.19,0.02455120815
715, 2013/03/18,852.15,852.12,850.1,0.0269436132136
716, 2013/03/15,841.71,853.91,839.58,0.0148744817099
717, 2013/03/14,832.29,842.04,831.57,0.00372466327842
718, 2013/03/13,835.46,834.05,821.35,0.0168888995284
719, 2013/03/12,869.72,839.84,828.04,0.0556156004231
720, 2013/03/11,863.12,869.15,858.04,0.048394197794
721, 2013/03/08,877.73,864.7,861.81,0.0642338760211
722, 2013/03/07,902.41,877.34,867.87,0.0898261322459
723, 2013/03/06,890.23,902.9,890.23,0.0773732630893
724, 2013/03/05,861.23,888.1,857.54,0.0463058648677
725, 2013/03/04,880.25,863.5,855.05,0.0669128088611
726, 2013/03/01,860.8,884.89,859.83,0.0458294609665
727, 2013/02/28,846.34,861.1,844.2,0.0295271403927
728, 2013/02/27,852.13,846.09,835.94,0.0282703343387
729, 2013/02/26,853.28,851.22,849.94,0.0203215825989
730, 2013/02/25,838.88,855.69,838.88,0.0035046728972
731, 2013/02/22,837.13,838.76,836.87,0.00142152353876
732, 2013/02/21,846.64,839.3,829.6,0.0201266181612
733, 2013/02/20,819.03,850.86,819.03,0.0
734, 2013/02/19,834.97,819.71,816.96,0.0215696372325
735, 2013/02/18,829.66,835.28,825.95,0.0153074753513
736, 2013/02/08,804.96,823.03,804.96,0.0
737, 2013/02/07,792.86,805.59,789.37,0.00440178593951
738, 2013/02/06,781.32,791.26,781.32,0.0
739, 2013/02/05,768.41,780.98,765.97,0.00317538813914
740, 2013/02/04,783.74,771.9,767.85,0.022673335545
741, 2013/02/01,775.11,782.36,772.94,0.0117918747017
742, 2013/01/31,784.11,776.01,771.15,0.0231345091888
743, 2013/01/30,791.96,783.68,778.3,0.0328173140058
744, 2013/01/29,785.76,791.67,785.76,0.0251858073712
745, 2013/01/28,764.09,784.76,764.09,0.0
746, 2013/01/25,757.61,762.85,756.61,0.0013199403387
747, 2013/01/24,778.64,757.87,750.36,0.0363197369773
748, 2013/01/23,773.74,778.48,765.36,0.0302168687156
749, 2013/01/22,792.31,775.14,769.09,0.0529464477288
750, 2013/01/21,788.07,792.6,783.42,0.0478510792189
751, 2013/01/18,771.31,787.39,771.31,0.0271615822432
752, 2013/01/17,773.79,768.31,767.49,0.0302795332067
753, 2013/01/16,777.04,774.49,762.04,0.0343354267477
754, 2013/01/15,763.63,778.6,763.63,0.0173775257651
755, 2013/01/14,735.65,760.55,735.18,0.000638890776864
756, 2013/01/11,740.9,731.59,730.4,0.0141719530301
757, 2013/01/10,734.31,741.18,734.31,0.0053247266141
758, 2013/01/09,732.01,734.51,727.91,0.00560101637956
759, 2013/01/08,718.43,733.14,716.3,0.00296479824061
760, 2013/01/07,704.37,718.12,702.39,0.00281102261595
761, 2013/01/04,717.3,705.34,699.17,0.0252753380733
762, 2012/12/31,708.24,713.86,703.62,0.012806393313
763, 2012/12/28,698.91,707.67,694.77,0.00592350946474
764, 2012/12/27,709.91,699.57,699.37,0.0213266470398
765, 2012/12/26,693.29,709.08,691.99,0.00187511719482
766, 2012/12/25,679.57,694.12,678.82,0.00110363906588
767, 2012/12/24,666.28,679.76,665.88,0.000600348201957
768, 2012/12/21,658.54,668.09,655.63,0.00441886597625
769, 2012/12/20,652.04,658.31,648.49,0.00544445126066
770, 2012/12/19,645.14,652.1,644.97,0.000263508695787
771, 2012/12/18,648.56,646.05,643.05,0.0084957444184
772, 2012/12/17,656.75,649.61,646.27,0.0208602969166
773, 2012/12/14,631.45,656.22,631.22,0.000364241032544
774, 2012/12/13,638.09,632.18,631.19,0.0108135216035
775, 2012/12/12,639.91,639.51,631.14,0.013705052273
776, 2012/12/11,645.25,641.17,640.69,0.0218674932197
777, 2012/12/10,638.24,646.32,636.17,0.0111243419403
778, 2012/12/07,624.15,637.49,622.22,0.00309220539934
779, 2012/12/06,625.16,624.32,619.49,0.00906967816239
780, 2012/12/05,599.45,624.82,597.76,0.00281925098007
781, 2012/12/04,592.4,600.8,585.44,0.011748818366
782, 2012/12/03,605.6,593.66,593.2,0.0332892998679
783, 2012/11/30,602.95,606.77,601.05,0.0290405506261
784, 2012/11/29,607.17,603.17,601.18,0.035788988257
785, 2012/11/28,611.91,607.67,605.69,0.0432579954568
786, 2012/11/27,635.26,616.28,615.59,0.0784245820609
787, 2012/11/26,651.06,638.88,638.38,0.100789481768
788, 2012/11/23,652.94,651.43,650.27,0.103378564646
789, 2012/11/22,659.13,651.83,650.39,0.111798886411
790, 2012/11/21,656.44,660.03,646.64,0.108159161538
791, 2012/11/20,657.4,656.61,656.08,0.0976574383937
792, 2012/11/19,654.78,656.94,647.87,0.082058095849
793, 2012/11/16,659.38,656.2,653.02,0.0882647335376
794, 2012/11/15,662.9,659.21,657.35,0.0863026097451
795, 2012/11/14,666.4,665.19,657.58,0.0762454981993
796, 2012/11/13,676.26,667.33,666.34,0.0560139591281
797, 2012/11/12,674.76,676.6,671.63,0.0416740767088
798, 2012/11/09,674.59,672.67,671.69,0.0414325738597
799, 2012/11/08,684.89,675.85,675.76,0.0558483844121
800, 2012/11/07,689.79,689.75,686.61,0.0607721190507
801, 2012/11/06,693.36,690.5,679.96,0.0656080535364
802, 2012/11/05,700.11,692.87,690.94,0.0672608590079
803, 2012/11/02,702.03,701.38,697.06,0.0636440038175
804, 2012/11/01,692.06,701.78,692.06,0.0498222697454
805, 2012/10/31,689.63,691.65,685.05,0.0337717326682
806, 2012/10/30,688.51,689.61,687.79,0.0245167099969
807, 2012/10/29,684.34,688.12,682.76,0.0184849636146
808, 2012/10/26,695.89,685.33,680.91,0.0289269855868
809, 2012/10/25,707.88,697.44,696.45,0.0394417132847
810, 2012/10/24,707.31,707.75,704.41,0.0386676280556
811, 2012/10/23,723.83,711.26,710.55,0.0592956909772
812, 2012/10/22,716.53,724.28,714.7,0.0497118055071
813, 2012/10/19,720.85,719.45,715.92,0.0554068114032
814, 2012/10/18,709.29,720.52,709.29,0.0400118428287
815, 2012/10/17,706.09,709.09,701.64,0.0356611763373
816, 2012/10/16,700.94,705.39,698.97,0.0285759123463
817, 2012/10/15,706.23,701.96,694.12,0.0358523427212
818, 2012/10/12,711.83,708.87,700.97,0.0248795358442
819, 2012/10/11,720.39,711.8,711.63,0.0364663585003
820, 2012/10/10,712.15,721.85,709.92,0.0253176999228
821, 2012/10/09,691.39,712.7,691.39,0.0
822, 2012/10/08,690.35,690.77,686.27,0.00591004562903
823, 2012/09/28,674.19,689.64,671.61,0.0038268143995
824, 2012/09/27,662.78,676.96,662.78,0.0
825, 2012/09/26,680.47,661.49,660.12,0.0299058004027
826, 2012/09/25,688.21,682.34,680.65,0.0408160299908
827, 2012/09/24,685.99,690.34,678.35,0.0377119199988
828, 2012/09/21,703.42,691.14,689.54,0.0615563958943
829, 2012/09/20,727.96,706.69,704.91,0.0931919336227
830, 2012/09/19,724.89,728.25,723.64,0.0893514878119
831, 2012/09/18,722.38,723.61,720.45,0.0861873252305
832, 2012/09/17,742.69,724.15,724.15,0.111176937888
833, 2012/09/14,753.6,744.47,738.95,0.124044585987
834, 2012/09/13,761.78,749.89,749.89,0.133450602536
835, 2012/09/12,763.05,762.51,754.32,0.111001900269
836, 2012/09/11,761.55,761.73,756.77,0.109250869936
837, 2012/09/10,759.69,762.31,756.03,0.0923402967
838, 2012/09/07,744.65,759.46,744.24,0.0533673537904
839, 2012/09/06,732.46,739.74,731.24,0.0163967998252
840, 2012/09/05,721.07,730.62,719.34,0.00239921228175
841, 2012/09/04,724.7,722.72,721.52,0.0073961639299
842, 2012/09/03,703.81,723.87,701.7,0.00299796820165
843, 2012/08/31,701.37,706.63,698.62,0.0039208976717
844, 2012/08/30,727.21,704.04,692.14,0.0482254094416
845, 2012/08/29,726.7,726.94,722.82,0.0475574514931
846, 2012/08/28,720.83,727.62,717.53,0.0398013401218
847, 2012/08/27,731.67,722.57,721.2,0.0540270887149
848, 2012/08/24,747.73,733.31,733.31,0.0743450175866
849, 2012/08/23,745.47,750.56,741.38,0.0715387607818
850, 2012/08/22,749.0,746.85,743.61,0.075914552737
851, 2012/08/21,730.29,748.94,729.99,0.0522395212861
852, 2012/08/20,718.14,730.87,713.15,0.0362046397638
853, 2012/08/17,721.33,721.05,714.02,0.0404669152815
854, 2012/08/16,728.66,723.53,720.72,0.0212856476272
855, 2012/08/15,734.87,729.73,728.49,0.0295562480439
856, 2012/08/14,726.84,736.35,714.65,0.0188349567993
857, 2012/08/13,742.38,727.64,726.93,0.0393733667394
858, 2012/08/10,743.29,743.07,736.55,0.040549449071
859, 2012/08/09,729.5,743.2,727.7,0.0224126113777
860, 2012/08/08,734.88,730.07,723.98,0.0295694535162
861, 2012/08/07,729.63,736.01,729.44,0.0225867905651
862, 2012/08/06,708.26,730.42,706.83,0.00201903255866
863, 2012/08/03,691.79,711.93,690.26,0.00221165382558
864, 2012/08/02,688.33,690.98,684.2,0.00600002905583
865, 2012/08/01,677.53,689.49,676.34,0.0017563797913
866, 2012/07/31,686.54,676.96,672.28,0.0207708218021
867, 2012/07/30,703.7,688.47,685.84,0.0446497086827
868, 2012/07/27,707.97,703.58,698.18,0.0504117406105
869, 2012/07/26,707.77,706.73,704.97,0.0501434081693
870, 2012/07/25,704.7,708.3,703.35,0.0460053923655
871, 2012/07/24,700.58,706.4,698.39,0.0403951012019
872, 2012/07/23,703.2,704.57,697.69,0.0439704209329
873, 2012/07/20,707.83,706.25,704.87,0.0502239238235
874, 2012/07/19,701.23,709.17,698.48,0.0412845999173
875, 2012/07/18,695.92,702.14,684.3,0.0339694217726
876, 2012/07/17,687.74,697.0,686.11,0.00500189024922
877, 2012/07/16,722.82,691.39,691.23,0.0532912758363
878, 2012/07/13,731.49,725.79,722.65,0.0645121601116
879, 2012/07/12,718.62,734.32,717.2,0.0477582032228
880, 2012/07/11,710.89,719.3,706.72,0.0374038177496
881, 2012/07/10,719.89,713.53,710.73,0.0494381085999
882, 2012/07/09,733.66,722.28,721.6,0.0672791211188
883, 2012/07/06,727.69,737.29,712.44,0.0596270389864
884, 2012/07/05,738.49,724.31,721.36,0.0733794634998
885, 2012/07/04,744.7,739.62,736.9,0.0786759769035
886, 2012/07/03,742.2,743.9,739.92,0.0686742118027
887, 2012/07/02,730.77,741.19,730.76,0.0329104916732
888, 2012/06/29,708.11,726.68,705.86,0.0031774724266
889, 2012/06/28,719.09,711.14,710.9,0.018398253348
890, 2012/06/27,715.52,718.93,715.38,0.0135006708408
891, 2012/06/26,716.3,715.92,703.03,0.0185257573642
892, 2012/06/25,736.18,720.6,720.47,0.0450297481594
893, 2012/06/21,746.61,739.05,732.17,0.0583705013327
894, 2012/06/20,747.64,748.39,746.03,0.0596677545343
895, 2012/06/19,751.27,747.49,746.09,0.064211268918
896, 2012/06/18,744.05,752.98,744.05,0.0551307035817
897, 2012/06/15,742.38,742.27,733.33,0.0530051994935
898, 2012/06/14,745.76,740.97,739.91,0.0572972538082
899, 2012/06/13,735.6,746.51,735.6,0.0442767808592
900, 2012/06/12,731.04,735.29,729.71,0.0383152768658
901, 2012/06/11,714.12,734.5,714.12,0.0
902, 2012/06/08,716.42,713.92,710.27,0.00858434996231
903, 2012/06/07,721.56,711.43,709.17,0.01717112922
904, 2012/06/06,717.13,715.24,711.19,0.011099800594
905, 2012/06/05,718.11,715.93,713.58,0.0124493462004
906, 2012/06/04,721.68,717.1,717.04,0.0173345527103
907, 2012/06/01,733.62,734.26,730.0,0.0333278809193
908, 2012/05/31,724.461,734.451,721.711,0.021106726242
909, 2012/05/30,720.57,727.19,719.141,0.0158208085266
910, 2012/05/29,705.791,720.451,704.201,0.00225279154877
911, 2012/05/28,699.641,706.471,686.07,0.0193970907937
912, 2012/05/25,713.041,702.731,700.621,0.0378253143929
913, 2012/05/24,711.69,712.581,710.07,0.0359988197108
914, 2012/05/23,715.031,713.021,705.201,0.0405031390247
915, 2012/05/22,706.921,714.661,706.921,0.0294955164721
916, 2012/05/21,705.871,704.801,698.811,0.0280518678342
917, 2012/05/18,711.69,706.221,705.25,0.0359988197108
918, 2012/05/17,709.5,716.17,703.93,0.033023255814
919, 2012/05/16,718.711,709.961,709.88,0.0454160295306
920, 2012/05/15,714.581,720.12,709.63,0.0398989057923
921, 2012/05/14,725.521,719.87,717.94,0.0368149233447
922, 2012/05/11,726.56,721.081,720.93,0.0381923034574
923, 2012/05/10,718.24,727.29,718.24,0.0270508465137
924, 2012/05/09,727.6,719.35,718.72,0.0395670698186
925, 2012/05/08,733.83,731.72,730.55,0.04772086178
926, 2012/05/07,710.98,733.05,709.87,0.00991589074236
927, 2012/05/04,699.88,713.19,699.88,0.0
928, 2012/05/03,693.4,699.31,690.76,0.00380732621863
929, 2012/05/02,692.35,693.61,686.18,0.0089116776197
930, 2012/04/27,677.55,685.13,676.07,0.00218434063907
931, 2012/04/26,683.021,678.44,673.94,0.0132953452383
932, 2012/04/25,679.75,682.521,674.55,0.00854726002207
933, 2012/04/24,680.611,681.531,663.921,0.0245220838335
934, 2012/04/23,724.901,690.431,689.44,0.0841218318088
935, 2012/04/20,724.13,728.721,720.831,0.0831466725588
936, 2012/04/19,723.831,725.12,721.591,0.082767938925
937, 2012/04/18,710.141,723.461,710.101,0.065085666086
938, 2012/04/17,716.531,709.141,708.401,0.0734232015084
939, 2012/04/16,714.851,716.231,712.021,0.0712456162193
940, 2012/04/13,715.041,718.961,714.241,0.0714924039321
941, 2012/04/12,699.421,713.121,697.741,0.0507562683991
942, 2012/04/11,689.851,698.491,685.751,0.0375878269365
943, 2012/04/10,686.481,697.171,672.991,0.0196509444544
944, 2012/04/09,699.871,689.721,689.721,0.0384070778758
945, 2012/04/06,697.861,701.901,695.651,0.0356374693528
946, 2012/04/05,677.761,697.751,676.511,0.00703787913439
947, 2012/03/30,682.281,678.521,673.491,0.0136160907309
948, 2012/03/29,692.371,683.961,676.991,0.0279907737326
949, 2012/03/28,732.681,698.491,697.511,0.0814679239669
950, 2012/03/27,739.441,735.731,733.841,0.0898651819415
951, 2012/03/26,735.161,737.211,731.311,0.084566509921
952, 2012/03/23,748.871,737.891,735.151,0.101325862532
953, 2012/03/22,750.451,750.851,744.891,0.102551665598
954, 2012/03/21,758.891,751.791,737.991,0.112532629851
955, 2012/03/20,777.391,755.581,755.401,0.133652177604
956, 2012/03/19,764.951,779.561,763.361,0.119563213853
957, 2012/03/16,748.051,765.561,745.351,0.0949935231689
958, 2012/03/15,754.531,746.441,735.091,0.0755701223674
959, 2012/03/14,795.121,756.461,750.131,0.0802519364977
960, 2012/03/13,785.531,792.381,782.941,0.069023373998
961, 2012/03/12,779.511,786.051,778.511,0.0569844428109
962, 2012/03/09,764.481,777.691,763.721,0.0384443825288
963, 2012/03/08,751.981,761.701,751.981,0.0224606738734
964, 2012/03/07,743.051,749.271,740.611,0.0107125890417
965, 2012/03/06,758.081,750.841,743.611,0.0303265746009
966, 2012/03/05,759.651,759.371,758.831,0.0323306360421
967, 2012/03/02,743.851,757.671,743.851,0.0117765520245
968, 2012/03/01,734.251,743.151,733.781,0.000640108082931
969, 2012/02/29,747.221,735.341,734.241,0.0179866465209
970, 2012/02/28,757.451,747.771,737.371,0.0312495461753
971, 2012/02/27,763.961,760.371,760.241,0.0395046343989
972, 2012/02/24,756.161,762.291,755.191,0.0295968715657
973, 2012/02/23,760.671,756.901,748.621,0.0353503682933
974, 2012/02/22,737.781,759.561,737.781,0.00542166306804
975, 2012/02/21,719.291,736.881,713.651,0.00784105459404
976, 2012/02/20,726.881,721.101,720.971,0.0182010535425
977, 2012/02/17,722.621,717.801,709.231,0.0185297687169
978, 2012/02/16,723.431,721.831,714.401,0.0196286860806
979, 2012/02/15,711.621,724.751,707.141,0.00629548593985
980, 2012/02/14,714.751,712.301,707.971,0.0106470645022
981, 2012/02/13,694.241,714.961,690.531,0.00534396556815
982, 2012/02/10,696.531,698.851,693.751,0.00861411767746
983, 2012/02/09,692.361,697.791,690.681,0.00264312981234
984, 2012/02/08,673.071,692.301,669.631,0.0051109021188
985, 2012/02/07,683.881,673.681,669.541,0.0209685603197
986, 2012/02/06,681.041,686.511,680.701,0.0168859143576
987, 2012/02/03,665.351,680.051,663.011,0.00351694068244
988, 2012/02/02,652.061,665.401,652.061,0.0
989, 2012/02/01,647.491,650.781,644.581,0.00449427096284
990, 2012/01/31,649.371,648.681,637.431,0.0183870237507
991, 2012/01/30,649.421,651.251,644.881,0.0184625997619
992, 2012/01/20,634.831,646.381,634.571,0.000409557819325
993, 2012/01/19,621.651,632.801,612.281,0.0150727659088
994, 2012/01/18,662.941,624.911,621.671,0.0764170567215
995, 2012/01/17,630.781,662.691,623.641,0.0293287210617
996, 2012/01/16,657.801,633.911,633.311,0.069200259653
997, 2012/01/13,709.051,666.081,665.261,0.136478194093
998, 2012/01/12,715.821,709.891,708.681,0.144645099822
999, 2012/01/11,715.041,717.941,710.531,0.14371203889
1000, 2012/01/10,691.651,716.451,690.501,0.114754406485
1001, 2012/01/09,667.861,692.421,657.181,0.0832209097402
1002, 2012/01/06,662.651,669.021,645.801,0.0760128634832
1003, 2012/01/05,700.321,666.911,665.411,0.112305642698
1004, 2012/01/04,734.741,707.111,707.111,0.151209746019
1005, 2011/12/30,718.031,729.501,718.031,0.117989334722
1006, 2011/12/29,714.581,716.551,710.651,0.0962522093367
1007, 2011/12/28,721.841,717.551,700.111,0.105341758088
1008, 2011/12/27,749.611,727.171,725.111,0.13848516097
1009, 2011/12/26,760.671,753.051,751.611,0.151011409663
1010, 2011/12/23,754.891,761.441,750.961,0.144510929392
1011, 2011/12/22,754.481,757.901,727.741,0.144046039595
1012, 2011/12/21,786.981,761.341,760.921,0.154476410485
1013, 2011/12/20,791.821,781.421,780.921,0.115821631404
1014, 2011/12/19,774.661,793.441,767.071,0.0962356437203
1015, 2011/12/16,745.521,778.781,745.521,0.0609104237171
1016, 2011/12/15,751.551,746.561,743.271,0.0684451221541
1017, 2011/12/14,766.181,755.761,754.321,0.0536035218832
1018, 2011/12/13,787.081,768.921,765.041,0.0753924945463
1019, 2011/12/12,798.811,790.791,789.791,0.0889697312631
1020, 2011/12/09,802.131,798.841,796.191,0.0927404625928
1021, 2011/12/08,799.491,809.431,788.621,0.0703197409352
1022, 2011/12/07,797.181,802.631,794.371,0.0676257964001
1023, 2011/12/06,788.441,798.101,783.281,0.0572902728295
1024, 2011/12/05,825.611,792.501,790.301,0.0997321983355
1025, 2011/12/02,849.181,829.181,825.081,0.124720171554
1026, 2011/12/01,861.551,852.871,852.871,0.124461581497
1027, 2011/11/30,878.681,838.111,824.951,0.129330211988
1028, 2011/11/29,872.201,880.311,866.741,0.101948977357
1029, 2011/11/28,864.381,866.841,858.461,0.0938243668012
1030, 2011/11/25,866.991,863.501,860.631,0.0965523286862
1031, 2011/11/24,856.671,868.141,852.001,0.0856688273561
1032, 2011/11/23,868.781,864.811,863.061,0.0984137544444
1033, 2011/11/22,856.201,868.431,852.041,0.0769679082365
1034, 2011/11/21,866.981,863.131,849.561,0.0484785710413
1035, 2011/11/18,892.631,869.191,868.261,0.0758208038932
1036, 2011/11/17,893.791,898.341,890.821,0.0770202429875
1037, 2011/11/16,921.301,893.511,888.881,0.0778681451556
1038, 2011/11/15,916.621,920.971,912.811,0.073160008335
1039, 2011/11/14,899.111,915.981,899.111,0.055109991981
1040, 2011/11/11,893.721,891.191,885.591,0.0494113934886
1041, 2011/11/10,881.691,895.271,878.991,0.036441338292
1042, 2011/11/09,866.911,891.121,860.751,0.0200135884768
1043, 2011/11/08,878.451,862.361,861.381,0.0328874348142
1044, 2011/11/07,880.151,878.761,876.541,0.0220416723949
1045, 2011/11/04,881.621,882.251,876.441,0.0236723036316
1046, 2011/11/03,885.871,877.661,877.661,0.0283562730917
1047, 2011/11/02,837.071,881.051,833.901,0.00378701448264
1048, 2011/11/01,843.801,853.361,840.061,0.0117326241614
1049, 2011/10/31,834.301,852.801,831.501,0.00335610289332
1050, 2011/10/28,820.421,833.421,813.931,0.00791057274253
1051, 2011/10/27,810.721,810.921,807.121,0.00444049185848
1052, 2011/10/26,794.301,811.131,791.001,0.00415459630543
1053, 2011/10/25,770.841,797.861,769.291,0.00201079081159
1054, 2011/10/24,761.431,772.411,741.331,0.0263976643977
1055, 2011/10/21,777.031,763.301,760.161,0.0459441129118
1056, 2011/10/20,801.031,778.951,771.151,0.0745289508146
1057, 2011/10/19,807.211,804.441,798.801,0.0816143486647
1058, 2011/10/18,826.531,806.601,806.001,0.103081433122
1059, 2011/10/17,832.861,832.291,826.811,0.109898290351
1060, 2011/10/14,830.481,830.201,819.981,0.107347428779
1061, 2011/10/13,816.531,833.021,814.631,0.092096932021
1062, 2011/10/12,783.431,816.141,773.931,0.0537379807539
1063, 2011/10/11,806.701,786.151,778.051,0.0810337411259
1064, 2011/10/10,792.971,790.041,786.841,0.0413760402335
1065, 2011/09/30,792.761,791.131,781.791,0.0272591613361
1066, 2011/09/29,813.261,791.891,791.051,0.0483608583222
1067, 2011/09/28,834.031,817.521,814.341,0.0720596716429
1068, 2011/09/27,833.641,830.881,822.841,0.0716255558448
1069, 2011/09/26,842.001,829.351,826.831,0.0808431343906
1070, 2011/09/23,840.181,843.481,833.771,0.0788520568782
1071, 2011/09/22,876.251,852.921,852.921,0.116770194841
1072, 2011/09/21,856.801,881.031,854.291,0.0919116574327
1073, 2011/09/20,850.971,856.811,846.031,0.0812953672922
1074, 2011/09/19,871.881,854.711,854.641,0.103328321181
1075, 2011/09/16,878.561,874.881,873.551,0.0996060603646
1076, 2011/09/15,877.931,875.861,875.681,0.0724316603469
1077, 2011/09/14,864.081,876.951,855.341,0.0477270070746
1078, 2011/09/13,870.041,861.921,858.911,0.0496643261639
1079, 2011/09/09,889.471,881.581,877.531,0.0626214907512
1080, 2011/09/08,903.251,891.931,891.521,0.0633489473026
1081, 2011/09/07,877.871,899.611,877.781,0.0362695658018
1082, 2011/09/06,876.711,874.741,869.811,0.0349944280384
1083, 2011/09/05,902.371,883.871,883.461,0.052893987063
1084, 2011/09/02,916.071,909.851,902.481,0.0662939881297
1085, 2011/09/01,921.971,917.751,913.161,0.0722690843855
1086, 2011/08/31,931.791,921.501,911.821,0.0820462957895
1087, 2011/08/30,957.291,934.191,933.821,0.102769168414
1088, 2011/08/29,951.551,954.031,947.731,0.0859018591752
1089, 2011/08/26,940.531,952.811,937.971,0.0751915673168
1090, 2011/08/25,942.641,942.941,927.361,0.0772616510421
1091, 2011/08/24,940.421,940.201,939.281,0.0750833935014
1092, 2011/08/23,912.351,936.421,912.351,0.0316654445493
1093, 2011/08/22,913.611,910.611,907.861,0.012182427751
1094, 2011/08/19,895.651,912.421,891.801,0.00429854932334
1095, 2011/08/18,934.581,915.681,915.261,0.0457745235565
1096, 2011/08/17,932.011,936.161,926.021,0.0431432676224
1097, 2011/08/16,942.951,933.141,929.791,0.0542446001966
1098, 2011/08/15,928.981,942.491,928.981,0.0400223470663
1099, 2011/08/12,920.291,926.301,920.291,0.0309575992811
1100, 2011/08/11,873.121,915.491,870.291,0.00324124605868
1101, 2011/08/10,891.221,891.751,889.861,0.0234846351242
1102, 2011/08/09,849.0,878.76,835.281,0.0161590106007
1103, 2011/08/08,908.081,877.44,859.161,0.0801690598085
1104, 2011/08/05,905.16,919.19,899.32,0.0772007158955
1105, 2011/08/04,944.83,937.48,935.42,0.115945725686
1106, 2011/08/03,922.81,945.51,918.64,0.0948505109394
1107, 2011/08/02,923.09,932.12,905.01,0.0951250690615
1108, 2011/08/01,911.94,927.38,910.98,0.0840614514113
1109, 2011/07/29,919.53,913.28,910.24,0.0916218067926
1110, 2011/07/28,907.25,919.4,902.5,0.0793265362359
1111, 2011/07/27,890.03,915.55,883.97,0.061513656843
1112, 2011/07/26,884.02,892.54,878.16,0.0281204045157
1113, 2011/07/25,920.85,887.06,884.1,0.0463593419124
1114, 2011/07/22,917.63,924.0,917.63,0.0430129790874
1115, 2011/07/21,930.26,915.37,915.37,0.0560058478275
1116, 2011/07/20,932.21,930.83,920.22,0.0579804979565
1117, 2011/07/19,940.42,927.3,924.09,0.0662044618362
1118, 2011/07/18,952.03,946.12,944.1,0.0775920926862
1119, 2011/07/15,935.54,951.14,933.49,0.0613335613656
1120, 2011/07/14,913.49,932.78,913.49,0.0386758475736
1121, 2011/07/13,890.3,913.09,890.3,0.0136358530832
1122, 2011/07/12,895.49,891.52,888.58,0.0127192933478
1123, 2011/07/11,894.07,903.31,889.82,0.00614045880077
1124, 2011/07/08,899.47,894.91,888.22,0.0125073654485
1125, 2011/07/07,893.6,899.8,891.73,0.0060205908684
1126, 2011/07/06,881.6,894.28,877.82,0.00428765880218
1127, 2011/07/05,877.52,883.42,876.9,0.000706536603154
1128, 2011/07/04,856.5,876.17,856.5,0.0
1129, 2011/07/01,847.54,855.27,847.54,0.0
1130, 2011/06/30,834.82,845.92,834.82,0.0
1131, 2011/06/29,844.85,836.38,836.38,0.0118719299284
1132, 2011/06/28,843.98,844.18,836.94,0.0108533377568
1133, 2011/06/27,832.62,843.86,832.62,0.0
1134, 2011/06/24,812.31,832.32,810.58,0.00212972879812
1135, 2011/06/23,790.7,814.44,783.86,0.00865056279246
1136, 2011/06/22,797.42,791.51,788.56,0.017004840611
1137, 2011/06/21,792.0,795.61,786.33,0.0102777777778
1138, 2011/06/20,800.62,791.76,787.57,0.0209337763233
1139, 2011/06/17,809.16,802.64,801.31,0.0312669929309
1140, 2011/06/16,822.37,810.71,809.93,0.0468280700901
1141, 2011/06/15,837.54,827.53,826.94,0.0640924612556
1142, 2011/06/14,829.51,838.47,829.27,0.0550324890598
1143, 2011/06/13,820.24,829.36,811.39,0.04435287233
1144, 2011/06/10,825.55,824.03,811.09,0.0504996668887
1145, 2011/06/09,843.58,828.02,828.02,0.0678655254985
1146, 2011/06/08,846.67,844.98,836.99,0.071267435955
1147, 2011/06/07,845.25,847.71,842.46,0.0682401656315
1148, 2011/06/03,833.44,847.55,832.53,0.0385510654636
1149, 2011/06/02,841.52,833.74,823.1,0.0375392147543
1150, 2011/06/01,846.48,851.17,843.29,0.0418084302051
1151, 2011/05/31,836.35,846.32,828.66,0.0302026663478
1152, 2011/05/30,819.87,834.32,816.39,0.0107090148438
1153, 2011/05/27,830.61,822.94,819.87,0.0235008006164
1154, 2011/05/26,843.62,830.92,830.64,0.0322775657286
1155, 2011/05/25,867.68,842.35,842.12,0.059111654066
1156, 2011/05/24,836.79,870.94,828.5,0.0243788764206
1157, 2011/05/23,873.31,840.9,840.65,0.0651773138977
1158, 2011/05/20,884.06,875.43,873.87,0.0765445784223
1159, 2011/05/19,891.48,884.89,883.87,0.0842307174586
1160, 2011/05/18,891.99,890.79,888.18,0.0847543133892
1161, 2011/05/17,903.98,895.15,890.36,0.0968937365871
1162, 2011/05/16,911.34,906.34,906.08,0.100368687866
1163, 2011/05/13,909.25,909.77,897.8,0.0888094583448
1164, 2011/05/12,927.15,909.26,909.14,0.106401337432
1165, 2011/05/11,931.51,929.95,923.26,0.110583890672
1166, 2011/05/10,932.88,931.21,925.04,0.098865877712
1167, 2011/05/09,920.12,931.77,920.12,0.0502651828022
1168, 2011/05/06,910.14,918.28,904.74,0.0288636913002
1169, 2011/05/05,901.48,914.59,900.35,0.0147535164396
1170, 2011/05/04,919.67,903.99,901.92,0.0318701273283
1171, 2011/05/03,911.79,922.07,907.28,0.0153434453109
1172, 2011/04/29,901.16,912.72,897.2,0.00439433618891
1173, 2011/04/28,941.2,904.15,903.03,0.0467488312792
1174, 2011/04/27,956.77,942.54,936.99,0.0622615675659
1175, 2011/04/26,970.96,958.29,954.98,0.0759660542144
1176, 2011/04/25,1001.08,975.18,974.99,0.103767930635
1177, 2011/04/22,1008.17,1004.65,1000.92,0.1100707222
1178, 2011/04/21,1007.98,1010.56,1006.91,0.109902974265
1179, 2011/04/20,993.94,1008.18,991.88,0.0973298187013
1180, 2011/04/19,1000.88,994.3,986.9,0.103588841819
1181, 2011/04/18,1008.48,1003.26,1000.18,0.110344280501
1182, 2011/04/15,1015.97,1010.06,1002.64,0.111164699745
1183, 2011/04/14,1021.1,1016.62,1013.99,0.0823719518167
1184, 2011/04/13,999.53,1020.75,998.52,0.0445709483457
1185, 2011/04/12,1000.77,1000.17,997.75,0.0257601646732
1186, 2011/04/11,1021.31,1002.8,1002.43,0.0336920229901
1187, 2011/04/08,1004.14,1019.14,1002.38,0.0171689206684
1188, 2011/04/07,993.38,1004.41,992.43,0.0065231834746
1189, 2011/04/06,1011.68,994.26,992.31,0.0244939111181
1190, 2011/04/01,1006.04,1015.08,1002.86,0.0136475686851
1191, 2011/03/31,1006.72,1008.3,1005.37,0.0143138111888
1192, 2011/03/30,1017.16,1006.37,1004.38,0.0244307680208
1193, 2011/03/29,1050.29,1019.04,1017.88,0.055203800855
1194, 2011/03/28,1072.89,1052.11,1051.02,0.0751055560216
1195, 2011/03/25,1077.34,1072.34,1069.38,0.0789258729835
1196, 2011/03/24,1078.02,1077.99,1074.04,0.0795068737129
1197, 2011/03/23,1066.17,1076.56,1064.59,0.0692760066406
1198, 2011/03/22,1072.39,1067.29,1057.86,0.0746743255719
1199, 2011/03/21,1083.15,1070.6,1068.32,0.07412639062
1200, 2011/03/18,1081.6,1083.6,1079.56,0.0713942307692
1201, 2011/03/17,1096.22,1078.37,1074.87,0.0837788035248
1202, 2011/03/16,1094.12,1102.22,1094.12,0.0696815705773
1203, 2011/03/15,1108.2,1094.95,1078.23,0.0515971846237
1204, 2011/03/14,1099.32,1107.54,1095.9,0.0377142233381
1205, 2011/03/11,1090.21,1101.76,1088.65,0.0296731822309
1206, 2011/03/10,1088.34,1093.9,1087.57,0.0280059540217
1207, 2011/03/09,1084.7,1087.3,1075.46,0.0247441688946
1208, 2011/03/08,1079.53,1084.82,1074.1,0.0103841486573
1209, 2011/03/07,1073.93,1078.11,1069.93,0.00372463754621
1210, 2011/03/04,1063.43,1071.86,1056.56,0.00646022775359
1211, 2011/03/03,1088.89,1064.31,1062.37,0.0296907860298
1212, 2011/03/02,1094.97,1088.9,1077.65,0.0350785866279
1213, 2011/03/01,1100.81,1098.0,1091.98,0.0401976726229
1214, 2011/02/28,1096.34,1099.78,1087.59,0.0362843643395
1215, 2011/02/25,1098.11,1095.1,1085.8,0.0378377393886
1216, 2011/02/24,1112.43,1101.95,1094.62,0.0502233848422
1217, 2011/02/23,1088.08,1114.05,1087.86,0.0289684582016
1218, 2011/02/22,1118.61,1088.27,1087.01,0.0554706287267
1219, 2011/02/21,1096.17,1117.67,1094.43,0.0361349060821
1220, 2011/02/18,1114.45,1100.46,1098.59,0.0467315716273
1221, 2011/02/17,1108.63,1115.33,1103.89,0.0279443998449
1222, 2011/02/16,1086.77,1107.24,1083.85,0.00268686106536
1223, 2011/02/15,1086.8,1087.73,1082.27,0.00416820022083
1224, 2011/02/14,1072.31,1086.56,1072.31,0.0
1225, 2011/02/11,1067.19,1071.58,1065.15,0.00191156213983
1226, 2011/02/10,1026.25,1063.95,1024.71,0.0015006090134
1227, 2011/02/09,1026.45,1025.15,1021.79,0.00453991913878
1228, 2011/02/01,1029.67,1032.6,1026.9,0.00765293734886
1229, 2011/01/31,1021.63,1029.12,1014.4,0.0070769260887
1230, 2011/01/28,1013.64,1020.94,1011.31,0.00229864646225
1231, 2011/01/27,991.06,1013.02,984.79,0.00632655944141
1232, 2011/01/26,978.07,995.74,977.85,0.000224932775773
1233, 2011/01/25,992.57,979.0,968.32,0.02443152624
1234, 2011/01/24,1024.79,994.97,994.26,0.0551039725212
1235, 2011/01/21,1014.72,1024.51,1013.27,0.0457269000315
1236, 2011/01/20,1047.77,1020.39,1020.29,0.0758277102799
1237, 2011/01/19,1025.93,1048.54,1023.15,0.0561539286306
1238, 2011/01/18,1021.84,1025.72,1014.63,0.0523761058483
1239, 2011/01/17,1066.44,1028.16,1025.66,0.0920070514984
1240, 2011/01/14,1092.09,1067.42,1065.75,0.113333150198
1241, 2011/01/13,1094.83,1093.86,1089.67,0.115552186184
1242, 2011/01/12,1083.12,1089.67,1071.09,0.105990102666
1243, 2011/01/11,1089.99,1078.37,1068.4,0.087826493821
1244, 2011/01/10,1124.34,1093.77,1089.06,0.0987868438373
1245, 2011/01/07,1132.73,1126.52,1119.61,0.104261386209
1246, 2011/01/06,1153.63,1134.79,1134.09,0.120489238317
1247, 2011/01/05,1153.91,1155.35,1146.38,0.120702654453
1248, 2011/01/04,1142.17,1155.11,1140.04,0.102007582059
1249, 2010/12/31,1117.36,1137.66,1117.36,0.0461892317606
1250, 2010/12/30,1113.56,1117.21,1106.43,0.0405546176228
1251, 2010/12/29,1091.82,1113.31,1091.82,0.0214504222308
1252, 2010/12/28,1098.94,1091.48,1080.4,0.0277904162193
1253, 2010/12/27,1145.7,1105.3,1100.52,0.0569957231387
1254, 2010/12/24,1170.7,1144.5,1140.13,0.0771333390279
1255, 2010/12/23,1198.74,1176.36,1175.86,0.0987203230058
1256, 2010/12/22,1214.77,1201.65,1199.68,0.11061353178
1257, 2010/12/21,1212.09,1215.02,1204.48,0.108647047661
1258, 2010/12/20,1235.67,1212.34,1180.53,0.125656526419
1259, 2010/12/17,1222.93,1232.98,1222.93,0.11654796268
1260, 2010/12/16,1209.619,1225.029,1209.339,0.106826198993
1261, 2010/12/15,1217.809,1211.799,1209.289,0.112832964775
1262, 2010/12/14,1211.459,1218.519,1204.659,0.0915747045505
1263, 2010/12/13,1175.509,1209.269,1175.509,0.0300967495783
1264, 2010/12/10,1139.829,1166.799,1136.329,0.003070636034
1265, 2010/12/09,1158.819,1144.529,1144.179,0.0194076900707
1266, 2010/12/08,1160.919,1160.239,1158.099,0.0211814950053
1267, 2010/12/07,1132.329,1161.689,1123.76,0.00756758857187
1268, 2010/12/06,1157.719,1134.38,1124.939,0.0293326791734
1269, 2010/12/03,1177.169,1157.939,1148.089,0.0453707156746
1270, 2010/12/02,1187.099,1177.839,1177.809,0.0533561227834
1271, 2010/12/01,1176.609,1177.179,1169.89,0.0449163655896
1272, 2010/11/30,1219.079,1181.5,1146.969,0.0781893544225
1273, 2010/11/29,1195.309,1220.109,1193.409,0.0598581621991
1274, 2010/11/26,1184.799,1196.019,1179.279,0.0515184432127
1275, 2010/11/25,1212.77,1186.359,1177.83,0.0733939658798
1276, 2010/11/24,1176.42,1208.45,1174.68,0.0447629248058
1277, 2010/11/23,1172.06,1183.5,1148.81,0.0402035731959
1278, 2010/11/22,1153.26,1174.94,1151.76,0.00545497112533
1279, 2010/11/19,1106.75,1153.17,1105.589,0.00104901739327
1280, 2010/11/18,1090.14,1102.849,1077.06,0.0119984589135
1281, 2010/11/17,1115.12,1085.349,1080.93,0.034130855872
1282, 2010/11/16,1154.41,1126.18,1111.5,0.0670039240824
1283, 2010/11/15,1087.81,1148.54,1086.52,0.00988224046479
1284, 2010/11/12,1126.85,1082.24,1080.27,0.0441851178063
1285, 2010/11/11,1137.08,1132.72,1132.36,0.0527843247617
1286, 2010/11/10,1115.74,1141.58,1113.75,0.034667574883
1287, 2010/11/09,1110.43,1115.65,1102.01,0.0300514215214
1288, 2010/11/08,1077.5,1107.06,1077.5,0.000408352668214
1289, 2010/11/05,1067.87,1072.22,1058.26,0.00899922275183
1290, 2010/11/04,1041.42,1057.71,1037.24,0.00401375045611
1291, 2010/11/03,1063.199,1040.62,1040.549,0.0244159371858
1292, 2010/11/02,1108.089,1075.149,1074.579,0.0639380049797
1293, 2010/11/01,1071.629,1107.519,1071.629,0.0320903969564
1294, 2010/10/29,1042.399,1064.519,1042.399,0.00494916054217
1295, 2010/10/28,1024.699,1038.619,1023.489,0.00118083456703
1296, 2010/10/27,1034.859,1030.589,1028.699,0.0109870040266
1297, 2010/10/26,1041.529,1036.009,1020.939,0.0197690126727
1298, 2010/10/25,1018.079,1039.049,1018.079,0.0
1299, 2010/10/22,991.139,1013.449,991.139,0.0
1300, 2010/10/21,1001.679,991.839,983.659,0.017989795134
1301, 2010/10/20,986.649,1004.539,986.029,0.00303045966701
1302, 2010/10/19,932.829,995.919,932.319,0.000546723997646
1303, 2010/10/18,941.869,932.359,913.819,0.0297812116122
1304, 2010/10/15,954.119,944.249,937.119,0.0422379179117
1305, 2010/10/14,963.289,958.499,956.859,0.0513553045867
1306, 2010/10/13,951.329,962.739,940.649,0.0394290513587
1307, 2010/10/12,946.63,951.789,945.01,0.0346608495399
1308, 2010/10/11,960.909,947.109,941.909,0.0490056810791
1309, 2010/10/08,946.469,959.859,945.62,0.0344966396152
1310, 2010/09/30,923.829,942.539,921.359,0.0108353385746
1311, 2010/09/29,941.269,926.759,924.409,0.0291627579364
1312, 2010/09/28,949.63,942.049,939.63,0.037710476712
1313, 2010/09/27,936.209,950.669,930.869,0.015861842815
1314, 2010/09/21,952.069,934.459,930.249,0.0322560654742
1315, 2010/09/20,972.449,949.199,947.409,0.052537459548
1316, 2010/09/17,976.07,972.229,967.56,0.0560523323122
1317, 2010/09/16,989.49,972.6,964.53,0.0688546625029
1318, 2010/09/15,1029.52,990.1,987.05,0.105059639444
1319, 2010/09/14,1044.299,1031.219,1028.769,0.117724904457
1320, 2010/09/13,1034.39,1042.479,1033.25,0.10632450043
1321, 2010/09/10,1021.87,1034.94,1016.19,0.0896601328936
1322, 2010/09/09,1029.11,1021.83,1019.69,0.0960645606398
1323, 2010/09/08,1020.23,1026.33,1016.84,0.0881967791576
1324, 2010/09/07,1010.12,1022.62,1007.64,0.0620827228448
1325, 2010/09/06,1039.46,1010.76,1007.43,0.0720855059358
1326, 2010/09/03,1017.64,1036.7,1017.51,0.0521893793483
1327, 2010/09/02,1001.6,1014.92,996.52,0.0145267571885
1328, 2010/09/01,1025.68,995.59,987.59,0.0371363388191
1329, 2010/08/31,1020.75,1025.57,1015.13,0.0324859172177
1330, 2010/08/30,1002.99,1024.93,1002.99,0.0153540912671
1331, 2010/08/27,978.51,999.46,975.72,0.00285127387559
1332, 2010/08/26,978.6,980.63,973.0,0.00572246065808
1333, 2010/08/25,1000.27,976.88,976.55,0.0272626390874
1334, 2010/08/24,993.58,1004.99,987.22,0.0207129773144
1335, 2010/08/23,994.94,995.61,991.52,0.0220515809999
1336, 2010/08/20,1021.46,995.94,993.56,0.0474418968927
1337, 2010/08/19,1026.98,1025.53,1021.7,0.0525618804651
1338, 2010/08/18,1033.71,1026.72,1018.5,0.0587302047963
1339, 2010/08/17,1031.08,1033.58,1023.08,0.0563292857974
1340, 2010/08/16,1007.5,1030.22,1005.05,0.0342431761787
1341, 2010/08/13,992.63,1007.21,986.62,0.0197757472573
1342, 2010/08/12,994.05,991.78,987.98,0.0176047482521
1343, 2010/08/11,991.28,1004.64,990.94,0.00470099265596
1344, 2010/08/10,1031.98,993.99,993.99,0.0439543402004
1345, 2010/08/09,1013.25,1032.34,1013.25,0.0262817665926
1346, 2010/08/06,987.97,1011.39,985.63,0.00236849297043
1347, 2010/08/05,980.27,987.35,978.33,0.0019790465892
1348, 2010/08/04,971.41,978.01,955.93,0.0159355987688
1349, 2010/08/03,995.2,975.65,975.65,0.0394594051447
1350, 2010/08/02,968.45,994.23,968.45,0.0129278744385
1351, 2010/07/30,971.66,968.43,955.92,0.0161990819834
1352, 2010/07/29,974.3,975.36,965.61,0.0188648260289
1353, 2010/07/28,955.19,972.53,954.52,0.000701431128885
1354, 2010/07/27,963.54,957.97,955.73,0.00936131348984
1355, 2010/07/26,962.76,966.15,954.76,0.00855872699323
1356, 2010/07/23,951.84,960.59,948.13,0.0038977139015
1357, 2010/07/22,938.22,950.21,932.02,0.00660825819104
1358, 2010/07/21,940.1,941.25,938.16,0.0085948303372
1359, 2010/07/20,909.54,937.02,909.54,0.0
1360, 2010/07/19,881.66,908.05,878.07,0.00407186443754
1361, 2010/07/16,885.07,892.3,869.02,0.0181341588801
1362, 2010/07/15,920.05,892.56,892.56,0.055464376936
1363, 2010/07/14,929.75,922.36,916.07,0.0653186340414
1364, 2010/07/13,924.95,931.08,906.3,0.0604681334126
1365, 2010/07/12,931.54,930.17,924.06,0.0671146703308
1366, 2010/07/09,903.5,932.15,896.89,0.0381627006087
1367, 2010/07/08,912.0,905.51,887.03,0.0471271929825
1368, 2010/07/07,896.53,908.55,890.34,0.0306849742898
1369, 2010/07/06,859.26,893.72,857.8,0.00169913646626
1370, 2010/07/05,857.37,862.27,842.73,0.0170754749991
1371, 2010/07/02,878.95,873.12,832.62,0.0527106206269
1372, 2010/07/01,914.4,882.19,882.19,0.0894356955381
