date,open,close,high,low,ma5,ma10,ma20,rolling_low,stop_loss,earnings,ma5_up_10,ma_cross_earnings
2016-02-26,6340.193,6304.217,6376.014,6186.737,6603.089,6618.987,6485.368,,5832.97756,-507.21544,,
2016-02-25,6771.236,6284.617,6771.236,6257.336,6685.241,6628.487,6505.205,,6229.53712,-541.69888,,
2016-02-24,6772.279,6784.095,6837.205,6648.414,6765.81,6648.502,6522.617,,6230.49668,-541.78232,,
2016-02-23,6845.276,6798.582,6861.78,6712.522,6754.435,6609.945,6527.23,,6297.65392,-547.62208,,
2016-02-22,6800.998,6843.932,6846.353,6747.908,6723.495,6569.246,6535.882,,6256.91816,-544.07984,,
2016-02-19,6668.457,6714.978,6759.719,6653.167,6634.885,6505.051,6530.769,,6134.98044,-533.47656,,
2016-02-18,6779.146,6687.463,6793.322,6675.239,6571.732,6460.845,6526.626,,6236.81432,-542.33168,,
2016-02-17,6642.547,6727.219,6737.825,6613.295,6531.194,6396.833,6534.358,,6111.14324,-531.40376,,
2016-02-16,6437.856,6643.883,6663.549,6437.856,6465.455,6349.719,6528.112,,5922.82752,-515.02848,,
2016-02-15,6206.244,6400.88,6432.596,6205.248,6414.996,6315.782,6536.456,,5709.74448,-496.49952,True,-496.4995199999994
2016-02-05,6478.082,6399.217,6496.309,6398.855,6375.218,6351.75,6553.678,,5959.83544,-518.24656,,
2016-02-04,6409.984,6484.771,6521.024,6409.984,6349.957,6381.924,6593.732,,5897.18528,-512.79872,,
2016-02-03,6323.502,6398.524,6426.828,6280.547,6262.472,6396.732,6625.169,,5817.62184,-505.88016,,
2016-02-02,6207.9,6391.59,6416.136,6207.9,6233.982,6444.515,6692.629,,5711.268,-496.632,,
2016-02-01,6241.613,6201.989,6302.622,6122.937,6216.568,6502.519,6753.266,,5742.28396,-499.32904,,
2016-01-29,6045.338,6272.912,6322.852,6026.877,6328.281,6556.487,6828.326,,5561.71096,-483.62704,,
2016-01-28,6186.549,6047.346,6268.627,6022.911,6413.891,6592.407,6934.372,,5691.62508,-494.92392,,
2016-01-27,6341.426,6256.075,6356.621,5973.123,6530.991,6671.882,7059.115,,5834.11192,-507.31408,,
2016-01-26,6684.945,6304.518,6694.982,6288.35,6655.048,6706.505,7169.68,,6150.1494,-534.7956,,
2016-01-25,6761.896,6760.554,6831.963,6703.424,6788.469,6757.13,7274.088,,6220.94432,-540.95168,True,-540.9516800000001
2016-01-22,6711.817,6700.964,6744.637,6518.708,6784.694,6755.607,7364.346,,6174.87164,-536.94536,,
2016-01-21,6771.52,6632.845,6954.199,6632.845,6770.924,6805.54,7455.165,,6229.7984,-541.7216,,
2016-01-20,6927.483,6876.357,7011.483,6837.6,6812.773,6853.607,7551.33,,6373.28436,-554.19864,,
2016-01-19,6724.478,6971.626,6987.581,6713.048,6757.963,6940.743,7640.144,,6186.51976,-537.95824,,
2016-01-18,6511.117,6741.677,6815.083,6511.117,6725.791,7004.014,7720.248,,5990.22764,-520.88936,,
2016-01-15,6794.183,6632.113,6845.293,6593.382,6726.519,7100.165,7807.107,,6250.64836,-543.53464,,
2016-01-14,6416.236,6842.091,6848.799,6406.241,6840.157,7276.336,7901.125,,5902.93712,-513.29888,,
2016-01-13,6862.689,6602.306,6903.18,6602.306,6894.442,7446.347,7976.238,,6313.67388,-549.01512,,
2016-01-12,6775.65,6810.767,6902.34,6670.604,7123.524,7632.856,8062.295,,6233.598,-542.052,,
2016-01-11,7039.198,6745.32,7138.668,6734.997,7282.236,7791.046,8134.741,,6476.06216,-563.13584,,
2016-01-08,7263.66,7200.3,7359.891,6863.273,7473.81,7973.086,8201.609,,6682.5672,-581.0928,,
2016-01-07,7598.758,7113.516,7598.758,7102.938,7712.515,8104.79,8248.318,,6990.85736,-607.90064,,
2016-01-06,7641.971,7747.718,7750.891,7557.882,7998.252,8249.053,8298.43,,7030.61332,-611.35768,,
2016-01-05,7375.706,7604.328,7748.807,7338.18,8142.187,8339.545,8318.004,,6785.64952,-590.05648,,
2016-01-04,8385.004,7703.189,8385.004,7701.915,8299.856,8436.481,8353.632,,7714.20368,-670.80032,,
2015-12-31,8552.769,8393.825,8565.584,8389.28,8472.362,8514.05,8380.233,,7868.54748,-684.22152,,
2015-12-30,8484.939,8542.202,8542.202,8455.762,8497.065,8525.915,8377.873,,7806.14388,-678.79512,,
2015-12-29,8392.772,8467.39,8467.39,8342.75,8499.853,8506.13,8359.946,,7721.35024,-671.42176,,
2015-12-28,8599.726,8392.675,8628.115,8392.675,8536.902,8491.734,8344.729,,7911.74792,-687.97808,,
2015-12-25,8530.881,8565.717,8578.124,8507.369,8573.107,8478.435,8333.248,,7848.41052,-682.47048,,
2015-12-24,8537.166,8517.341,8558.606,8422.494,8555.738,8430.132,8309.784,,7854.19272,-682.97328,,
2015-12-23,8644.906,8556.143,8679.564,8531.776,8554.765,8391.846,8316.67,,7953.31352,-691.59248,,
2015-12-22,8587.38,8652.636,8652.636,8531.304,8512.406,8347.807,8326.568,,7900.3896,-686.9904,,
2015-12-21,8474.492,8573.696,8587.97,8466.782,8446.565,8296.463,8324.622,,7796.53264,-677.95936,,
2015-12-18,8523.65,8478.873,8564.206,8440.979,8383.763,8270.783,8322.564,,7841.758,-681.892,True,-681.8919999999998
2015-12-17,8416.339,8512.475,8521.972,8409.966,8304.526,8246.416,8327.641,,7743.03188,-673.30712,,
2015-12-16,8355.677,8344.35,8402.233,8317.668,8228.927,8229.832,8327.97,,7687.22284,-668.45416,,
2015-12-15,8273.653,8323.431,8378.069,8269.135,8183.209,8213.762,8324.088,,7611.76076,-661.89224,,
2015-12-14,7999.643,8259.688,8259.688,7982.184,8146.361,8197.724,8330.292,,7359.67156,-639.97144,,
2015-12-11,8095.081,8082.685,8155.484,8046.482,8157.802,8188.06,8342.971,,7447.47452,-647.60648,,
2015-12-10,8109.225,8134.48,8216.614,8101.205,8188.306,8189.437,8356.118,,7460.487,-648.738,,
2015-12-09,8093.028,8115.761,8171.52,8050.629,8230.737,8241.495,8376.1,,7445.58576,-647.44224,,
2015-12-08,8278.79,8139.191,8278.79,8125.547,8244.316,8305.329,8398.041,,7616.4868,-662.3032,,
2015-12-07,8242.266,8316.891,8335.689,8176.722,8249.088,8352.782,8413.275,,7582.88472,-659.38128,,
2015-12-04,8298.072,8235.208,8341.48,8177.033,8218.319,8374.345,8417.763,,7634.22624,-663.84576,,
2015-12-03,8190.472,8346.635,8346.635,8190.472,8190.567,8408.865,8419.278,,7535.23424,-655.23776,,
2015-12-02,8146.64,8183.654,8183.654,7918.328,8252.252,8426.109,8403.589,,7494.9088,-651.7312,,
2015-12-01,8147.432,8163.05,8240.406,8068.532,8366.342,8434.413,8396.374,,7495.63744,-651.79456,,
2015-11-30,8109.261,8163.049,8210.363,7744.347,8456.476,8462.861,8369.756,,7460.52012,-648.74088,,
2015-11-27,8605.614,8096.449,8637.341,8033.208,8530.37,8497.882,8343.954,,7917.16488,-688.44912,,
2015-11-26,8801.56,8655.057,8814.768,8641.778,8627.163,8522.8,8328.927,,8097.4352,-704.1248,,
2015-11-25,8617.5,8754.105,8765.413,8597.965,8599.966,8510.706,8284.767,,7928.1,-689.4,True,-689.3999999999996
2015-11-24,8522.16,8613.72,8613.72,8427.459,8502.485,8490.753,8233.262,,7840.3872,-681.7728,,
2015-11-23,8564.882,8532.518,8658.316,8495.226,8469.245,8473.768,8199.008,,7879.69144,-685.19056,True,-685.19056
2015-11-20,8553.627,8580.416,8629.182,8490.377,8465.393,8461.182,8166.844,,7869.33684,-684.29016,,
2015-11-19,8295.788,8519.071,8519.071,8295.788,8418.436,8429.69,8129.009,,7632.12496,-663.66304,,
2015-11-18,8443.959,8266.7,8481.289,8247.31,8421.446,8381.07,8086.643,,7768.44228,-675.51672,,
2015-11-17,8594.676,8447.521,8667.544,8418.719,8479.021,8358.335,8043.901,,7907.10192,-687.57408,,
2015-11-16,8213.556,8513.259,8513.259,8202.472,8478.291,8276.651,8015.307,,7556.47152,-657.08448,,
2015-11-13,8441.789,8345.631,8469.471,8266.405,8456.971,8190.026,7974.83,,7766.44588,-675.34312,,
2015-11-12,8612.816,8534.121,8627.224,8413.04,8440.944,8135.055,7943.072,,7923.79072,-689.02528,,
2015-11-11,8457.188,8554.574,8564.556,8375.425,8340.694,8058.828,7897.783,,7780.61296,-676.57504,,
2015-11-10,8364.104,8443.868,8508.306,8318.454,8237.65,7975.771,7840.053,,7694.97568,-669.12832,,
2015-11-09,8227.924,8406.663,8456.213,8173.933,8075.012,7924.248,7791.878,,7569.69008,-658.23392,,
2015-11-06,8065.065,8265.496,8276.939,8065.065,7923.08,7872.506,7742.954,,7419.8598,-645.2052,True,-645.2051999999994
2015-11-05,8057.455,8032.868,8159.799,7965.752,7829.165,7828.327,7686.355,,7412.8586,-644.5964,,
2015-11-04,7672.135,8039.353,8039.353,7672.135,7776.962,7792.216,7636.621,,7058.3642,-613.7708,,
2015-11-03,7677.608,7630.68,7726.058,7562.586,7713.893,7729.467,7575.9,,7063.39936,-614.20864,,
2015-11-02,7623.195,7647.002,7895.74,7591.114,7773.484,7753.962,7533.351,,7013.3394,-609.8556,,
2015-10-30,7769.064,7795.92,7923.634,7642.459,7821.932,7759.635,7488.161,,7147.53888,-621.52512,,
2015-10-29,7772.015,7771.855,7861.738,7646.324,7827.489,7751.089,7440.871,,7150.2538,-621.7612,,
2015-10-28,7873.539,7724.008,7986.57,7687.201,7807.47,7736.738,7387.694,,7243.65588,-629.88312,,
2015-10-27,7820.359,7928.634,7974.839,7540.318,7745.04,7704.335,7348.471,,7194.73028,-625.62872,,
2015-10-26,7927.148,7889.241,7949.351,7775.927,7734.441,7659.508,7295.123,,7292.97616,-634.17184,,
2015-10-23,7713.172,7823.706,7850.151,7654.717,7697.337,7613.402,7247.719,,7096.11824,-617.05376,,
2015-10-22,7392.718,7671.76,7683.859,7377.213,7674.69,7544.383,7199.813,,6801.30056,-591.41744,,
2015-10-21,7876.108,7411.859,7922.381,7374.524,7666.007,7481.027,7146.995,,7246.01936,-630.08864,,
2015-10-20,7685.982,7875.637,7875.637,7668.641,7663.63,7422.333,7104.379,,7071.10344,-614.87856,,
2015-10-19,7743.056,7703.725,7804.616,7613.335,7584.576,7312.74,7043.977,,7123.61152,-619.44448,,
2015-10-16,7674.29,7710.468,7719.997,7557.457,7529.467,7216.688,6970.852,,7060.3468,-613.9432,,
2015-10-15,7377.526,7628.345,7628.756,7377.526,7414.076,7130.653,6914.481,,6787.32392,-590.20208,,
2015-10-14,7446.259,7399.973,7520.499,7379.757,7296.046,7038.65,6887.784,,6850.55828,-595.70072,,
2015-10-13,7375.937,7480.367,7500.735,7346.812,7181.037,6992.608,6871.156,,6785.86204,-590.07496,,
2015-10-12,7174.916,7428.181,7517.594,7169.939,7040.904,6930.739,6857.852,,6600.92272,-573.99328,True,-573.9932799999997
2015-10-09,7026.817,7133.516,7172.894,7001.354,6903.909,6882.037,6837.12,,6464.67164,-562.14536,,
2015-10-08,7020.129,7038.194,7117.191,6970.21,6847.23,6855.243,6819.831,,6458.51868,-561.61032,,
2015-10-07,6818.916,6824.925,6842.602,6801.99,6781.253,6812.964,6810.418,,6273.40272,-545.51328,,
2015-09-30,6771.728,6779.704,6820.94,6705.918,6804.18,6786.425,6812.198,,6229.98976,-541.73824,,
2015-09-29,6738.255,6743.207,6824.852,6692.926,6820.573,6775.214,6829.88,,6199.1946,-539.0604,,
2015-09-28,6729.307,6850.12,6856.811,6629.425,6860.164,6725.017,6857.392,,6190.96244,-538.34456,,
2015-09-25,6909.068,6708.308,6953.731,6661.206,6863.256,6698.309,6861.539,,6356.34256,-552.72544,,
2015-09-24,6906.621,6939.559,6977.547,6853.807,6844.675,6736.919,6859.933,,6354.09132,-552.52968,True,-552.5296799999996
2015-09-23,6826.016,6861.672,6946.177,6804.373,6768.671,6749.704,6855.784,,6279.93472,-546.08128,,
2015-09-22,6898.568,6941.161,7018.67,6844.765,6729.854,6784.966,6882.272,,6346.68256,-551.88544,,
2015-09-21,6543.613,6865.579,6868.354,6518.958,6589.869,6792.204,6935.666,,6020.12396,-523.48904,,
2015-09-18,6611.264,6615.403,6668.32,6526.701,6533.362,6784.42,7014.21,,6082.36288,-528.90112,,
2015-09-17,6645.491,6559.542,6852.771,6559.542,6629.164,6807.873,7117.69,,6113.85172,-531.63928,,
2015-09-16,6267.154,6667.584,6696.193,6248.52,6730.736,6837.971,7215.458,,5765.78168,-501.37232,,
2015-09-15,6424.042,6241.239,6551.142,6219.377,6840.078,6884.546,7337.245,,5910.11864,-513.92336,,
2015-09-14,7129.92,6583.042,7142.123,6567.849,6994.539,6989.767,7477.35,,6559.5264,-570.3936,,
2015-09-11,7053.803,7094.412,7164.643,7002.276,7035.477,7024.768,7598.813,,6489.49876,-564.30424,True,-564.3042399999995
2015-09-10,7097.325,7067.403,7213.342,7057.422,6986.582,6982.948,7684.492,,6529.539,-567.786,,
2015-09-09,7026.289,7214.294,7288.453,7014.779,6945.207,6961.864,7777.36,,6464.18588,-562.10312,,
2015-09-08,6715.399,7013.542,7027.49,6630.629,6929.013,6979.579,7864.404,,6178.16708,-537.23192,,
2015-09-07,6893.227,6787.735,7095.148,6751.018,6984.996,7079.127,7943.993,,6341.76884,-551.45816,,
2015-09-02,6559.964,6849.937,6979.133,6548.973,7014.06,7244.001,8024.046,,6035.16688,-524.79712,,
2015-09-01,7019.961,6860.525,7019.961,6716.237,6979.313,7427.507,8105.186,,6458.36412,-561.59688,,
2015-08-31,7245.95,7133.326,7245.95,7017.402,6978.52,7592.944,8192.625,,6666.274,-579.676,,
2015-08-28,7038.49,7293.457,7314.034,6962.454,7030.144,7789.944,8247.633,,6475.4108,-563.0792,,
2015-08-27,6811.302,6933.053,6933.053,6570.386,7173.258,7964.933,8299.766,,6266.39784,-544.90416,,
2015-08-26,6877.074,6676.205,7118.608,6586.617,7473.942,8172.858,8368.441,,6326.90808,-550.16592,,
2015-08-25,6874.404,6856.561,7096.64,6842.198,7875.7,8386.036,8465.191,,6324.45168,-549.95232,,
2015-08-24,7668.676,7391.445,7711.614,7389.343,8207.368,8592.856,8534.894,,7055.18192,-613.49408,,
2015-08-21,8289.662,8009.027,8392.45,7998.97,8549.743,8749.229,8583.852,,7626.48904,-663.17296,,
2015-08-20,8605.072,8436.473,8750.504,8436.473,8756.608,8808.859,8637.163,,7916.66624,-688.40576,,
2015-08-19,8288.001,8684.993,8729.277,8075.627,8871.774,8804.092,8678.359,,7624.96092,-663.04008,,
2015-08-18,9115.862,8514.902,9148.755,8485.036,8896.373,8782.865,8697.062,,8386.59304,-729.26896,,
2015-08-17,9032.35,9103.32,9117.361,8963.158,8978.344,8792.307,8721.303,,8309.762,-722.588,,
2015-08-14,9098.457,9043.352,9152.487,9001.067,8948.715,8705.322,8710.643,,8370.58044,-727.87656,,
2015-08-13,8816.164,9012.303,9012.303,8743.572,8861.111,8634.599,8695.582,,8110.87088,-705.29312,,
2015-08-12,8881.305,8807.987,8990.668,8807.407,8736.409,8564.023,8658.822,,8170.8006,-710.5044,,
2015-08-11,8978.082,8924.757,9041.709,8888.976,8669.356,8544.347,8624.285,,8259.83544,-718.24656,,
2015-08-10,8676.975,8955.174,8996.657,8631.068,8606.269,8476.932,8605.835,,7982.817,-694.158,True,-694.1579999999994
2015-08-07,8480.04,8605.333,8615.527,8456.209,8461.93,8418.475,8577.616,,7801.6368,-678.4032,,
2015-08-06,8304.76,8388.795,8515.16,8274.624,8408.087,8465.466,8547.423,,7640.3792,-664.3808,,
2015-08-05,8600.305,8472.723,8698.015,8431.054,8391.637,8552.626,8511.843,,7912.2806,-688.0244,,
2015-08-04,8259.685,8609.322,8609.491,8203.337,8419.337,8611.259,8459.562,,7598.9102,-660.7748,,
2015-08-03,8228.266,8233.476,8327.949,8069.233,8347.595,8650.299,8405.655,,7570.00472,-658.26128,,
2015-07-31,8203.941,8336.12,8470.337,8203.941,8375.021,8715.963,8395.39,,7547.62572,-656.31528,,
2015-07-30,8579.813,8306.544,8732.405,8295.755,8522.846,8756.566,8381.987,,7893.42796,-686.38504,,
2015-07-29,8381.421,8611.221,8615.984,8099.076,8713.615,8753.621,8388.698,,7710.90732,-670.51368,,
2015-07-28,8020.484,8250.613,8483.284,7819.348,8803.181,8704.223,8402.113,,7378.84528,-641.63872,,
2015-07-27,8884.233,8370.605,9114.247,8370.605,8953.002,8734.737,8451.206,,8173.49436,-710.73864,,
2015-07-24,9278.572,9075.246,9392.151,9010.586,9056.906,8736.756,8467.217,,8536.28624,-742.28576,,
2015-07-23,9061.317,9260.392,9295.33,8989.67,8990.286,8629.379,8478.755,,8336.41164,-724.90536,,
2015-07-22,8982.082,9059.048,9137.467,8859.413,8793.627,8471.061,8523.766,,8263.51544,-718.56656,,
2015-07-21,8806.014,8999.72,9072.106,8717.204,8605.265,8307.865,8600.094,,8101.53288,-704.48112,,
2015-07-20,8823.335,8890.123,9046.189,8710.077,8516.472,8161.011,8673.255,,8117.4682,-705.8668,,
2015-07-17,8361.311,8742.147,8808.674,8336.736,8416.606,8074.817,8742.426,,7692.40612,-668.90488,,
2015-07-16,7990.843,8277.098,8445.333,7741.517,8268.471,8007.409,8850.203,,7351.57556,-639.26744,True,-639.2674399999996
2015-07-15,8589.234,8117.238,8589.234,8116.037,8148.494,8023.775,9005.617,,7902.09528,-687.13872,,
2015-07-14,8564.938,8555.756,8746.181,8480.109,8010.465,8100.003,9161.291,,7879.74296,-685.19504,,
2015-07-13,8283.757,8390.793,8423.445,8202.869,7805.55,8167.675,9318.634,,7621.05644,-662.70056,,
2015-07-10,7850.407,8001.471,8012.193,7821.64,7733.028,8197.678,9498.92,,7222.37444,-628.03256,,
2015-07-09,7399.488,7677.212,7677.842,7388.217,7746.347,8328.132,9695.583,,6807.52896,-591.95904,,
2015-07-08,7254.631,7427.092,7463.722,7242.351,7899.056,8576.471,9899.032,,6674.26052,-580.37048,,
2015-07-07,7757.293,7531.184,7845.288,7468.314,8189.541,8892.323,10102.87,,7136.70956,-620.58344,,
2015-07-06,8660.355,8028.182,8660.355,7653.763,8529.8,9185.499,10302.85,,7967.5266,-692.8284,,
2015-07-03,8198.979,8068.065,8685.868,7825.32,8662.327,9410.035,10487.351,,7543.06068,-655.91832,,
2015-07-02,8865.253,8440.759,8975.462,8288.52,8909.917,9692.996,10667.888,,8156.03276,-709.22024,,
2015-07-01,9131.827,8879.517,9539.672,8796.078,9253.886,9987.458,10835.273,,8401.28084,-730.54616,,
2015-06-30,8488.251,9232.477,9242.487,8119.284,9595.104,10222.578,10986.109,,7809.19092,-679.06008,,
2015-06-29,9486.564,8690.817,9489.799,8522.315,9841.198,10469.593,11099.492,,8727.63888,-758.92512,,
2015-06-26,9823.63,9306.016,9867.565,9278.986,10157.743,10800.163,11213.557,,9037.7396,-785.8904,,
2015-06-25,10606.79,10160.601,10613.578,10051.691,10476.075,11063.033,11290.834,,9758.2468,-848.5432,,
2015-06-24,10540.458,10585.61,10643.929,10303.267,10721.031,11221.593,11361.838,,9697.22136,-843.23664,,
2015-06-23,10265.057,10462.947,10463.86,9739.325,10850.052,11313.418,11410.779,,9443.85244,-821.20456,,
2015-06-19,10719.321,10273.54,10775.749,10248.581,11097.988,11420.2,11444.679,,9861.77532,-857.54568,,
2015-06-18,11332.573,10897.676,11413.051,10887.333,11442.584,11564.667,11477.462,,10425.96716,-906.60584,,
2015-06-17,11232.94,11385.381,11447.117,10888.444,11649.991,11642.781,11475.393,,10334.3048,-898.6352,,
2015-06-16,11547.957,11230.714,11551.07,11121.389,11722.155,11683.088,11425.487,,10624.12044,-923.83656,,
2015-06-15,12059.013,11702.627,12075.416,11680.899,11776.784,11749.64,11373.765,,11094.29196,-964.72104,,
2015-06-12,11962.637,11996.52,12084.303,11937.919,11742.413,11729.391,11285.101,,11005.62604,-957.01096,,
2015-06-11,11777.822,11934.713,11963.386,11756.16,11686.75,11626.95,11166.925,,10835.59624,-942.22576,,
2015-06-10,11454.991,11746.203,11834.284,11361.053,11635.57,11518.634,11055.524,,10538.59172,-916.39928,,
2015-06-09,11492.447,11503.858,11670.592,11389.395,11644.021,11502.083,10954.473,,10573.05124,-919.39576,,
2015-06-08,11721.936,11530.77,11721.936,11370.119,11722.496,11508.14,10859.141,,10784.18112,-937.75488,,
2015-06-05,11799.679,11718.204,11903.07,11492.391,11716.37,11469.157,10752.81,,10855.70468,-943.97432,,
2015-06-04,11826.548,11678.815,11826.548,11076.029,11567.15,11390.257,10613.786,,10880.42416,-946.12384,,
2015-06-03,11963.066,11788.459,11963.066,11551.686,11401.698,11308.006,10456.95,,11006.02072,-957.04528,,
2015-06-02,11601.77,11896.232,11896.232,11564.221,11360.144,11167.886,10298.297,,10673.6284,-928.1416,,
2015-06-01,11095.643,11500.139,11500.139,11095.643,11293.783,10997.891,10132.017,,10207.99156,-887.65144,,
2015-05-29,10856.875,10972.107,11194.217,10456.85,11221.944,10840.811,9997.646,,9988.325,-868.55,,
2015-05-28,11587.388,10851.555,11733.492,10851.555,11213.363,10706.899,9887.899,,10660.39696,-926.99104,,
2015-05-27,11645.874,11580.686,11662.562,11355.445,11214.314,10592.414,9785.229,,10714.20408,-931.66992,,
2015-05-26,11247.693,11564.428,11565.11,11197.946,10975.627,10406.864,9638.055,,10347.87756,-899.81544,,
2015-05-25,10809.544,11140.945,11151.774,10748.852,10701.998,10210.143,9506.6,,9944.78048,-864.76352,,
2015-05-22,11031.334,10929.201,11119.231,10726.051,10459.679,10036.463,9394.043,,10148.82728,-882.50672,,
2015-05-21,10451.527,10856.31,10856.31,10451.527,10200.435,9837.316,9291.886,,9615.40484,-836.12216,,
2015-05-20,10266.235,10387.252,10623.695,10266.235,9970.514,9605.894,9187.868,,9444.9362,-821.2988,,
2015-05-19,10000.55,10196.282,10218.867,9880.739,9838.101,9428.709,9095.131,,9200.506,-800.044,,
2015-05-18,9618.501,9929.348,9943.987,9608.286,9718.288,9266.143,8996.019,,8849.02092,-769.48008,,
2015-05-15,9677.524,9632.983,9735.078,9487.687,9613.246,9154.48,8921.662,,8903.32208,-774.20192,,
2015-05-14,9764.357,9706.707,9839.75,9620.473,9474.197,9068.9,8862.522,,8983.20844,-781.14856,,
2015-05-13,9547.215,9725.186,9839.395,9459.31,9241.274,8978.044,8794.201,,8783.4378,-763.7772,,
2015-05-12,9436.468,9597.214,9603.932,9353.434,9019.318,8869.245,8741.099,,8681.55056,-754.91744,True,-754.9174399999993
2015-05-11,9008.974,9404.142,9404.273,8991.338,8813.999,8803.058,8696.994,,8288.25608,-720.71792,,
2015-05-08,8641.946,8937.736,8937.736,8631.177,8695.714,8751.623,8652.747,,7950.59032,-691.35568,,
2015-05-07,8589.836,8542.094,8685.595,8532.248,8663.602,8746.457,8619.872,,7902.64912,-687.18688,,
2015-05-06,8629.608,8615.402,8832.642,8554.292,8714.814,8769.841,8614.174,,7939.23936,-690.36864,,
2015-05-05,8797.677,8570.619,8818.815,8519.011,8719.173,8761.553,8613.218,,8093.86284,-703.81416,,
2015-05-04,8799.727,8812.721,8845.07,8693.967,8792.117,8725.895,8608.493,,8095.74884,-703.97816,,
2015-04-30,8828.277,8777.176,8893.527,8776.651,8807.531,8688.843,8587.066,,8122.01484,-706.26216,,
2015-04-29,8602.639,8798.153,8822.783,8566.555,8829.311,8656.145,8559.865,,7914.42788,-688.21112,,
2015-04-28,8936.579,8637.195,8953.813,8551.202,8824.867,8610.357,8520.25,,8221.65268,-714.92632,,
2015-04-27,8973.879,8935.338,9070.93,8881.595,8803.932,8612.953,8485.646,,8255.96868,-717.91032,,
2015-04-24,8798.981,8889.791,8936.222,8745.795,8659.673,8590.931,8432.755,,8095.06252,-703.91848,True,-703.9184799999994
2015-04-23,8828.061,8886.079,8936.132,8766.997,8570.156,8553.871,8375.708,,8121.81612,-706.24488,,
2015-04-22,8604.266,8775.934,8781.379,8604.266,8482.979,8493.287,8326.43,,7915.92472,-688.34128,,
2015-04-21,8224.546,8532.519,8532.63,8224.546,8395.846,8458.508,8275.927,,7566.58232,-657.96368,,
2015-04-20,8407.76,8214.044,8425.235,8179.389,8421.975,8464.883,8232.862,,7735.1392,-672.6208,,
2015-04-17,8497.279,8442.205,8533.589,8402.102,8522.189,8491.092,8193.351,,7817.49668,-679.78232,,
2015-04-16,8237.77,8450.194,8551.304,8178.003,8537.585,8485.29,8139.915,,7578.7484,-659.0216,,
2015-04-15,8630.88,8340.269,8630.88,8340.269,8503.595,8463.584,8085.349,,7940.4096,-690.4704,,
2015-04-14,8728.745,8663.161,8775.352,8588.444,8521.169,8430.144,8029.393,,8030.4454,-698.2996,,
2015-04-13,8573.512,8715.115,8739.695,8517.426,8507.791,8358.339,7955.895,,7887.63104,-685.88096,,
2015-04-10,8254.973,8519.187,8538.269,8211.442,8459.995,8274.579,7866.741,,7594.57516,-660.39784,,
2015-04-09,8421.99,8280.244,8421.99,7993.343,8432.994,8197.546,7782.298,,7748.2308,-673.7592,,
2015-04-08,8626.461,8428.139,8628.337,8301.449,8423.573,8159.572,7710.382,,7936.34412,-690.11688,,
2015-04-07,8511.494,8596.269,8597.952,8511.494,8339.118,8093.347,7632.523,,7830.57448,-680.91952,,
2015-04-03,8337.205,8476.135,8484.21,8304.158,8208.888,8000.842,7539.555,,7670.2286,-666.9764,,
2015-04-02,8304.579,8384.183,8400.498,8253.88,8089.162,7895.609,7447.793,,7640.21268,-664.36632,,
2015-04-01,8026.955,8233.141,8267.439,8025.029,7962.098,7794.54,7368.696,,7384.7986,-642.1564,,
2015-03-31,7957.296,8005.861,8111.672,7919.044,7895.57,7707.115,7295.276,,7320.71232,-636.58368,,
2015-03-30,7895.353,7945.118,7979.802,7875.092,7847.576,7628.642,7227.234,,7263.72476,-631.62824,,
2015-03-27,7758.586,7877.509,7898.26,7737.943,7792.797,7553.451,7166.91,,7137.89912,-620.68688,,
2015-03-26,7866.356,7748.862,7917.366,7681.648,7702.056,7458.904,7104.566,,7237.04752,-629.30848,,
2015-03-25,7765.801,7900.502,7969.29,7737.487,7626.982,7367.049,7045.56,,7144.53692,-621.26408,,
2015-03-24,7696.392,7765.888,7777.932,7469.814,7518.659,7261.192,6976.338,,7080.68064,-615.71136,,
2015-03-23,7471.735,7671.223,7671.595,7471.735,7409.708,7171.7,6919.335,,6873.9962,-597.7388,,
2015-03-20,7362.028,7423.805,7481.585,7359.634,7314.105,7078.268,6864.177,,6773.06576,-588.96224,,
2015-03-19,7364.668,7373.492,7374.157,7297.487,7215.753,6999.977,6820.311,,6775.49456,-589.17344,,
2015-03-18,7214.922,7358.887,7365.787,7175.746,7107.117,6942.853,6769.584,,6637.72824,-577.19376,,
2015-03-17,7228.159,7221.133,7256.12,7135.661,7003.724,6883.437,6714.617,,6649.90628,-578.25272,,
2015-03-16,6991.544,7193.21,7193.63,6988.046,6933.691,6825.825,6664.807,,6432.22048,-559.32352,,
2015-03-13,6866.231,6932.042,6932.501,6850.201,6842.431,6780.368,6612.23,,6316.93252,-549.29848,,
2015-03-12,6883.129,6830.313,6895.596,6766.253,6784.201,6750.227,6565.376,,6332.47868,-550.65032,,
2015-03-11,6878.426,6841.922,6898.608,6817.371,6778.589,6724.07,6525.128,,6328.15192,-550.27408,,
2015-03-10,6747.905,6870.968,6894.944,6743.364,6763.149,6691.485,6490.631,,6208.0726,-539.8324,,
2015-03-09,6610.113,6736.91,6736.91,6567.378,6717.959,6666.97,6455.326,,6081.30396,-528.80904,,
2015-03-06,6824.589,6640.891,6830.049,6640.725,6718.306,6650.086,6428.016,,6278.62188,-545.96712,,
2015-03-05,6773.856,6802.252,6802.252,6716.692,6716.254,6640.645,6397.112,,6231.94752,-541.90848,,
2015-03-04,6649.488,6764.725,6764.725,6649.488,6669.55,6596.316,6359.33,,6117.52896,-531.95904,,
2015-03-03,6689.223,6645.018,6757.26,6640.198,6619.82,6545.797,6328.013,,6154.08516,-535.13784,,
2015-03-02,6671.393,6738.643,6742.109,6635.927,6615.981,6503.789,6304.088,,6137.68156,-533.71144,,
2015-02-27,6567.702,6630.63,6652.53,6547.522,6581.866,6444.092,6278.965,,6042.28584,-525.41616,,
2015-02-26,6513.021,6568.736,6569.22,6483.927,6565.036,6380.526,6257.739,,5991.97932,-521.04168,,
2015-02-25,6596.87,6516.074,6605.255,6488.291,6523.081,6326.186,6232.122,,6069.1204,-527.7496,,
2015-02-24,6606.771,6625.821,6675.248,6606.771,6471.773,6289.778,6213.69,,6078.22932,-528.54168,,
2015-02-17,6577.396,6568.067,6589.155,6529.135,6391.597,6243.682,6186.463,5973.123,6051.20432,-526.19168,,
2015-02-16,6391.44,6546.481,6546.481,6391.44,6306.319,6205.946,6156.092,5973.123,5880.1248,-51.247,,
2015-02-13,6296.497,6358.961,6395.289,6296.497,6196.015,6153.579,6115.946,5973.123,5792.77724,474.739,True,474.7389999999996
2015-02-12,6232.133,6259.534,6267.832,6216.538,6129.292,6122.344,6092.54,5973.123,5733.56236,540.146,,
2015-02-11,6147.0,6224.941,6259.358,6144.807,6107.783,6110.23,6069.101,5973.123,5655.24,698.276,,
2015-02-10,6005.121,6141.679,6141.679,5995.653,6095.768,6104.387,6047.065,5973.123,5524.71132,795.877,,
2015-02-09,6013.638,5994.961,6082.727,5978.755,6105.572,6113.837,6031.265,5973.123,5532.54696,654.819,,
2015-02-06,6147.639,6025.346,6164.558,5993.861,6111.144,6134.952,6015.514,5973.123,5655.82788,631.507,,
2015-02-05,6206.987,6151.99,6277.145,6146.622,6115.396,6138.057,5997.598,5973.123,5710.42804,435.56,,
2015-02-04,6208.456,6164.862,6240.174,6161.314,6112.677,6137.602,5973.714,5973.123,5711.77952,229.4,,
2015-02-03,6059.463,6190.702,6202.909,6059.463,6113.007,6129.244,5948.655,5973.123,5574.70596,146.781,,
2015-02-02,5989.658,6022.818,6080.134,5979.417,6122.102,6106.238,5924.407,5973.123,5510.48536,488.424,,
2015-01-30,6137.994,6046.61,6166.755,6046.553,6158.761,6078.313,5902.755,5973.123,5646.95448,271.99,,
2015-01-29,6116.133,6138.394,6184.236,6099.905,6160.718,6062.737,5873.484,5973.123,5626.84236,207.369,,
2015-01-28,6210.289,6166.513,6241.159,6147.345,6162.526,6027.971,5836.134,5973.123,5713.46588,-2.389,,
2015-01-27,6230.559,6236.174,6260.992,6133.5,6145.48,5989.742,5802.711,5973.123,5732.11428,11.054,,
2015-01-26,6073.5,6206.112,6207.183,6073.5,6090.373,5948.694,5769.183,5973.123,5587.62,-28.162,,
2015-01-23,6150.995,6056.395,6159.814,6030.845,5997.865,5896.076,5734.819,5973.123,5658.9154,35.554,,
2015-01-22,6085.047,6147.437,6160.098,6076.519,5964.756,5857.139,5704.663,5978.755,5598.24324,256.379,,
2015-01-21,6001.625,6081.284,6086.141,5992.904,5893.416,5809.827,5666.591,5978.755,5521.495,683.32,,
2015-01-20,5764.713,5960.639,5964.352,5764.713,5834.004,5768.067,5635.188,5764.713,5303.53596,997.183,,
2015-01-19,5735.959,5743.571,5950.859,5670.008,5807.014,5742.576,5620.563,5670.008,5277.08228,975.858,,
2015-01-16,5789.799,5890.847,5900.374,5789.799,5794.286,5727.198,5621.425,5670.008,5326.61508,981.721,,
2015-01-15,5782.477,5790.74,5798.588,5749.725,5749.523,5684.232,5616.539,5670.008,5319.87884,1145.006,,
2015-01-14,5815.553,5784.224,5839.357,5758.269,5726.237,5644.297,5619.516,5670.008,5350.30876,908.925,,
2015-01-13,5682.679,5825.688,5838.396,5682.679,5702.13,5615.679,5624.414,5670.008,5228.06468,828.438,,
2015-01-12,5652.27,5679.931,5704.991,5624.033,5678.139,5589.672,5622.059,5624.033,5200.0884,1141.913,,
2015-01-09,5662.749,5667.031,5773.199,5661.783,5660.109,5573.562,5624.385,5624.033,5209.72908,753.487,,
2015-01-08,5663.627,5674.312,5728.763,5635.179,5618.941,5552.187,5626.121,5624.033,5210.53684,1199.062,,
2015-01-07,5696.444,5663.687,5717.089,5633.929,5562.356,5523.356,5616.855,5624.033,5240.72848,1079.206,,
2015-01-06,5549.309,5705.732,5715.85,5532.892,5529.228,5502.309,5619.367,5532.892,5105.36428,1489.889,True,1489.8890000000001
2015-01-05,5476.307,5589.784,5610.903,5447.901,5501.205,5498.55,5618.966,5447.901,5038.20244,1787.353,,
2014-12-31,5388.725,5461.191,5464.834,5381.232,5487.015,5515.653,5630.131,5381.232,4957.627,2210.033,,
2014-12-30,5491.397,5391.388,5500.144,5380.065,5485.432,5548.845,5641.962,5380.065,5052.08524,2150.574,,
2014-12-29,5577.319,5498.047,5579.742,5462.173,5484.355,5594.735,5653.13,5380.065,5131.13348,1798.387,,
2014-12-26,5519.975,5565.614,5566.039,5498.913,5475.389,5633.148,5655.945,5380.065,5078.377,2865.029,,
2014-12-25,5470.348,5518.834,5518.834,5463.257,5495.896,5654.446,5657.024,5380.065,5032.72016,3082.421,,
2014-12-24,5414.393,5453.278,5457.218,5393.581,5544.292,5675.208,5661.027,5380.065,4981.24156,3070.546,,
2014-12-23,5433.043,5386.001,5510.787,5381.149,5612.258,5700.055,5667.441,5380.065,4998.39956,2959.729,,
2014-12-22,5646.064,5453.219,5646.064,5435.252,5705.115,5710.354,5676.846,5380.065,5194.37888,2953.662,,
2014-12-19,5749.176,5668.147,5750.029,5600.868,5790.907,5736.425,5677.97,5380.065,5289.24192,2781.705,,
2014-12-18,5775.474,5760.814,5809.412,5758.537,5812.997,5739.381,5665.83,5380.065,5313.43608,2761.692,,
2014-12-17,5839.421,5793.111,5839.421,5724.756,5806.124,5744.609,5646.886,5380.065,5372.26732,2805.485,,
2014-12-16,5885.761,5850.282,5898.028,5820.204,5787.851,5735.078,5628.139,5380.065,5414.90012,-470.86088,,
2014-12-15,5758.895,5882.182,5888.846,5753.82,5715.594,5711.524,5605.082,5380.065,5298.1834,2715.597,,
2014-12-12,5737.363,5778.594,5790.256,5727.454,5681.942,5678.742,5580.121,5380.065,5278.37396,2786.287,,
2014-12-11,5680.466,5726.452,5753.473,5660.413,5665.766,5659.602,5557.403,5380.065,5226.02872,2735.873,,
2014-12-10,5500.054,5701.747,5707.214,5500.054,5683.094,5646.845,5536.814,5380.065,5060.04968,2855.623,,
2014-12-09,5693.364,5488.997,5717.039,5479.448,5682.304,5634.828,5522.806,5380.065,5237.89488,2580.289,,
2014-12-08,5667.945,5713.921,5737.084,5624.45,5707.454,5643.338,5516.858,5380.065,5214.5094,2331.698,,
2014-12-05,5827.099,5697.714,5827.099,5557.485,5675.542,5619.516,5507.853,5380.065,5360.93108,2267.982,,
2014-12-04,5701.738,5813.091,5817.287,5701.738,5653.439,5592.28,5497.76,5380.065,5245.59896,2407.487,,
2014-12-03,5615.529,5697.798,5698.569,5580.751,5610.597,5549.163,5484.565,5380.065,5166.28668,2477.499,,
2014-12-02,5543.834,5614.748,5627.05,5539.598,5587.352,5521.201,5475.406,5380.065,5100.32728,2734.956,,
2014-12-01,5578.652,5554.36,5578.683,5517.595,5579.222,5498.64,5470.852,5380.065,5132.35984,2663.614,,
2014-11-28,5595.413,5587.196,5595.413,5526.918,5563.489,5481.5,5471.908,5380.065,5147.77996,2702.659,,
2014-11-27,5601.576,5598.882,5605.648,5559.991,5531.12,5455.203,5470.427,5380.065,5153.44992,2588.896,,
2014-11-26,5588.398,5581.572,5601.519,5546.599,5487.729,5426.783,5468.909,5380.065,5141.32616,2558.242,,
2014-11-25,5483.487,5574.098,5574.098,5481.13,5455.05,5410.784,5468.616,5380.065,5044.80804,2663.945,,
2014-11-24,5470.215,5475.699,5494.427,5445.444,5418.057,5390.377,5466.883,5380.065,5032.5978,2639.046,True,2639.0460000000003
2014-11-21,5387.225,5425.351,5427.766,5383.895,5399.51,5396.19,5465.143,5380.065,4956.247,3218.389,,
2014-11-20,5401.158,5381.925,5403.636,5375.572,5379.285,5403.241,5464.419,5375.572,4969.06536,3400.402,,
2014-11-19,5389.705,5418.177,5447.214,5385.229,5365.837,5419.966,5465.463,5375.572,4958.5286,3227.795,,
2014-11-18,5387.792,5389.135,5409.067,5371.917,5366.517,5429.611,5468.007,5371.917,4956.76864,3134.368,,
2014-11-17,5333.672,5382.963,5406.646,5307.716,5362.697,5443.065,5474.429,5307.716,4906.97824,3231.21,,
2014-11-14,5293.674,5324.227,5327.144,5272.447,5392.869,5462.316,5483.054,5272.447,4870.18008,3259.953,,
2014-11-13,5421.139,5314.681,5421.139,5286.936,5427.197,5485.651,5490.81,5272.447,4987.44788,2874.649,,
2014-11-12,5355.175,5421.58,5421.58,5349.765,5474.096,5511.036,5501.347,5272.447,4926.761,3088.784,,
2014-11-11,5544.214,5370.032,5550.01,5338.669,5492.704,5526.448,5510.845,5272.447,5100.67688,3050.462,,
2014-11-10,5502.542,5533.825,5533.855,5474.995,5523.434,5543.389,5521.204,5272.447,5062.33864,2711.014,,
2014-11-07,5556.461,5495.866,5577.233,5471.125,5531.762,5534.097,5524.517,5272.447,5111.94412,2885.328,,
2014-11-06,5515.46,5549.176,5550.328,5490.19,5544.104,5525.596,5531.77,5272.447,5074.2232,3097.356,,
2014-11-05,5522.36,5514.622,5531.912,5489.759,5547.976,5510.959,5538.127,5272.447,5080.5712,2934.828,,
2014-11-04,5575.675,5523.68,5575.675,5503.203,5560.193,5506.404,5545.737,5272.447,5129.621,2788.429,,
2014-11-03,5556.671,5575.466,5578.636,5542.355,5563.344,5505.792,5549.793,5272.447,5112.13732,2671.253,,
2014-10-31,5574.878,5557.577,5584.023,5509.727,5536.432,5503.792,5549.255,5272.447,5128.88776,2490.187,True,2490.187
2014-10-30,5574.967,5568.535,5606.428,5550.055,5507.088,5495.969,5546.868,5272.447,5128.96964,2482.488,,
2014-10-29,5552.495,5575.705,5582.065,5529.221,5473.942,5491.658,5542.927,5272.447,5108.2954,2119.64,,
2014-10-28,5451.41,5539.438,5539.438,5451.41,5452.616,5495.242,5538.169,5272.447,5015.2972,2226.198,,
2014-10-27,5396.218,5440.906,5440.906,5369.274,5448.241,5499.02,5532.221,5272.447,4964.52056,2226.977,,
2014-10-24,5405.502,5410.856,5442.318,5394.545,5471.153,5514.936,5528.098,5272.447,4973.06184,2363.562,,
2014-10-23,5457.391,5402.805,5476.024,5379.06,5484.851,5537.944,5529.568,5272.447,5020.79972,2314.624,,
2014-10-22,5520.428,5469.073,5547.164,5466.917,5509.375,5565.295,5529.344,5272.447,5078.79376,2353.111,,
2014-10-21,5560.532,5517.563,5577.72,5510.239,5537.869,5585.07,5524.78,5272.447,5115.68944,2259.827,,
2014-10-20,5492.134,5555.466,5557.129,5492.134,5549.799,5593.794,5515.876,5272.447,5052.76328,2435.014,,
2014-10-17,5518.805,5479.347,5544.813,5393.36,5558.72,5594.718,5515.738,5272.447,5077.3006,2194.367,,
2014-10-16,5587.709,5525.425,5636.87,5525.425,5591.037,5597.766,5517.289,5272.447,5140.69228,1805.009,,
2014-10-15,5577.844,5611.542,5611.542,5536.719,5621.216,5594.195,5513.94,5272.447,5131.61648,2298.264,,
2014-10-14,5593.922,5577.213,5632.745,5547.7,5632.272,5581.097,5507.302,5272.447,5146.40824,2092.06,,
2014-10-13,5611.12,5600.072,5611.12,5538.39,5637.789,5565.422,5502.197,5272.447,5162.2304,2131.936,,
2014-10-10,5655.814,5640.934,5674.471,5609.831,5630.716,5541.261,5494.644,5272.447,5203.34888,2018.476,,
2014-10-09,5678.984,5676.318,5696.188,5608.055,5604.494,5521.193,5483.993,5272.447,5224.66528,1698.542,,
2014-10-08,5625.932,5666.822,5666.822,5586.06,5567.174,5493.393,5469.741,5272.447,5175.85744,1820.327,,
2014-09-30,5576.232,5604.8,5621.013,5569.853,5529.922,5464.49,5453.881,5272.447,5130.13344,1799.705,,
2014-09-29,5532.174,5564.706,5570.121,5531.771,5493.055,5437.959,5438.16,5272.447,5089.60008,1642.742,,
2014-09-26,5484.728,5509.826,5515.868,5472.071,5451.805,5436.758,5420.076,5272.447,5045.94976,1542.089,True,1542.089
2014-09-25,5508.528,5489.715,5552.477,5473.692,5437.891,5436.811,5401.351,5272.447,5067.84576,1511.601,,
2014-09-24,5409.734,5480.562,5486.982,5396.481,5419.613,5433.684,5386.561,5272.447,4976.95528,1409.182,,
2014-09-23,5352.314,5420.465,5422.065,5352.314,5399.058,5433.508,5370.061,5272.447,4924.12888,1419.414,,
2014-09-22,5434.904,5358.458,5434.904,5343.605,5382.863,5438.971,5360.248,5272.447,5000.11168,1303.351,,
2014-09-19,5403.501,5440.257,5447.922,5381.984,5421.712,5448.028,5355.219,5272.447,4971.22092,1325.806,,
2014-09-18,5368.631,5398.323,5401.653,5348.063,5435.731,5446.792,5344.435,5272.447,4939.14052,1540.437,,
2014-09-17,5347.498,5377.787,5377.787,5292.903,5447.756,5446.089,5335.134,5272.447,4919.69816,1559.123,,
2014-09-16,5553.33,5339.49,5555.547,5339.177,5467.957,5443.273,5326.567,5272.447,5109.0636,1272.686,,
2014-09-15,5507.05,5552.702,5563.003,5485.904,5495.08,5438.36,5318.987,5272.447,5066.486,1391.518,,
2014-09-12,5455.005,5510.354,5511.139,5439.84,5474.344,5403.393,5296.676,5272.447,5018.6046,1088.608,,
2014-09-11,5484.459,5458.445,5541.321,5434.206,5457.853,5365.891,5273.059,5272.447,5045.70228,1126.805,,
2014-09-10,5465.505,5478.795,5486.612,5434.179,5444.422,5339.437,5254.046,5272.447,5028.2646,1179.986,,
2014-09-09,5463.544,5475.102,5484.902,5427.11,5418.588,5306.615,5234.226,5272.447,5026.46048,803.61,,
2014-09-05,5440.692,5449.023,5456.511,5406.84,5381.641,5281.524,5213.766,5272.447,5005.43664,983.35,,
2014-09-04,5392.641,5427.9,5430.403,5367.419,5332.441,5262.41,5191.023,5272.447,4961.22972,1737.279,,
2014-09-03,5370.605,5391.292,5404.446,5356.291,5273.93,5242.078,5168.082,5272.447,4940.9566,1683.198,True,1683.1980000000003
2014-09-02,5303.071,5349.623,5351.256,5293.084,5234.451,5224.178,5149.542,5272.447,4878.82532,1794.254,,
2014-09-01,5213.773,5290.366,5290.366,5213.773,5194.642,5209.862,5131.531,5213.773,4796.67116,1812.516,,
2014-08-29,5141.156,5203.026,5203.026,5136.562,5181.407,5199.614,5114.487,5136.562,4729.86352,1574.243,,
2014-08-28,5189.289,5135.342,5202.408,5120.638,5192.378,5189.959,5098.829,5120.638,4774.14588,1703.938,,
2014-08-27,5155.33,5193.899,5209.181,5155.33,5210.226,5180.227,5089.598,5120.638,4742.9036,1404.634,,
2014-08-26,5218.4,5150.575,5243.452,5130.983,5213.905,5168.655,5075.671,5120.638,4800.928,1801.561,,
2014-08-25,5270.854,5224.191,5272.936,5208.081,5225.082,5161.838,5062.751,5120.638,4849.18568,1975.096,,
2014-08-22,5219.898,5257.881,5265.899,5208.518,5217.821,5146.008,5042.36,5120.638,4802.30616,1818.592,,
2014-08-21,5217.815,5224.582,5229.553,5155.978,5187.54,5119.637,5015.163,5120.638,4800.3898,1593.487,,
2014-08-20,5203.303,5212.298,5250.258,5191.025,5150.229,5094.087,4987.255,5120.638,4787.03876,1673.771,,
2014-08-19,5194.222,5206.456,5225.038,5177.285,5123.405,5074.905,4961.312,5120.638,4778.68424,1680.182,,
2014-08-18,5123.28,5187.89,5187.89,5123.28,5098.594,5053.199,4937.541,5120.638,4713.4176,2545.396,,
2014-08-15,5043.374,5106.475,5120.435,5035.819,5074.194,5029.361,4912.333,5035.819,4639.90408,3246.288,,
2014-08-14,5074.231,5038.027,5094.705,5034.316,5051.734,5007.698,4890.501,5034.316,4668.29252,3530.841,,
2014-08-13,5086.976,5078.179,5100.185,5023.327,5037.945,4998.968,4871.994,5023.327,4680.01792,3201.025,,
2014-08-12,5063.277,5082.398,5082.398,5048.388,5026.405,4982.687,4853.397,5023.327,4658.21484,4052.585,,
2014-08-11,5010.162,5065.893,5067.282,5010.162,5007.805,4963.664,4836.7,5010.162,4609.34904,4022.188,,
2014-08-08,4972.419,4994.171,5013.225,4972.419,4984.527,4938.711,4821.035,4972.419,4574.62548,4126.038,,
2014-08-07,5025.072,4969.083,5047.287,4968.028,4963.663,4910.689,4806.954,4968.028,4623.06624,3791.092,,
2014-08-06,4973.799,5020.482,5032.228,4954.695,4959.99,4880.424,4793.378,4954.695,4575.89508,3907.506,,
2014-08-05,4951.253,4989.396,4989.396,4920.856,4938.968,4847.718,4779.841,4920.856,4555.15276,4026.829,,
2014-08-04,4901.102,4949.502,4949.502,4891.858,4919.523,4821.883,4772.72,4891.858,4509.01384,3775.873,,
2014-08-01,4930.257,4889.853,4967.837,4886.165,4892.896,4795.306,4766.376,4886.165,4535.83644,3549.783,,
2014-07-31,4908.749,4950.719,4950.719,4896.171,4857.715,4773.304,4764.166,4886.165,4516.04908,3396.011,,
2014-07-30,4890.523,4915.369,4922.897,4882.119,4800.857,4745.02,4759.675,4882.119,4499.28116,3709.782,,
2014-07-29,4820.383,4892.173,4910.284,4812.512,4756.469,4724.107,4756.127,4812.512,4434.75236,3439.302,True,3439.3019999999997
2014-07-28,4732.574,4816.367,4824.644,4732.574,4724.243,4709.735,4753.055,4732.574,4353.96808,3495.692,,
2014-07-25,4669.832,4713.948,4714.589,4669.832,4697.716,4703.359,4751.973,4669.832,4296.24544,3534.109,,
2014-07-24,4694.369,4666.43,4714.939,4621.117,4688.893,4703.219,4753.292,4621.117,4318.81948,3885.444,,
2014-07-23,4730.138,4693.426,4748.605,4676.27,4689.183,4706.333,4756.562,4621.117,4351.72696,3651.283,,
2014-07-22,4676.52,4731.044,4733.099,4671.317,4691.746,4711.964,4755.034,4621.117,4302.3984,3343.964,,
2014-07-21,4680.796,4683.734,4689.527,4646.463,4695.227,4723.557,4753.306,4621.117,4306.33232,4203.437,,
2014-07-18,4654.896,4669.831,4698.708,4651.089,4709.002,4737.446,4752.675,4621.117,4282.50432,4623.676,,
2014-07-17,4703.605,4667.88,4704.556,4647.464,4717.544,4755.028,4750.762,4621.117,4327.3166,4357.712,,
2014-07-16,4741.603,4706.241,4758.165,4687.901,4723.482,4774.331,4746.537,4621.117,4362.27476,4240.479,,
2014-07-15,4751.793,4748.45,4764.452,4719.855,4732.182,4788.147,4746.548,4621.117,4371.64956,4054.221,,
2014-07-14,4716.197,4752.607,4752.607,4685.408,4751.887,4796.376,4745.559,4621.117,4338.90124,4107.138,,
2014-07-11,4687.708,4712.544,4729.549,4681.935,4765.891,4800.587,4747.023,4621.117,4312.69136,3673.603,,
2014-07-10,4743.216,4697.569,4763.967,4688.381,4792.512,4803.366,4748.682,4621.117,4363.75872,3247.627,,
2014-07-09,4833.173,4749.739,4844.232,4749.739,4825.179,4806.791,4748.489,4621.117,4446.51916,3756.061,,
2014-07-08,4817.763,4846.974,4847.286,4777.39,4844.112,4798.103,4746.331,4621.117,4432.34196,3747.175,,
2014-07-07,4847.677,4822.628,4866.51,4806.748,4840.865,4783.055,4738.541,4621.117,4459.86284,3436.08,,
2014-07-04,4869.58,4845.651,4873.712,4838.459,4835.282,4767.905,4728.514,4621.117,4480.0136,2980.827,,
2014-07-03,4839.571,4860.904,4878.661,4827.513,4814.22,4746.497,4718.835,4621.117,4452.40532,2559.917,,
2014-07-02,4833.311,4844.403,4852.677,4797.618,4788.403,4718.743,4708.054,4621.117,4446.64612,2421.32,,
2014-07-01,4797.6,4830.739,4834.849,4784.65,4752.095,4704.95,4695.618,4621.117,4413.792,2959.693,,
2014-06-30,4745.506,4794.715,4794.715,4733.036,4725.245,4694.742,4686.848,4621.117,4365.86552,3914.849,True,3914.8489999999993
2014-06-27,4736.624,4740.34,4770.471,4722.819,4700.527,4693.46,4679.702,4621.117,4357.69408,3462.355,,
2014-06-26,4666.609,4731.819,4733.594,4666.609,4678.773,4693.997,4674.455,4621.117,4293.28028,4198.644,,
2014-06-25,4697.447,4662.862,4697.447,4651.002,4649.082,4690.187,4672.293,4621.117,4321.65124,4434.38,,
2014-06-24,4672.045,4696.489,4697.485,4663.727,4657.804,4694.558,4669.692,4621.117,4298.2814,3816.206,,
2014-06-23,4637.839,4671.123,4686.42,4637.839,4664.239,4694.028,4666.178,4621.117,4266.81188,4848.725,,
2014-06-20,4582.82,4631.572,4632.564,4577.18,4686.392,4689.124,4661.863,4577.18,4216.1944,5240.81,,
2014-06-19,4705.543,4583.366,4715.319,4560.235,4709.221,4691.173,4657.144,4560.235,4329.09956,5901.247,,
2014-06-18,4728.42,4706.47,4736.044,4703.792,4731.292,4697.365,4654.849,4560.235,4350.1464,5812.038,,
2014-06-17,4774.528,4728.663,4774.528,4727.105,4731.312,4686.286,4643.515,4560.235,4392.56576,5490.529,,
2014-06-16,4747.148,4781.891,4787.49,4743.234,4723.817,4678.953,4630.355,4560.235,4367.37616,5972.173,,
2014-06-13,4690.011,4745.714,4757.878,4685.348,4691.855,4665.944,4616.249,4560.235,4314.81012,6642.562,,
2014-06-12,4698.197,4693.72,4715.949,4680.584,4673.124,4654.913,4604.144,4560.235,4322.34124,6534.743,True,6534.743
2014-06-11,4679.51,4706.57,4712.857,4673.029,4663.438,4654.399,4599.615,4560.235,4305.1492,6868.447,,
2014-06-10,4622.622,4691.189,4691.444,4599.518,4641.261,4644.826,4594.294,4560.235,4252.81224,7436.391,,
2014-06-09,4639.0,4622.083,4658.974,4619.364,4634.089,4638.328,4590.276,4560.235,4267.88,7323.637,,
2014-06-06,4646.076,4652.06,4680.245,4628.972,4640.033,4634.603,4583.805,4560.235,4274.38992,7131.746,,
2014-06-05,4591.326,4645.286,4646.368,4578.529,4636.701,4623.116,4578.265,4560.235,4224.01992,6863.665,,
2014-06-04,4649.36,4595.688,4649.36,4556.453,4645.36,4612.333,4573.907,4556.453,4277.4112,6843.087,,
2014-06-03,4654.146,4655.33,4682.428,4652.499,4648.391,4600.744,4576.373,4556.453,4281.81432,7067.79,,
2014-05-30,4630.172,4651.803,4673.601,4601.562,4642.566,4581.756,4573.515,4556.453,4259.75824,7169.507,,
2014-05-29,4696.549,4635.399,4704.876,4632.59,4629.172,4566.553,4568.538,4556.453,4320.82508,7129.999,,
2014-05-28,4614.597,4688.578,4691.671,4603.66,4609.531,4553.374,4563.198,4556.453,4245.42924,7348.469,,
2014-05-27,4617.956,4610.845,4639.001,4600.651,4579.307,4544.832,4552.677,4556.453,4248.51952,6983.814,True,6983.814
2014-05-26,4615.673,4626.206,4630.531,4598.93,4553.098,4543.763,4551.344,4556.453,4246.41916,6479.97,,
2014-05-23,4543.826,4584.83,4585.246,4526.99,4520.946,4542.224,4553.497,4526.99,4180.31992,6313.049,,
2014-05-22,4546.515,4537.197,4602.011,4534.299,4503.935,4533.008,4560.663,4526.99,4182.7938,7040.873,,
2014-05-21,4465.878,4537.455,4537.501,4435.58,4497.217,4533.414,4570.125,4435.58,4108.60776,7179.996,,
2014-05-20,4491.982,4479.8,4528.803,4467.762,4510.358,4535.48,4580.897,4435.58,4132.62344,6755.711,,
2014-05-19,4492.23,4465.449,4492.23,4432.708,4534.427,4552.001,4598.109,4432.708,4132.8516,6317.314,,
2014-05-16,4496.474,4499.775,4514.269,4456.488,4563.502,4565.273,4615.702,4432.708,4136.75608,6534.86,,
2014-05-15,4597.47,4503.607,4598.506,4499.251,4562.081,4570.522,4630.709,4432.708,4229.6724,5854.057,,
2014-05-14,4597.371,4603.157,4616.267,4582.969,4569.61,4573.021,4645.764,4432.708,4229.58132,5668.864,,
2014-05-13,4612.616,4600.149,4632.456,4588.096,4560.602,4560.522,4658.338,4432.708,4243.60672,5387.934,,
2014-05-12,4524.221,4610.824,4612.849,4511.037,4569.575,4558.925,4669.857,4432.708,4162.28332,5094.28,True,5094.280000000001
2014-05-09,4542.357,4492.668,4545.3,4455.833,4567.043,4564.769,4682.405,4432.708,4178.96844,5135.167,,
2014-05-08,4546.128,4541.251,4619.149,4539.399,4578.963,4588.318,4699.991,4432.708,4182.43776,5218.229,,
2014-05-07,4633.042,4558.12,4633.042,4557.167,4576.433,4606.837,4713.402,4432.708,4262.39864,4914.173,,
2014-05-06,4596.657,4645.01,4679.403,4591.905,4560.442,4626.314,4723.548,4432.708,4228.92444,4839.811,,
2014-05-05,4545.272,4598.168,4604.001,4515.17,4548.275,4644.216,4726.382,4432.708,4181.65024,4463.702,,
2014-04-30,4512.774,4552.266,4558.687,4507.337,4562.494,4666.131,4730.684,4432.708,4151.75208,4129.172,,
2014-04-29,4459.275,4528.599,4529.474,4459.275,4597.672,4690.895,4736.98,4432.708,4102.533,4130.561,,
2014-04-28,4569.991,4478.168,4575.08,4474.164,4637.241,4718.507,4740.301,4432.708,4204.39172,4059.617,,
2014-04-25,4666.457,4584.175,4675.741,4584.175,4692.186,4756.155,4746.909,4432.708,4293.14044,4131.22,,
2014-04-24,4720.286,4669.262,4723.724,4662.488,4740.157,4780.788,4753.372,4432.708,4342.66312,4079.441,,
2014-04-23,4726.558,4728.158,4759.695,4705.632,4769.768,4800.041,4760.441,4432.708,4348.43336,4101.719,,
2014-04-22,4751.619,4726.444,4777.945,4654.29,4784.118,4811.663,4763.013,4432.708,4371.48948,3851.02,,
2014-04-21,4791.487,4752.892,4851.39,4747.734,4799.773,4819.967,4766.009,4432.708,4408.16804,4145.092,,
2014-04-18,4803.711,4824.031,4832.941,4783.135,4820.123,4820.782,4768.427,4432.708,4419.41412,4170.168,,
2014-04-17,4811.959,4817.315,4837.354,4810.532,4821.419,4808.548,4762.662,4432.708,4427.00228,3987.022,,
2014-04-16,4791.494,4799.907,4821.201,4781.388,4830.314,4795.237,4764.776,4432.708,4408.17448,4036.567,,
2014-04-15,4847.219,4804.718,4854.097,4797.374,4839.209,4783.065,4771.398,4432.708,4459.44148,-387.77752,,
2014-04-14,4825.023,4854.643,4855.06,4822.394,4840.162,4762.095,4777.154,4432.708,4439.02116,-386.00184,,
2014-04-11,4845.746,4830.511,4845.746,4800.222,4821.441,4737.663,4776.16,4432.708,4458.08632,-387.65968,,
2014-04-10,4849.334,4861.79,4880.413,4840.283,4795.677,4725.957,4777.828,4432.708,4461.38728,-387.94672,,
2014-04-09,4814.367,4844.382,4860.318,4814.367,4760.16,4720.84,4774.365,4432.708,4429.21764,3423.403,True,3423.4030000000002
2014-04-08,4741.482,4809.482,4812.475,4731.208,4726.922,4714.363,4772.836,4432.708,4362.16344,3889.398,,
2014-04-04,4693.561,4761.042,4761.424,4680.333,4684.029,4712.05,4773.275,4432.708,4318.07612,4035.184,,
2014-04-03,4691.03,4701.689,4738.354,4679.004,4653.885,4716.072,4784.978,4432.708,4315.7476,3882.482,,
2014-04-02,4679.75,4684.207,4701.563,4670.14,4656.236,4716.775,4800.96,4432.708,4305.37,3575.223,,
2014-04-01,4590.679,4678.19,4678.692,4588.946,4681.52,4734.314,4818.97,4432.708,4223.42468,3831.311,,
2014-03-31,4606.521,4595.016,4638.729,4572.172,4701.804,4759.73,4837.56,4432.708,4237.99932,4019.94,,
2014-03-28,4702.482,4610.323,4719.148,4598.328,4740.071,4792.213,4862.719,4432.708,4326.28344,3809.012,,
2014-03-27,4806.069,4713.444,4806.069,4713.444,4778.259,4814.656,4883.663,4432.708,4421.58348,3531.136,,
2014-03-26,4789.164,4810.629,4820.678,4781.539,4777.315,4829.7,4895.064,4432.708,4406.03088,3515.415,,
2014-03-25,4769.095,4779.607,4809.724,4751.908,4787.109,4827.889,4907.492,4432.708,4387.5674,3257.86,,
2014-03-24,4798.926,4786.353,4806.125,4759.371,4817.656,4831.31,4920.855,4432.708,4415.01192,3158.37,True,3158.37
2014-03-21,4680.567,4801.261,4809.445,4630.065,4844.354,4834.5,4944.828,4432.708,4306.12164,3214.786,,
2014-03-20,4841.224,4708.723,4876.111,4708.723,4851.053,4853.885,4968.77,4432.708,4453.92608,-387.29792,,
2014-03-19,4922.312,4859.599,4922.312,4827.392,4882.086,4885.144,4998.34,4432.708,4528.52704,-393.78496,,
2014-03-18,4923.309,4932.344,4969.398,4920.757,4868.67,4903.626,5026.04,4432.708,4529.44428,-393.86472,,
2014-03-17,4857.464,4919.845,4920.286,4840.136,4844.963,4915.39,5048.754,4432.708,4468.86688,-388.59712,,
2014-03-14,4841.305,4834.753,4871.6,4808.109,4824.646,4933.226,5073.392,4432.708,4454.0006,-387.3044,,
2014-03-13,4794.015,4863.887,4865.94,4794.015,4856.716,4952.67,5098.172,4432.708,4410.4938,2568.013,,
2014-03-12,4802.252,4792.523,4849.598,4729.733,4888.202,4960.428,5117.693,4432.708,4418.07184,2562.416,,
2014-03-11,4798.11,4813.807,4865.517,4775.579,4938.581,4987.095,5144.455,4432.708,4414.2612,2416.812,,
2014-03-10,4956.21,4818.26,4956.21,4818.26,4985.817,5010.401,5167.18,4432.708,4559.7132,-396.4968,,
2014-03-07,5016.896,4995.105,5047.006,4972.636,5041.805,5055.156,5190.87,4432.708,4615.54432,-401.35168,,
2014-03-06,5032.45,5021.316,5041.483,4953.407,5048.623,5083.656,5196.696,4432.708,4629.854,-402.596,,
2014-03-05,5053.793,5044.415,5088.28,5039.381,5032.654,5111.535,5197.14,4432.708,4649.48956,-404.30344,,
2014-03-04,5074.421,5049.987,5074.478,5000.465,5035.609,5148.454,5199.234,4432.708,4668.46732,-405.95368,,
2014-03-03,5041.112,5098.202,5098.202,5033.081,5034.984,5182.119,5199.046,4432.708,4637.82304,-403.28896,,
2014-02-28,4937.475,5029.196,5029.196,4902.593,5068.506,5213.559,5198.284,4432.708,4542.477,-394.998,,
2014-02-27,5081.565,4941.468,5132.063,4936.931,5118.688,5243.674,5201.995,4432.708,4675.0398,-406.5252,,
2014-02-26,5013.857,5059.19,5059.19,4948.745,5190.417,5274.958,5205.944,4432.708,4612.74844,-401.10856,,
2014-02-25,5279.41,5046.866,5302.267,5012.192,5261.299,5301.815,5202.248,4432.708,4857.0572,-422.3528,,
2014-02-24,5254.077,5265.81,5265.81,5167.806,5329.253,5323.959,5193.6,4432.708,4833.75084,-420.32616,,
2014-02-21,5289.201,5280.108,5332.084,5241.487,5358.613,5326.585,5171.157,4432.708,4866.06492,-423.13608,,
2014-02-20,5408.565,5300.111,5425.519,5287.77,5368.66,5309.736,5150.458,4432.708,4975.8798,-432.6852,,
2014-02-19,5388.356,5413.601,5424.412,5351.049,5359.499,5282.745,5132.043,4432.708,4957.28752,-431.06848,,
2014-02-18,5426.043,5386.633,5426.091,5361.85,5342.331,5250.014,5109.488,4432.708,4991.95956,-434.08344,,
2014-02-17,5359.666,5412.611,5412.611,5332.774,5318.664,5215.974,5085.256,4432.708,4930.89272,-428.77328,,
2014-02-14,5251.52,5330.344,5330.344,5231.41,5294.557,5183.008,5056.075,4432.708,4831.3984,-420.1216,,
2014-02-13,5324.394,5254.308,5351.822,5248.859,5250.812,5160.316,5032.573,4432.708,4898.44248,-425.95152,,
2014-02-12,5266.924,5327.761,5327.761,5238.068,5205.991,5136.931,5017.088,4432.708,4845.57008,-421.35392,,
2014-02-11,5308.853,5268.298,5323.342,5215.932,5157.696,5102.681,5001.694,4432.708,4884.14476,-424.70824,,
2014-02-10,5149.031,5292.074,5300.391,5149.031,5113.284,5063.241,4987.704,4432.708,4737.10852,-411.92248,,
2014-02-07,4995.428,5111.619,5111.619,4980.003,5071.459,5015.729,4970.638,4432.708,4595.79376,-399.63424,,
2014-01-30,5082.764,5030.201,5091.984,5017.614,5069.82,4991.179,4968.488,4432.708,4676.14288,-406.62112,,
2014-01-29,5050.274,5086.288,5091.133,5034.857,5067.871,4981.341,4969.947,4432.708,4646.25208,-404.02192,,
2014-01-28,5092.222,5046.239,5116.257,5003.154,5047.666,4968.963,4964.625,4432.708,4684.84424,-407.37776,,
2014-01-27,5089.506,5082.949,5133.832,5051.805,5013.197,4954.538,4959.82,4432.708,4682.34552,-407.16048,,
2014-01-24,5022.138,5103.421,5121.488,5019.181,4959.998,4929.141,4952.999,4432.708,4620.36696,-401.77104,True,-401.77103999999963
2014-01-23,4990.69,5020.456,5042.04,4987.214,4912.539,4904.83,4941.167,4432.708,4591.4348,-399.2552,,
2014-01-22,4877.962,4985.267,4985.267,4871.076,4894.811,4897.246,4938.082,4432.708,4487.72504,-390.23696,,
2014-01-21,4816.673,4873.892,4880.792,4816.52,4890.259,4900.707,4934.159,4432.708,4431.33916,1299.46,,
2014-01-20,4856.845,4816.953,4884.429,4781.96,4895.878,4912.168,4934.113,4432.708,4468.2974,-388.5476,,
2014-01-17,4917.784,4866.125,4934.266,4865.985,4898.285,4925.547,4937.222,4432.708,4524.36128,-393.42272,,
2014-01-16,4962.602,4931.816,4995.389,4930.477,4897.122,4945.798,4940.02,4432.708,4565.59384,-397.00816,,
2014-01-15,4903.622,4962.507,4963.236,4903.075,4899.681,4958.553,4941.42,4432.708,4511.33224,-392.28976,,
2014-01-14,4825.343,4901.99,4902.681,4792.411,4911.155,4960.288,4940.762,4432.708,4439.31556,-386.02744,,
2014-01-13,4862.399,4828.985,4888.132,4796.679,4928.457,4965.102,4944.221,4432.708,4473.40708,-388.99192,,
2014-01-10,4930.507,4860.31,4947.949,4847.76,4952.81,4976.856,4955.393,4432.708,4536.06644,-394.44056,,
2014-01-09,5005.562,4944.613,5063.336,4944.177,4994.474,4977.504,4964.374,4432.708,4605.11704,-400.44496,,
2014-01-08,4992.555,5019.879,5039.102,4969.119,5017.425,4978.918,4967.34,4432.708,4593.1506,-399.4044,,
2014-01-07,4928.314,4988.5,4994.967,4920.138,5009.421,4967.611,4968.474,4432.708,4534.04888,-394.26512,,
2014-01-06,5057.954,4950.747,5057.954,4944.391,5001.747,4956.058,4970.356,4432.708,4653.31768,-404.63632,,
2014-01-03,5044.4,5068.632,5084.206,5039.957,5000.902,4948.897,4972.555,4432.708,4640.848,-403.552,,
2014-01-02,4975.653,5059.369,5071.17,4969.682,4960.535,4934.242,4969.33,4432.708,4577.60076,-398.05224,,
2013-12-31,4927.576,4979.855,4985.689,4920.178,4940.411,4924.287,4968.662,4432.708,4533.36992,-394.20608,True,-394.20607999999993
2013-12-30,4967.054,4950.131,4972.78,4936.87,4925.8,4921.235,4968.494,4432.708,4569.68968,-397.36432,,
2013-12-27,4867.611,4946.525,4963.006,4859.682,4910.37,4923.339,4964.699,4432.708,4478.20212,-389.40888,,
2013-12-26,4950.361,4866.793,4956.313,4866.731,4896.891,4933.93,4973.452,4432.708,4554.33212,-396.02888,,
2013-12-25,4907.64,4958.753,4959.531,4888.08,4907.949,4951.243,4985.129,4432.708,4515.0288,-392.6112,,
2013-12-24,4876.72,4906.8,4950.103,4866.417,4908.162,4955.761,4989.911,4432.708,4486.5824,-390.1376,,
2013-12-23,4869.615,4872.979,4884.491,4794.738,4916.67,4969.338,4993.525,4432.708,4480.0458,-389.5692,,
2013-12-20,4930.937,4879.132,4940.543,4849.323,4936.309,4984.654,4998.457,4432.708,4536.46204,-394.47496,,
2013-12-19,4967.877,4922.082,4984.323,4919.602,4970.97,4996.214,5004.585,4432.708,4570.44684,-397.43016,,
2013-12-18,4952.25,4959.818,4976.842,4933.435,4994.537,5004.417,5009.986,4432.708,4556.07,-396.18,,
2013-12-17,4969.595,4949.341,4978.776,4939.765,5003.36,5013.037,5013.839,4432.708,4572.0274,-397.5676,,
2013-12-16,5054.056,4971.17,5060.154,4966.048,5022.006,5015.752,5016.947,4432.708,4649.73152,-404.32448,,
2013-12-13,5003.578,5052.437,5066.31,4989.667,5032.999,5006.058,5018.997,4432.708,4603.29176,-400.28624,True,-400.28623999999945
2013-12-12,5001.048,5039.921,5056.585,5001.048,5021.458,5012.974,5012.291,4432.708,4600.96416,-400.08384,,
2013-12-11,5024.191,5003.932,5024.191,4973.522,5014.297,5019.014,5002.39,4432.708,4622.25572,-401.93528,,
2013-12-10,5035.861,5042.568,5064.205,5017.577,5022.713,5024.062,4990.851,4432.708,4632.99212,-402.86888,,
2013-12-09,5008.922,5026.139,5033.526,5008.16,5009.498,5017.711,4981.573,4432.708,4608.20824,-400.71376,,
2013-12-06,4998.191,4994.728,5022.111,4980.45,4979.116,5012.259,4972.09,4432.708,4598.33572,-399.85528,,
2013-12-05,5045.052,5004.118,5065.641,5000.808,5004.489,5012.956,4961.753,4432.708,4641.44784,-403.60416,,
2013-12-04,4974.351,5046.012,5080.306,4966.491,5023.731,5015.555,4954.267,4432.708,4576.40292,-397.94808,,
2013-12-03,4847.525,4976.495,4980.844,4841.407,5025.41,5014.641,4948.053,4432.708,4459.723,-387.802,,
2013-12-02,5009.12,4874.228,5061.111,4854.147,5025.924,5018.142,4948.112,4432.708,4608.3904,-400.7296,,
2013-11-29,5102.805,5121.594,5130.88,5093.633,5045.403,5031.936,4949.533,4432.708,4694.5806,-408.2244,,
2013-11-28,5065.383,5100.326,5141.053,5062.361,5021.423,5011.609,4936.677,4432.708,4660.15236,-405.23064,,
2013-11-27,4975.624,5054.409,5059.53,4972.68,5007.379,4985.766,4926.114,4432.708,4577.57408,-398.04992,,
2013-11-26,4966.293,4979.065,4993.227,4936.953,5003.872,4957.641,4923.439,4432.708,4568.98956,-397.30344,,
2013-11-25,4984.784,4971.619,5046.603,4967.494,5010.359,4945.435,4922.012,4432.708,4586.00128,-398.78272,,
2013-11-22,5031.944,5001.694,5045.533,4995.549,5018.468,4931.92,4923.318,4432.708,4629.38848,-402.55552,,
2013-11-21,5017.776,5030.109,5044.031,4973.604,5001.795,4910.55,4923.788,4432.708,4616.35392,-401.42208,,
2013-11-20,5033.015,5036.875,5040.976,4993.134,4964.153,4892.979,4930.035,4432.708,4630.3738,-402.6412,,
2013-11-19,5016.464,5011.497,5032.587,4984.608,4911.41,4881.465,4937.707,4432.708,4615.14688,-401.31712,True,-401.3171199999997
2013-11-18,4953.76,5012.167,5012.167,4940.084,4880.512,4878.083,4953.67,4432.708,4557.4592,-396.3008,,
2013-11-15,4841.584,4918.329,4973.246,4840.533,4845.371,4867.13,4972.663,4432.708,4454.25728,-387.32672,,
2013-11-14,4773.631,4841.897,4842.643,4725.479,4819.305,4861.746,4989.524,4432.708,4391.74052,613.594,,
2013-11-13,4841.41,4773.159,4847.03,4772.002,4821.806,4866.461,5008.289,4432.708,4454.0972,-387.3128,,
2013-11-12,4839.374,4857.007,4870.576,4802.046,4851.52,4889.237,5031.184,4432.708,4452.22408,-387.14992,,
2013-11-11,4783.244,4836.462,4859.238,4754.778,4875.655,4898.589,5055.269,4432.708,4400.58448,604.548,,
2013-11-08,4822.553,4788.0,4846.546,4757.034,4888.889,4914.716,5083.191,4432.708,4436.74876,-385.80424,,
2013-11-07,4909.241,4854.4,4916.508,4835.486,4904.187,4937.026,5111.288,4432.708,4516.50172,-392.73928,,
2013-11-06,4964.558,4921.732,5010.313,4921.691,4911.117,4967.091,5135.792,4432.708,4567.39336,-397.16464,,
2013-11-05,4881.303,4977.681,4978.219,4835.807,4926.954,4993.949,5156.833,4432.708,4490.79876,-390.50424,,
2013-11-04,4882.503,4902.63,4941.57,4882.503,4921.523,5029.257,5173.923,4432.708,4491.90276,-390.60024,,
2013-11-01,4870.72,4864.491,4894.231,4807.893,4940.544,5078.196,5190.517,4432.708,4481.0624,-389.6576,,
2013-10-31,4954.906,4889.049,4964.777,4882.651,4969.865,5117.302,5205.53,4432.708,4558.51352,-396.39248,,
2013-10-30,4938.589,5000.92,5001.6,4925.695,5023.065,5150.117,5218.433,4432.708,4543.50188,-395.08712,,
2013-10-29,5001.963,4950.525,5059.488,4816.833,5060.943,5173.13,5229.575,4432.708,4601.80596,-400.15704,,
2013-10-28,4995.765,4997.733,5025.929,4968.316,5136.991,5211.95,5246.531,4432.708,4596.1038,-399.6612,,
2013-10-25,5167.83,5011.097,5180.956,4974.091,5215.849,5251.667,5257.39,4432.708,4754.4036,-413.4264,,
2013-10-24,5179.391,5155.049,5205.265,5144.149,5264.74,5285.55,5259.37,4432.708,4765.03972,-414.35128,,
2013-10-23,5330.991,5190.312,5347.858,5168.648,5277.168,5304.493,5253.036,4432.708,4904.51172,-426.47928,,
2013-10-22,5394.268,5330.766,5412.602,5324.02,5285.317,5319.717,5247.814,4432.708,4962.72656,-431.54144,,
2013-10-21,5266.761,5392.02,5392.248,5265.509,5286.908,5318.589,5232.818,4432.708,4845.42012,-421.34088,,
2013-10-18,5227.801,5255.552,5255.843,5197.934,5287.484,5302.838,5212.003,4432.708,4809.57692,-418.22408,,
2013-10-17,5256.168,5217.192,5287.051,5200.756,5306.361,5293.757,5197.463,4432.708,4835.67456,-420.49344,,
2013-10-16,5318.735,5231.053,5330.933,5200.119,5331.818,5286.75,5189.172,4432.708,4893.2362,-425.4988,,
2013-10-15,5390.211,5338.725,5391.627,5299.957,5354.118,5286.02,5180.084,4432.708,4958.99412,-431.21688,,
2013-10-14,5356.29,5394.9,5415.019,5352.485,5350.27,5281.112,5163.851,4432.708,4927.7868,-428.5032,,
2013-10-11,5359.996,5349.934,5396.104,5327.139,5318.191,5263.114,5143.819,4432.708,4931.19632,-428.79968,,
2013-10-10,5352.975,5344.477,5383.967,5310.548,5281.154,5233.191,5125.989,4432.708,4924.737,-428.238,,
2013-10-09,5298.27,5342.554,5342.554,5273.903,5241.681,5201.579,5109.409,4432.708,4874.4084,-423.8616,,
2013-10-08,5245.071,5319.485,5345.22,5230.32,5217.922,5175.911,5089.056,4432.708,4825.46532,-419.60568,,
2013-09-30,5180.852,5234.505,5234.505,5180.852,5211.954,5147.048,5066.148,4432.708,4766.38384,-414.46816,,
2013-09-27,5150.715,5164.748,5202.29,5133.196,5208.038,5121.168,5051.756,4432.708,4738.6578,-412.0572,,
2013-09-26,5202.576,5147.114,5232.345,5137.058,5185.227,5101.168,5042.629,4432.708,4786.36992,-416.20608,,
2013-09-25,5274.986,5223.757,5280.756,5213.567,5161.476,5091.594,5038.431,4432.708,4852.98712,-421.99888,,
2013-09-24,5233.534,5289.644,5294.86,5225.147,5133.9,5074.148,5029.974,4432.708,4814.85128,-418.68272,,
2013-09-23,5063.248,5214.925,5216.387,5063.248,5082.142,5046.59,5013.086,4432.708,4658.18816,-405.05984,True,-405.0598399999999
2013-09-18,5034.176,5050.697,5050.697,4988.9,5034.299,5024.524,4999.013,4432.708,4631.44192,-402.73408,,
2013-09-17,5079.056,5028.356,5099.765,5027.258,5017.109,5018.787,4992.604,4432.708,4672.73152,-406.32448,,
2013-09-16,5059.825,5085.876,5095.972,5050.808,5021.712,5017.239,4985.368,4432.708,4655.039,-404.786,,
2013-09-13,4991.455,5030.854,5036.827,4989.758,5014.396,5002.2,4976.213,4432.708,4592.1386,-399.3164,,
2013-09-12,4948.293,4975.712,5005.148,4936.839,5011.038,4985.249,4965.107,4432.708,4552.42956,-395.86344,,
2013-09-11,5025.964,4964.748,5025.964,4933.345,5014.749,4982.343,4963.274,4432.708,4623.88688,-402.07712,,
2013-09-10,5046.288,5051.371,5051.427,4990.674,5020.464,4984.089,4965.852,4432.708,4642.58496,-403.70304,,
2013-09-09,5024.686,5049.293,5050.617,5006.801,5012.765,4985.269,4965.229,4432.708,4622.71112,-401.97488,True,-401.97487999999976
2013-09-06,4985.517,5014.068,5025.024,4977.15,4990.005,4985.8,4963.935,4432.708,4586.67564,-398.84136,,
2013-09-05,4993.834,4994.267,5008.582,4961.157,4959.459,4979.583,4961.445,4432.708,4594.32728,-399.50672,,
2013-09-04,5006.569,4993.322,5029.151,4983.881,4949.936,4973.502,4960.946,4432.708,4606.04348,-400.52552,,
2013-09-03,4945.447,5012.876,5014.053,4945.315,4947.714,4966.422,4958.034,4432.708,4549.81124,-395.63576,,
2013-09-02,4860.561,4935.493,4935.493,4854.707,4957.772,4953.498,4957.674,4432.708,4471.71612,-388.84488,,
2013-08-30,4938.482,4861.338,4974.534,4834.577,4981.594,4950.226,4957.188,4432.708,4543.40344,-395.07856,,
2013-08-29,4985.983,4946.651,4996.628,4925.036,4999.706,4944.966,4955.384,4432.708,4587.10436,-398.87864,,
2013-08-28,5031.153,4982.214,5037.796,4978.215,4997.068,4944.205,4947.802,4432.708,4628.66076,-402.49224,,
2013-08-27,5056.231,5063.165,5071.703,5020.159,4985.129,4947.615,4929.885,4432.708,4651.73252,-404.49848,True,-404.4984800000002
2013-08-26,4955.31,5054.601,5054.601,4955.31,4949.223,4945.189,4908.088,4432.708,4558.8852,-396.4248,,
2013-08-23,4951.365,4951.9,4991.705,4856.029,4918.857,4942.071,4889.462,4432.708,4555.2558,-396.1092,,
2013-08-22,4909.832,4933.46,4948.842,4895.371,4890.225,4943.307,4881.002,4432.708,4517.04544,-392.78656,,
2013-08-21,4895.37,4922.517,4924.296,4868.907,4891.341,4948.39,4875.211,4432.708,4503.7404,-391.6296,,
2013-08-20,4891.032,4883.639,4956.009,4865.059,4910.101,4949.646,4875.158,4432.708,4499.74944,-391.28256,,
2013-08-19,4791.852,4902.771,4906.227,4787.901,4941.154,4961.85,4875.4,4432.708,4408.50384,363.478,,
2013-08-16,4915.161,4808.74,5004.727,4802.489,4965.285,4964.15,4867.544,4432.708,4521.94812,-393.21288,,
2013-08-15,5018.428,4939.039,5033.797,4938.061,4996.389,4965.803,4861.14,4432.708,4616.95376,-401.47424,,
2013-08-14,5039.165,5016.315,5068.095,4995.64,5005.439,4951.4,4851.571,4432.708,4636.0318,-403.1332,,
2013-08-13,5019.08,5038.907,5038.907,4976.942,4989.191,4912.156,4839.8,4432.708,4617.5536,-401.5264,,
2013-08-12,4982.149,5023.424,5034.678,4949.698,4982.545,4870.988,4831.966,4432.708,4583.57708,-398.57192,,
2013-08-09,4995.868,4964.261,5034.322,4906.257,4963.014,4836.854,4821.749,4432.708,4596.19856,-399.66944,,
2013-08-08,4919.587,4984.287,4997.887,4902.819,4935.216,4818.697,4808.102,4432.708,4526.02004,-393.56696,,
2013-08-07,5016.023,4935.078,5034.06,4924.174,4897.361,4802.033,4794.875,4432.708,4614.74116,-401.28184,True,-401.28183999999965
2013-08-06,4934.422,5005.674,5024.245,4915.989,4835.121,4800.671,4777.686,4432.708,4539.66824,-394.75376,,
2013-08-05,4833.771,4925.771,4925.771,4831.723,4759.431,4788.951,4750.926,4432.708,4447.06932,-386.70168,,
2013-08-02,4817.93,4825.271,4886.777,4817.93,4710.693,4770.938,4728.165,4432.708,4432.4956,245.347,,
2013-08-01,4635.31,4795.012,4795.012,4630.052,4702.178,4756.477,4719.407,4432.708,4264.4852,374.852,,
2013-07-31,4656.383,4623.877,4700.019,4611.391,4706.704,4751.742,4714.742,4432.708,4283.87236,316.036,,
2013-07-30,4690.15,4627.226,4713.246,4565.306,4766.221,4767.444,4719.173,4432.708,4314.938,334.922,,
2013-07-29,4750.163,4682.08,4772.715,4678.545,4818.471,4792.944,4721.364,4432.708,4370.14996,223.636,,
2013-07-26,4794.156,4782.697,4830.104,4712.532,4831.184,4806.644,4716.413,4432.708,4410.62352,157.097,,
2013-07-25,4926.027,4817.642,4950.679,4805.832,4810.776,4797.507,4700.106,4432.708,4531.94484,-394.08216,,
2013-07-24,4876.038,4921.458,4941.39,4843.584,4796.78,4787.718,4681.937,4432.708,4485.95496,-390.08304,,
2013-07-23,4764.105,4888.477,4888.477,4764.105,4768.668,4754.701,4662.667,4432.708,4382.9766,144.644,,
2013-07-22,4643.269,4745.645,4752.771,4622.373,4767.417,4712.9,4637.83,4432.708,4271.80748,247.254,,
2013-07-19,4746.816,4680.658,4824.119,4680.658,4782.105,4685.391,4619.328,4432.708,4367.07072,73.567,,
2013-07-18,4766.456,4747.662,4801.063,4710.753,4784.239,4682.337,4619.031,4432.708,4385.13952,-33.882,,
2013-07-17,4865.381,4780.898,4896.276,4754.398,4778.655,4677.742,4615.838,4432.708,4476.15052,-389.23048,,
2013-07-16,4840.597,4882.224,4885.973,4815.348,4740.733,4670.902,4619.615,4432.708,4453.34924,-387.24776,True,-387.2477600000002
2013-07-15,4706.672,4819.081,4819.081,4700.12,4658.383,4649.784,4618.728,4432.708,4330.13824,23.466,,
2013-07-12,4716.54,4691.329,4783.365,4690.82,4588.676,4626.182,4621.536,4432.708,4339.2168,-40.02,,
2013-07-11,4596.52,4719.745,4771.095,4595.627,4580.434,4602.704,4629.846,4432.708,4228.7984,84.276,,
2013-07-10,4472.17,4591.287,4591.287,4462.993,4576.829,4576.156,4629.839,4432.708,4114.3964,182.726,,
2013-07-09,4468.019,4470.472,4502.394,4418.98,4601.071,4570.633,4642.432,4418.98,4110.57748,235.586,,
2013-07-08,4577.459,4470.549,4607.209,4470.549,4641.185,4562.76,4664.988,4418.98,4211.26228,164.144,,
2013-07-05,4709.151,4650.118,4742.206,4650.118,4663.687,4553.265,4690.969,4418.98,4332.41892,42.642,,
2013-07-04,4675.553,4701.717,4778.41,4655.082,4624.974,4555.725,4706.405,4418.98,4301.50876,40.644,True,40.64400000000023
2013-07-03,4666.763,4712.5,4728.49,4610.909,4575.483,4553.934,4724.781,4418.98,4293.42196,20.945,,
2013-07-02,4584.527,4671.039,4691.136,4576.249,4540.195,4568.328,4745.755,4418.98,4217.76484,158.689,,
2013-07-01,4433.808,4583.059,4583.526,4421.277,4484.335,4587.673,4772.111,4418.98,4079.10336,399.365,,
2013-06-28,4418.243,4456.556,4546.119,4384.225,4442.844,4616.891,4802.761,4384.225,4064.78356,399.52,,
2013-06-27,4546.148,4454.261,4601.552,4449.243,4486.475,4656.987,4837.806,4384.225,4182.45616,301.529,,
2013-06-26,4421.48,4536.062,4536.062,4378.959,4532.384,4683.523,4874.801,4378.959,4067.7616,448.1,,
2013-06-25,4325.038,4391.737,4407.626,4040.921,4596.461,4714.23,4905.852,4040.921,3979.03496,514.533,,
2013-06-24,4661.866,4375.602,4661.866,4326.09,4691.01,4767.217,4939.644,4040.921,4288.91672,-372.94928,,
2013-06-21,4583.627,4674.715,4704.651,4538.36,4790.938,4828.673,4974.328,4040.921,4216.93684,-366.69016,,
2013-06-20,4818.537,4683.806,4826.228,4679.372,4827.499,4857.085,4996.875,4040.921,4433.05404,-385.48296,,
2013-06-19,4842.254,4856.445,4864.866,4769.379,4834.661,4895.628,5013.785,4040.921,4454.87368,-387.38032,,
2013-06-18,4878.765,4864.483,4889.674,4803.008,4831.998,4923.181,5017.752,4040.921,4488.4638,-390.3012,,
2013-06-17,4873.102,4875.242,4924.708,4844.707,4843.423,4956.549,5017.215,4040.921,4483.25384,-389.84816,,
2013-06-14,4725.689,4857.517,4872.215,4725.689,4866.409,4988.632,5013.663,4040.921,4347.63388,-378.05512,,
2013-06-13,4779.494,4719.619,4779.494,4608.402,4886.672,5018.626,5006.307,4040.921,4397.13448,-382.35952,,
2013-06-07,4923.006,4843.131,4944.927,4810.518,4956.594,5066.079,5008.605,4040.921,4529.16552,-393.84048,,
2013-06-06,4975.78,4921.607,4988.655,4914.373,5014.364,5097.474,5003.996,4040.921,4577.7176,-398.0624,,
2013-06-05,4951.462,4990.169,5009.501,4946.61,5069.675,5112.071,4995.047,4040.921,4555.34504,-396.11696,,
2013-06-04,5063.083,4958.832,5063.083,4918.789,5110.856,5119.983,4982.144,4040.921,4658.03636,-405.04664,,
2013-06-03,5125.296,5069.233,5147.61,5051.138,5150.58,5136.666,4968.161,4040.921,4715.27232,-410.02368,,
2013-05-31,5206.059,5131.981,5218.605,5130.478,5175.563,5131.942,4949.414,4040.921,4789.57428,-416.48472,,
2013-05-30,5178.899,5198.158,5210.635,5155.36,5180.583,5112.322,4922.553,4040.921,4764.58708,-414.31192,,
2013-05-29,5166.206,5196.074,5201.517,5152.167,5154.467,5077.881,4887.812,4040.921,4752.90952,-413.29648,,
2013-05-28,5196.165,5157.453,5209.907,5115.536,5129.111,5038.693,4852.068,4040.921,4780.4718,-415.6932,,
2013-05-27,5164.483,5194.149,5201.955,5152.444,5122.752,4993.988,4822.874,4040.921,4751.32436,-413.15864,,
2013-05-24,5070.958,5157.081,5157.095,5070.958,5088.321,4951.13,4796.454,4040.921,4665.28136,-405.67664,,
2013-05-23,5050.161,5067.579,5138.052,5043.088,5044.061,4910.519,4766.69,4040.921,4646.14812,-404.01288,,
2013-05-22,5120.815,5069.292,5149.373,5045.482,5001.294,4878.023,4747.94,4040.921,4711.1498,-409.6652,,
2013-05-21,5014.252,5125.657,5126.23,5010.377,4948.275,4844.305,4727.414,4040.921,4613.11184,-401.14016,,
2013-05-20,4950.583,5021.995,5033.492,4937.651,4865.223,4799.656,4699.717,4040.921,4554.53636,-396.04664,,
2013-05-17,4854.687,4935.783,4947.993,4846.437,4813.94,4766.885,4676.689,4040.921,4466.31204,-388.37496,,
2013-05-16,4794.966,4853.743,4891.517,4777.037,4776.976,4732.783,4654.353,4040.921,4411.36872,-383.59728,,
2013-05-15,4711.279,4804.199,4804.199,4711.063,4754.753,4697.743,4633.533,4040.921,4334.37668,-376.90232,,
2013-05-14,4761.965,4710.397,4766.141,4675.458,4740.334,4665.443,4618.218,4040.921,4381.0078,-380.9572,,
2013-05-13,4748.792,4765.579,4771.362,4734.926,4734.089,4651.76,4608.679,4040.921,4368.88864,-379.90336,,
2013-05-10,4730.641,4750.962,4775.447,4701.746,4719.831,4641.777,4597.894,4040.921,4352.18972,-378.45128,,
2013-05-09,4725.588,4742.627,4751.699,4696.096,4688.59,4622.861,4588.856,4040.921,4347.54096,-378.04704,True,-378.04703999999947
2013-05-08,4690.085,4732.106,4733.711,4690.085,4640.733,4617.857,4578.658,4040.921,4314.8782,-375.2068,,
2013-05-07,4684.192,4679.17,4720.708,4655.125,4590.552,4610.523,4565.973,4040.921,4309.45664,-374.73536,,
2013-05-06,4602.642,4694.289,4696.889,4602.642,4569.431,4599.778,4556.937,4040.921,4234.43064,-368.21136,,
2013-05-03,4513.381,4594.76,4627.258,4513.381,4563.723,4586.492,4552.817,4040.921,4152.31052,-361.07048,,
2013-05-02,4437.093,4503.339,4510.597,4423.066,4557.132,4575.924,4553.81,4040.921,4082.12556,-354.96744,,
2013-04-26,4566.754,4481.204,4587.543,4472.4,4594.98,4569.322,4559.171,4040.921,4201.41368,-365.34032,,
2013-04-25,4646.38,4573.564,4669.382,4573.065,4630.493,4570.992,4570.34,4040.921,4274.6696,-371.7104,,
2013-04-24,4559.582,4665.746,4679.616,4546.392,4630.125,4565.599,4577.225,4040.921,4194.81544,-364.76656,,
2013-04-23,4696.11,4561.805,4696.11,4554.633,4609.262,4554.011,4580.485,4040.921,4320.4212,-375.6888,,
2013-04-22,4640.095,4692.583,4692.583,4633.347,4594.716,4554.85,4588.572,4040.921,4268.8874,-371.2076,True,-371.20759999999973
2013-04-19,4577.744,4658.769,4680.521,4574.995,4543.665,4539.459,4588.914,4040.921,4211.52448,-366.21952,,
2013-04-18,4544.072,4571.722,4608.067,4531.004,4511.491,4521.424,4588.282,4040.921,4180.54624,-363.52576,,
2013-04-17,4485.213,4561.431,4566.014,4482.608,4501.072,4514.096,4585.53,4040.921,4126.39596,-358.81704,,
2013-04-16,4397.119,4489.075,4494.434,4389.058,4498.759,4519.143,4583.048,4040.921,4045.34948,-351.76952,,
2013-04-15,4482.982,4437.326,4503.639,4424.883,4514.984,4531.695,4587.51,4040.921,4124.34344,-358.63856,,
2013-04-12,4518.281,4497.902,4548.032,4495.592,4535.254,4549.02,4593.88,4040.921,4156.81852,-361.46248,,
2013-04-11,4565.083,4519.627,4575.76,4518.676,4531.356,4569.688,4594.89,4040.921,4199.87636,-365.20664,,
2013-04-10,4567.495,4549.867,4588.498,4512.722,4527.119,4588.852,4596.327,4040.921,4202.0954,-365.3996,,
2013-04-09,4547.907,4570.198,4583.406,4542.352,4539.526,4606.96,4602.391,4040.921,4184.07444,-363.83256,,
2013-04-08,4423.942,4538.676,4539.074,4388.557,4548.407,4622.294,4606.251,4040.921,4070.02664,-353.91536,,
2013-04-03,4501.456,4478.414,4528.964,4452.956,4562.786,4638.369,4614.44,4040.921,4141.33952,-360.11648,,
2013-04-02,4607.126,4498.44,4642.17,4494.061,4608.019,4655.141,4629.752,4040.921,4238.55592,-368.57008,,
2013-04-01,4611.135,4611.9,4641.638,4592.765,4650.585,4656.965,4640.278,4040.921,4242.2442,-368.8908,,
2013-03-29,4614.118,4614.603,4646.692,4593.699,4674.395,4646.954,4638.565,4040.921,4244.98856,-369.12944,,
2013-03-28,4666.979,4610.572,4666.979,4601.934,4696.181,4643.325,4643.176,4040.921,4293.62068,-373.35832,,
2013-03-27,4708.306,4704.58,4756.651,4676.7,4713.952,4638.739,4645.473,4040.921,4331.64152,-376.66448,,
2013-03-26,4712.095,4711.272,4721.933,4644.209,4702.262,4620.093,4639.066,4040.921,4335.1274,-376.9676,,
2013-03-25,4732.522,4730.946,4748.156,4686.672,4663.344,4603.802,4635.265,4040.921,4353.92024,-378.60176,,
2013-03-22,4695.072,4723.534,4740.103,4693.286,4619.514,4597.822,4629.95,4040.921,4319.46624,-375.60576,True,-375.60575999999946
2013-03-21,4646.184,4699.429,4721.863,4639.903,4590.47,4590.208,4624.445,4040.921,4274.48928,-371.69472,,
2013-03-20,4518.163,4646.131,4646.131,4515.095,4563.526,4590.51,4619.758,4040.921,4156.70996,-361.45304,,
2013-03-19,4517.477,4516.68,4543.534,4459.707,4537.924,4604.364,4618.0,4040.921,4156.07884,-361.39816,,
2013-03-18,4561.183,4511.796,4588.052,4508.477,4544.259,4623.592,4625.237,4040.921,4196.28836,-364.89464,,
2013-03-15,4564.048,4578.314,4663.506,4524.346,4576.13,4630.175,4633.963,4040.921,4198.92416,-365.12384,,
2013-03-14,4508.997,4564.711,4573.76,4500.018,4589.947,4643.026,4638.601,4040.921,4148.27724,-360.71976,,
2013-03-13,4541.167,4518.12,4541.167,4460.342,4617.494,4652.206,4645.318,4040.921,4177.87364,-363.29336,,
2013-03-12,4667.044,4548.354,4698.891,4499.54,4670.804,4658.038,4658.038,4040.921,4293.68048,-373.36352,,
2013-03-11,4640.719,4671.151,4689.121,4613.53,4702.924,4670.225,4670.225,4040.921,4269.46148,-371.25752,,
2013-03-08,4705.211,4647.398,4734.048,4644.503,4684.219,4670.109,4670.109,4040.921,4328.79412,-376.41688,,
2013-03-07,4768.593,4702.449,4778.351,4656.818,4696.106,4673.353,4673.353,4040.921,4387.10556,-381.48744,,
2013-03-06,4721.44,4784.667,4786.874,4721.44,4686.917,4668.504,4668.504,4040.921,4343.7248,-377.7152,,
2013-03-05,4576.458,4708.955,4708.955,4560.395,4645.272,4645.272,4645.272,4040.921,4210.34136,-366.11664,,
2013-03-04,4669.878,4577.628,4688.863,4548.212,4629.351,4629.351,4629.351,4040.921,4296.28776,-373.59024,,
2013-03-01,4650.844,4706.829,4706.946,4640.15,4646.592,4646.592,4646.592,4040.921,4278.77648,-372.06752,,
2013-02-28,4587.747,4656.506,4656.506,4560.621,4616.473,4616.473,4616.473,4040.921,4220.72724,-367.01976,,
2013-02-27,4588.383,4576.44,4640.563,4543.894,4576.44,4576.44,4576.44,4040.921,4221.31236,-367.07064,,
