,date,open,close,low,earning,stoploss_point,stoploss,earning_with_stoploss
200, 2015/05/04,2868.099,2845.249,2803.819,-853.181,2581.2891,-286.8099,-286.8099
201, 2015/04/30,2825.159,2857.889,2825.159,-788.021,2542.6431,-282.5159,-282.5159
202, 2015/04/29,2693.479,2797.52,2674.76,-489.741,2424.1311,-269.3479,-269.3479
203, 2015/04/28,2764.409,2687.969,2650.429,-546.291,2487.9681,-276.4409,-276.4409
204, 2015/04/27,2781.6,2747.5,2737.15,-536.042,2503.44,-278.16,-278.16
205, 2015/04/24,2689.909,2734.75,2672.199,-478.9,2420.9181,-268.9909,-268.9909
206, 2015/04/23,2656.179,2706.189,2656.179,-465.271,2390.5611,-265.6179,-265.6179
207, 2015/04/22,2610.74,2634.929,2610.74,-395.402,2349.666,-261.074,-261.074
208, 2015/04/21,2443.12,2566.09,2443.12,-241.192,2198.808,-244.312,-244.312
209, 2015/04/20,2462.41,2424.85,2411.34,-345.572,2216.169,-246.241,-246.241
210, 2015/04/17,2507.47,2463.99,2453.28,-410.481,2256.723,-250.747,-250.747
211, 2015/04/16,2420.93,2484.33,2407.85,-294.291,2178.837,-242.093,-242.093
212, 2015/04/15,2548.99,2441.74,2441.74,-458.481,2294.091,-254.899,-254.899
213, 2015/04/14,2584.59,2558.85,2539.94,-509.301,2326.131,-258.459,-258.459
214, 2015/04/13,2558.19,2577.78,2545.26,-565.501,2302.371,-255.819,-255.819
215, 2015/04/10,2475.55,2552.83,2457.82,-481.491,2227.995,-247.555,-247.555
216, 2015/04/09,2481.69,2496.49,2346.89,-575.232,2233.521,-248.169,-248.169
217, 2015/04/08,2566.94,2488.16,2442.82,-569.482,2310.246,-256.694,-256.694
218, 2015/04/07,2530.07,2556.7,2522.26,-536.022,2277.063,-253.007,-253.007
219, 2015/04/03,2469.85,2510.16,2460.94,-311.031,2222.865,-246.985,-246.985
220, 2015/04/02,2434.76,2475.33,2420.19,-285.171,2191.284,-243.476,-243.476
221, 2015/04/01,2347.0,2404.91,2345.75,-234.601,2112.3,-234.7,-234.7
222, 2015/03/31,2294.32,2335.17,2288.31,-89.671,2064.888,-229.432,-229.432
223, 2015/03/30,2319.31,2290.479,2266.85,-77.611,2087.379,-231.931,-231.931
224, 2015/03/27,2274.68,2323.82,2267.87,-99.751,2047.212,-227.468,-227.468
225, 2015/03/26,2362.45,2291.79,2270.79,-249.551,2126.205,-236.245,-236.245
226, 2015/03/25,2364.94,2385.01,2344.11,-189.931,2128.446,-236.494,-236.494
227, 2015/03/24,2310.51,2357.97,2253.2,-250.731,2079.459,-231.051,-231.051
228, 2015/03/23,2225.85,2293.65,2221.71,-78.321,2003.265,-222.585,-222.585
229, 2015/03/20,2187.469,2213.77,2187.01,-81.11,1968.7221,-218.7469,-218.7469
230, 2015/03/19,2184.759,2183.879,2160.989,64.23,1966.2831,-218.4759,-218.4759
231, 2015/03/18,2138.369,2182.919,2124.979,118.15,1924.5321,-213.8369,-213.8369
232, 2015/03/17,2149.369,2137.459,2117.779,319.0,1934.4321,-214.9369,-214.9369
233, 2015/03/16,2088.199,2142.669,2088.199,328.53,1879.3791,-208.8199,-208.8199
234, 2015/03/13,2020.659,2069.069,2011.169,470.58,1818.5931,-202.0659,-202.0659
235, 2015/03/12,2034.619,2018.129,1984.909,679.43,1831.1571,-203.4619,-203.4619
236, 2015/03/11,2050.759,2035.829,2022.319,728.75,1845.6831,-205.0759,-205.0759
237, 2015/03/10,2001.189,2045.319,2001.189,748.63,1801.0701,-200.1189,-200.1189
238, 2015/03/09,1941.419,1994.389,1932.819,794.07,1747.2771,-194.1419,794.07
239, 2015/03/06,2016.809,1951.399,1949.289,777.92,1815.1281,-201.6809,-201.6809
240, 2015/03/05,2015.699,2014.789,1997.459,780.08,1814.1291,-201.5699,-201.5699
241, 2015/03/04,1960.539,2009.829,1960.539,823.4,1764.4851,-196.0539,823.4
242, 2015/03/03,1987.329,1961.739,1961.009,852.52,1788.5961,-198.7329,-198.7329
243, 2015/03/02,1944.109,1986.989,1940.319,885.81,1749.6981,-194.4109,885.81
244, 2015/02/27,1880.629,1928.039,1880.629,949.63,1692.5661,-188.0629,949.63
245, 2015/02/26,1875.329,1880.389,1847.729,960.37,1687.7961,-187.5329,960.37
246, 2015/02/25,1899.389,1876.749,1872.099,863.72,1709.4501,-189.9389,863.72
247, 2015/02/17,1908.179,1894.309,1873.169,837.52,1717.3611,-190.8179,837.52
248, 2015/02/16,1836.709,1896.629,1836.709,872.55,1653.0381,-183.6709,872.55
249, 2015/02/13,1798.539,1825.489,1796.409,872.75,1618.6851,-179.8539,872.75
250, 2015/02/12,1777.219,1788.809,1776.349,918.29,1599.4971,-177.7219,918.29
251, 2015/02/11,1748.229,1772.849,1748.229,919.68,1573.4061,-174.8229,919.68
252, 2015/02/10,1707.259,1747.679,1700.879,984.4,1536.5331,-170.7259,984.4
253, 2015/02/09,1727.219,1708.849,1702.559,1010.93,1554.4971,-172.7219,1010.93
254, 2015/02/06,1772.349,1730.969,1725.639,919.81,1595.1141,-177.2349,919.81
255, 2015/02/05,1757.229,1774.309,1741.959,950.89,1581.5061,-175.7229,950.89
256, 2015/02/04,1753.769,1757.739,1743.019,859.49,1578.3921,-175.3769,859.49
257, 2015/02/03,1703.929,1750.909,1703.929,951.42,1533.5361,-170.3929,951.42
258, 2015/02/02,1667.119,1696.829,1660.049,1005.46,1500.4071,-166.7119,1005.46
259, 2015/01/30,1712.849,1680.579,1679.689,936.7,1541.5641,-171.2849,936.7
260, 2015/01/29,1717.399,1711.369,1709.359,1115.8,1545.6591,-171.7399,1115.8
261, 2015/01/28,1741.069,1731.409,1727.919,1156.5,1566.9621,-174.1069,1156.5
262, 2015/01/27,1742.469,1743.679,1715.53,1073.58,1568.2221,-174.2469,1073.58
263, 2015/01/26,1698.989,1739.789,1698.989,1071.59,1529.0901,-169.8989,1071.59
264, 2015/01/23,1742.089,1697.289,1693.52,1058.06,1567.8801,-174.2089,1058.06
265, 2015/01/22,1723.239,1744.039,1716.389,1047.51,1550.9151,-172.3239,1047.51
266, 2015/01/21,1704.099,1722.579,1701.869,957.07,1533.6891,-170.4099,957.07
267, 2015/01/20,1635.569,1700.849,1635.569,1081.48,1472.0121,-163.5569,1081.48
268, 2015/01/19,1608.249,1630.059,1599.659,1188.91,1447.4241,-160.8249,1188.91
269, 2015/01/16,1586.709,1639.559,1586.639,1123.45,1428.0381,-158.6709,1123.45
270, 2015/01/15,1584.679,1586.339,1578.219,1198.62,1426.2111,-158.4679,1198.62
271, 2015/01/14,1598.719,1588.009,1579.549,1205.96,1438.8471,-159.8719,1205.96
272, 2015/01/13,1587.689,1601.169,1578.399,1158.92,1428.9201,-158.7689,1158.92
273, 2015/01/12,1552.049,1586.119,1550.619,1172.57,1396.8441,-155.2049,1172.57
274, 2015/01/09,1535.329,1553.239,1534.609,1126.08,1381.7961,-153.5329,1126.08
275, 2015/01/08,1516.829,1541.889,1516.829,1047.89,1365.1461,-151.6829,1047.89
276, 2015/01/07,1542.399,1523.389,1517.369,1041.92,1388.1591,-154.2399,1041.92
277, 2015/01/06,1458.569,1539.829,1454.139,970.7,1312.7121,-145.8569,970.7
278, 2015/01/05,1470.579,1464.769,1429.079,961.46,1323.5211,-147.0579,961.46
279, 2014/12/31,1455.679,1471.759,1451.289,1022.6,1310.1111,-145.5679,1022.6
280, 2014/12/30,1491.099,1460.109,1450.049,994.18,1341.9891,-149.1099,994.18
281, 2014/12/29,1531.12,1499.4,1491.209,954.119,1378.008,-153.112,954.119
282, 2014/12/26,1531.199,1536.079,1524.01,1032.76,1378.0791,-153.1199,1032.76
283, 2014/12/25,1522.0,1529.469,1514.229,1005.479,1369.8,-152.2,1005.479
284, 2014/12/24,1502.67,1519.8,1501.23,1035.709,1352.403,-150.267,1035.709
285, 2014/12/23,1501.53,1496.53,1489.12,956.609,1351.377,-150.153,956.609
286, 2014/12/22,1583.96,1517.93,1510.05,760.779,1425.564,-158.396,760.779
287, 2014/12/19,1627.8,1596.81,1568.98,883.359,1465.02,-162.78,-162.78
288, 2014/12/18,1641.58,1634.05,1633.26,792.019,1477.422,-164.158,-164.158
289, 2014/12/17,1639.15,1644.21,1623.7,809.879,1475.235,-163.915,-163.915
290, 2014/12/16,1665.3,1649.58,1636.18,739.229,1498.77,-166.53,-166.53
291, 2014/12/15,1623.599,1657.5,1619.699,681.4,1461.2391,-162.3599,-162.3599
292, 2014/12/12,1588.24,1623.569,1586.75,753.799,1429.416,-158.824,-158.824
293, 2014/12/11,1572.609,1587.67,1563.319,744.17,1415.3481,-157.2609,744.17
294, 2014/12/10,1499.329,1572.689,1499.329,717.33,1349.3961,-149.9329,717.33
295, 2014/12/09,1557.02,1504.62,1504.229,633.289,1401.318,-155.702,633.289
296, 2014/12/08,1575.3,1567.16,1554.79,507.369,1417.77,-157.53,507.369
297, 2014/12/05,1626.12,1581.91,1544.469,472.449,1463.508,-162.612,-162.612
298, 2014/12/04,1604.89,1621.849,1604.89,517.369,1444.401,-160.489,-160.489
299, 2014/12/03,1568.47,1604.45,1540.42,452.499,1411.623,-156.847,452.499
300, 2014/12/02,1554.46,1565.42,1552.13,552.129,1399.014,-155.446,552.129
301, 2014/12/01,1569.65,1552.31,1544.18,508.339,1412.685,-156.965,508.339
302, 2014/11/28,1562.829,1570.849,1558.309,515.89,1406.5461,-156.2829,515.89
303, 2014/11/27,1557.769,1563.409,1548.289,521.29,1401.9921,-155.7769,521.29
304, 2014/11/26,1544.689,1554.219,1544.099,438.61,1390.2201,-154.4689,438.61
305, 2014/11/25,1510.619,1541.919,1510.249,422.68,1359.5571,-151.0619,422.68
306, 2014/11/24,1513.429,1507.809,1497.849,412.82,1362.0861,-151.3429,412.82
307, 2014/11/21,1493.159,1504.829,1493.159,304.399,1343.8431,-149.3159,304.399
308, 2014/11/20,1504.579,1494.589,1491.649,401.629,1354.1211,-150.4579,401.629
309, 2014/11/19,1488.459,1505.549,1488.459,572.04,1339.6131,-148.8459,572.04
310, 2014/11/18,1471.079,1481.859,1470.509,568.04,1323.9711,-147.1079,568.04
311, 2014/11/17,1444.059,1471.689,1437.989,627.66,1299.6531,-144.4059,627.66
312, 2014/11/14,1438.969,1441.209,1435.499,562.189,1295.0721,-143.8969,562.189
313, 2014/11/13,1473.739,1442.859,1434.269,419.779,1326.3651,-147.3739,419.779
314, 2014/11/12,1457.239,1475.749,1455.089,397.789,1311.5151,-145.7239,397.789
315, 2014/11/11,1513.529,1461.509,1452.029,375.96,1362.1761,-151.3529,375.96
316, 2014/11/10,1525.199,1514.819,1506.799,471.67,1372.6791,-152.5199,471.67
317, 2014/11/07,1535.489,1522.629,1517.289,546.63,1381.9401,-153.5489,546.63
318, 2014/11/06,1513.719,1532.519,1510.779,445.77,1362.3471,-151.3719,445.77
319, 2014/11/05,1514.769,1512.489,1505.979,375.27,1363.2921,-151.4769,375.27
320, 2014/11/04,1531.819,1516.399,1514.469,458.89,1378.6371,-153.1819,458.89
321, 2014/11/03,1513.249,1529.889,1513.199,639.36,1361.9241,-151.3249,639.36
322, 2014/10/31,1527.609,1513.269,1502.249,814.339,1374.8481,-152.7609,814.339
323, 2014/10/30,1532.909,1525.769,1522.639,975.909,1379.6181,-153.2909,975.909
324, 2014/10/29,1525.979,1530.079,1524.079,1044.709,1373.3811,-152.5979,1044.709
325, 2014/10/28,1495.689,1522.049,1495.689,1008.479,1346.1201,-149.5689,1008.479
326, 2014/10/27,1473.659,1492.009,1465.959,1192.629,1326.2931,-147.3659,1192.629
327, 2014/10/24,1478.339,1477.589,1473.059,1195.679,1330.5051,-147.8339,1195.679
328, 2014/10/23,1500.549,1477.839,1474.039,1183.709,1350.4941,-150.0549,1183.709
329, 2014/10/22,1518.799,1504.549,1503.819,1103.389,1366.9191,-151.8799,1103.389
330, 2014/10/21,1535.069,1517.479,1515.929,1163.839,1381.5621,-153.5069,1163.839
331, 2014/10/20,1513.42,1532.38,1513.42,1193.298,1362.078,-151.342,1193.298
332, 2014/10/17,1527.46,1511.05,1488.47,1049.528,1374.714,-152.746,1049.528
333, 2014/10/16,1539.86,1526.56,1526.54,941.068,1385.874,-153.986,941.068
334, 2014/10/15,1539.35,1545.62,1527.19,962.688,1385.415,-153.935,962.688
335, 2014/10/14,1546.67,1539.12,1532.44,999.488,1392.003,-154.667,999.488
336, 2014/10/13,1548.18,1548.33,1527.7,851.088,1393.362,-154.818,851.088
337, 2014/10/10,1559.93,1554.22,1546.22,979.908,1403.937,-155.993,979.908
338, 2014/10/09,1562.1,1561.17,1541.67,999.088,1405.89,-156.21,999.088
339, 2014/10/08,1543.59,1557.57,1537.01,1150.278,1389.231,-154.359,1150.278
340, 2014/09/30,1527.26,1540.87,1527.26,1054.698,1374.534,-152.726,1054.698
341, 2014/09/29,1515.38,1526.18,1515.38,1168.068,1363.842,-151.538,1168.068
342, 2014/09/26,1506.31,1511.36,1502.5,1391.508,1355.679,-150.631,1391.508
343, 2014/09/25,1520.1,1508.42,1505.65,1447.848,1368.09,-152.01,1447.848
344, 2014/09/24,1501.04,1517.42,1497.89,1396.328,1350.936,-150.104,1396.328
345, 2014/09/23,1485.51,1500.99,1483.04,1397.388,1336.959,-148.551,1397.388
346, 2014/09/22,1496.96,1483.35,1480.18,1351.338,1347.264,-149.696,1351.338
347, 2014/09/19,1492.1,1499.12,1486.28,1291.218,1342.89,-149.21,1291.218
348, 2014/09/18,1477.31,1490.79,1474.65,1149.768,1329.579,-147.731,1149.768
349, 2014/09/17,1473.52,1479.12,1456.5,1116.508,1326.168,-147.352,1116.508
350, 2014/09/16,1527.07,1473.13,1471.61,1198.978,1374.363,-152.707,1198.978
351, 2014/09/15,1522.57,1526.14,1517.3,1160.498,1370.313,-152.257,1160.498
352, 2014/09/12,1512.4,1524.12,1506.88,1023.488,1361.16,-151.24,1023.488
353, 2014/09/11,1506.0,1513.01,1502.39,929.758,1355.4,-150.6,929.758
354, 2014/09/10,1491.41,1504.91,1484.71,872.638,1342.269,-149.141,872.638
355, 2014/09/09,1492.45,1494.02,1479.06,859.558,1343.205,-149.245,859.558
356, 2014/09/05,1497.99,1489.84,1482.04,995.838,1348.191,-149.799,995.838
357, 2014/09/04,1478.33,1495.51,1472.89,1126.949,1330.497,-147.833,1126.949
358, 2014/09/03,1468.09,1477.67,1461.23,1181.229,1321.281,-146.809,1181.229
359, 2014/09/02,1457.51,1465.03,1452.71,1301.898,1311.759,-145.751,1301.898
360, 2014/09/01,1428.37,1452.84,1427.93,1430.238,1285.533,-142.837,1430.238
361, 2014/08/29,1400.84,1424.47,1400.83,1288.918,1260.756,-140.084,1288.918
362, 2014/08/28,1423.34,1403.8,1398.56,1497.358,1281.006,-142.334,1497.358
363, 2014/08/27,1411.76,1420.54,1411.76,1794.618,1270.584,-141.176,1794.618
364, 2014/08/26,1440.7,1411.15,1406.34,1942.698,1296.63,-144.07,1942.698
365, 2014/08/25,1461.21,1443.81,1439.86,1932.728,1315.089,-146.121,1932.728
366, 2014/08/22,1450.1,1461.72,1446.04,1864.878,1305.09,-145.01,1864.878
367, 2014/08/21,1428.63,1447.88,1421.24,2075.918,1285.767,-142.863,2075.918
368, 2014/08/20,1438.29,1427.4,1421.92,2303.068,1294.461,-143.829,2303.068
369, 2014/08/19,1436.42,1436.4,1427.06,2154.248,1292.778,-143.642,2154.248
370, 2014/08/18,1394.64,1428.74,1394.64,2301.389,1255.176,-139.464,2301.389
371, 2014/08/15,1382.87,1392.45,1377.93,2516.839,1244.583,-138.287,2516.839
372, 2014/08/14,1384.72,1380.3,1378.95,2477.419,1246.248,-138.472,2477.419
373, 2014/08/13,1396.26,1384.31,1370.08,2438.439,1256.634,-139.626,2438.439
374, 2014/08/12,1398.15,1396.44,1393.11,2307.389,1258.335,-139.815,2307.389
375, 2014/08/11,1379.47,1397.78,1379.47,2325.079,1241.523,-137.947,2325.079
376, 2014/08/08,1368.06,1377.44,1368.06,2517.769,1231.254,-136.806,2517.769
377, 2014/08/07,1365.18,1362.03,1361.33,2578.289,1228.662,-136.518,2578.289
378, 2014/08/06,1357.53,1365.74,1353.95,2624.719,1221.777,-135.753,2624.719
379, 2014/08/05,1330.32,1360.69,1321.2,2571.219,1197.288,-133.032,2571.219
380, 2014/08/04,1325.01,1329.82,1324.26,2393.739,1192.509,-132.501,2393.739
381, 2014/08/01,1339.98,1325.94,1324.19,2202.859,1205.982,-133.998,2202.859
382, 2014/07/31,1342.73,1344.54,1334.26,2090.249,1208.457,-134.273,2090.249
383, 2014/07/30,1330.19,1342.74,1329.07,2298.479,1197.171,-133.019,2298.479
384, 2014/07/29,1315.75,1331.76,1310.84,2302.479,1184.175,-131.575,2302.479
385, 2014/07/28,1289.1,1314.53,1286.66,2178.819,1160.19,-128.91,2178.819
386, 2014/07/25,1271.43,1285.77,1270.37,2245.199,1144.287,-127.143,2245.199
387, 2014/07/24,1291.49,1271.88,1255.69,2235.919,1162.341,-129.149,2235.919
388, 2014/07/23,1330.14,1293.09,1287.64,2076.139,1197.126,-133.014,2076.139
389, 2014/07/22,1306.32,1329.35,1305.03,2016.449,1175.688,-130.632,2016.449
390, 2014/07/21,1304.72,1306.97,1287.24,1973.759,1174.248,-130.472,1973.759
391, 2014/07/18,1309.96,1305.92,1300.76,1835.379,1178.964,-130.996,1835.379
392, 2014/07/17,1315.09,1312.81,1304.58,1826.499,1183.581,-131.509,1826.499
393, 2014/07/16,1338.92,1318.62,1310.86,1853.229,1205.028,-133.892,1853.229
394, 2014/07/15,1364.08,1341.27,1332.87,1886.219,1227.672,-136.408,1886.219
395, 2014/07/14,1358.17,1367.07,1342.56,1788.659,1222.353,-135.817,1788.659
396, 2014/07/11,1361.57,1359.34,1351.77,1612.029,1225.413,-136.157,1612.029
397, 2014/07/10,1384.45,1363.88,1362.35,1421.599,1246.005,-138.445,1421.599
398, 2014/07/09,1410.39,1384.58,1384.26,1436.169,1269.351,-141.039,-141.039
399, 2014/07/08,1392.35,1410.73,1379.49,1391.089,1253.115,-139.235,1391.089
400, 2014/07/07,1411.99,1393.89,1381.94,1433.259,1270.791,-141.199,-141.199
401, 2014/07/04,1421.68,1411.64,1406.21,1436.209,1279.512,-142.168,-142.168
402, 2014/07/03,1419.81,1422.6,1412.16,1377.71,1277.829,-141.981,-141.981
403, 2014/07/02,1413.17,1419.94,1402.22,1274.799,1271.853,-141.317,-141.317
404, 2014/07/01,1405.44,1411.74,1398.15,1342.06,1264.896,-140.544,-140.544
405, 2014/06/30,1388.47,1404.71,1374.3,1346.28,1249.623,-138.847,1346.28
406, 2014/06/27,1388.38,1388.82,1382.07,1317.809,1249.542,-138.838,1317.809
407, 2014/06/26,1360.2,1386.27,1360.2,1274.729,1224.18,-136.02,1274.729
408, 2014/06/25,1368.66,1358.71,1347.82,1197.43,1231.794,-136.866,1197.43
409, 2014/06/24,1360.08,1369.44,1359.13,1064.77,1224.072,-136.008,1064.77
410, 2014/06/23,1335.18,1361.28,1335.18,1128.81,1201.662,-133.518,1128.81
411, 2014/06/20,1319.11,1333.98,1313.14,1165.22,1187.199,-131.911,1165.22
412, 2014/06/19,1363.45,1320.66,1310.49,1078.29,1227.105,-136.345,1078.29
413, 2014/06/18,1377.58,1363.99,1363.75,1181.27,1239.822,-137.758,1181.27
414, 2014/06/17,1396.38,1377.43,1377.4,1181.4,1256.742,-139.638,-139.638
415, 2014/06/16,1384.16,1395.61,1384.16,1168.67,1245.744,-138.416,1168.67
416, 2014/06/13,1361.09,1382.73,1359.65,1135.4,1224.981,-136.109,1135.4
417, 2014/06/12,1364.41,1363.74,1358.08,1123.75,1227.969,-136.441,1123.75
418, 2014/06/11,1350.38,1367.39,1348.4,1206.32,1215.342,-135.038,1206.32
419, 2014/06/10,1327.11,1353.87,1316.84,1183.05,1194.399,-132.711,1183.05
420, 2014/06/09,1348.769,1326.679,1326.629,1126.561,1213.8921,-134.8769,1126.561
421, 2014/06/06,1354.909,1350.449,1340.829,1050.001,1219.4181,-135.4909,1050.001
422, 2014/06/05,1320.139,1355.479,1317.529,1015.031,1188.1251,-132.0139,1015.031
423, 2014/06/04,1318.329,1321.719,1303.359,972.15,1186.4961,-131.8329,972.15
424, 2014/06/03,1317.989,1319.629,1317.989,1005.831,1186.1901,-131.7989,1005.831
425, 2014/05/30,1312.299,1318.129,1300.089,979.491,1181.0691,-131.2299,979.491
426, 2014/05/29,1338.299,1314.209,1312.419,1046.711,1204.4691,-133.8299,1046.711
427, 2014/05/28,1306.289,1338.969,1306.289,1051.681,1175.6601,-130.6289,1051.681
428, 2014/05/27,1319.659,1306.279,1303.149,973.991,1187.6931,-131.9659,973.991
429, 2014/05/26,1301.869,1320.759,1301.869,911.901,1171.6821,-130.1869,911.901
430, 2014/05/23,1269.179,1295.999,1262.099,914.7,1142.2611,-126.9179,914.7
431, 2014/05/22,1259.869,1269.509,1259.869,923.05,1133.8821,-125.9869,923.05
432, 2014/05/21,1241.019,1257.799,1231.869,896.44,1116.9171,-124.1019,896.44
433, 2014/05/20,1239.649,1244.649,1239.649,903.02,1115.6841,-123.9649,903.02
434, 2014/05/19,1224.649,1228.369,1213.989,844.42,1102.1841,-122.4649,844.42
435, 2014/05/16,1250.379,1226.469,1210.809,767.75,1125.3411,-125.0379,767.75
436, 2014/05/15,1276.639,1253.879,1253.619,759.19,1148.9751,-127.6639,759.19
437, 2014/05/14,1273.209,1278.659,1269.24,772.11,1145.8881,-127.3209,772.11
438, 2014/05/13,1274.569,1276.24,1273.329,719.82,1147.1121,-127.4569,719.82
439, 2014/05/12,1263.919,1278.279,1250.939,687.48,1137.5271,-126.3919,687.48
440, 2014/05/09,1279.679,1258.579,1249.559,735.11,1151.7111,-127.9679,735.11
441, 2014/05/08,1284.439,1279.839,1279.289,725.39,1155.9951,-128.4439,725.39
442, 2014/05/07,1313.379,1290.029,1289.559,648.36,1182.0411,-131.3379,648.36
443, 2014/05/06,1301.589,1316.859,1301.589,685.4,1171.4301,-130.1589,685.4
444, 2014/05/05,1281.159,1302.149,1279.309,646.88,1153.0431,-128.1159,646.88
445, 2014/04/30,1266.339,1283.209,1266.339,614.05,1139.7051,-126.6339,614.05
446, 2014/04/29,1253.239,1266.539,1248.319,623.51,1127.9151,-125.3239,623.51
447, 2014/04/28,1283.639,1257.259,1256.119,610.67,1155.2751,-128.3639,610.67
448, 2014/04/25,1316.369,1291.899,1290.359,580.26,1184.7321,-131.6369,580.26
449, 2014/04/24,1325.859,1319.509,1303.229,499.63,1193.2731,-132.5859,499.63
450, 2014/04/23,1332.929,1326.439,1318.239,455.88,1199.6361,-133.2929,455.88
451, 2014/04/22,1361.579,1336.189,1317.099,411.27,1225.4211,-136.1579,-136.1579
452, 2014/04/21,1367.929,1363.849,1363.009,379.75,1231.1361,-136.7929,-136.7929
453, 2014/04/18,1365.359,1377.419,1362.609,343.49,1228.8231,-136.5359,-136.5359
454, 2014/04/17,1360.749,1367.589,1360.749,370.22,1224.6741,-136.0749,-136.0749
455, 2014/04/16,1365.829,1359.299,1353.779,408.48,1229.2461,-136.5829,-136.5829
456, 2014/04/15,1375.689,1369.889,1367.229,382.05,1238.1201,-137.5689,-137.5689
457, 2014/04/14,1367.75,1372.729,1367.75,383.159,1230.975,-136.775,-136.775
458, 2014/04/11,1370.4,1363.9,1352.13,326.429,1233.36,-137.04,-137.04
459, 2014/04/10,1374.609,1381.14,1374.609,305.97,1237.1481,-137.4609,-137.4609
460, 2014/04/09,1355.37,1370.459,1355.37,355.999,1219.833,-135.537,-135.537
461, 2014/04/08,1335.39,1351.18,1327.8,396.019,1201.851,-133.539,396.019
462, 2014/04/04,1323.41,1346.74,1316.95,420.269,1191.069,-132.341,420.269
463, 2014/04/03,1326.81,1326.18,1318.82,412.979,1194.129,-132.681,412.979
464, 2014/04/02,1356.68,1327.98,1316.9,340.609,1221.012,-135.668,-135.668
465, 2014/04/01,1327.18,1355.05,1326.25,416.859,1194.462,-132.718,416.859
466, 2014/03/31,1327.23,1327.8,1315.49,395.349,1194.507,-132.723,395.349
467, 2014/03/28,1363.87,1330.5,1317.41,336.979,1227.483,-136.387,-136.387
468, 2014/03/27,1415.55,1367.96,1367.96,214.509,1273.995,-141.555,-141.555
469, 2014/03/26,1396.91,1417.61,1396.91,242.649,1257.219,-139.691,-139.691
470, 2014/03/25,1392.14,1394.82,1385.0,194.199,1252.926,-139.214,-139.214
471, 2014/03/24,1411.78,1397.29,1392.51,176.229,1270.602,-141.178,-141.178
472, 2014/03/21,1405.9,1419.84,1379.74,195.269,1265.31,-140.59,-140.59
473, 2014/03/20,1463.07,1417.66,1417.17,123.049,1316.763,-146.307,-146.307
474, 2014/03/19,1481.49,1466.22,1456.9,71.749,1333.341,-148.149,-148.149
475, 2014/03/18,1479.38,1485.64,1478.72,62.509,1331.442,-147.938,-147.938
476, 2014/03/17,1436.11,1477.42,1435.32,87.279,1292.499,-143.611,-143.611
477, 2014/03/14,1433.46,1434.02,1424.01,106.369,1290.114,-143.346,-143.346
478, 2014/03/13,1401.55,1436.86,1401.43,63.219,1261.395,-140.155,-140.155
479, 2014/03/12,1390.86,1399.27,1378.89,80.899,1251.774,-139.086,-139.086
480, 2014/03/11,1399.9,1395.81,1380.97,60.209,1259.91,-139.99,-139.99
481, 2014/03/10,1446.06,1407.07,1404.59,53.34,1301.454,-144.606,-144.606
482, 2014/03/07,1463.93,1460.61,1453.63,72.149,1317.537,-146.393,-146.393
483, 2014/03/06,1461.12,1462.53,1427.0,68.349,1315.008,-146.112,-146.112
484, 2014/03/05,1467.06,1464.58,1454.94,52.74,1320.354,-146.706,-146.706
485, 2014/03/04,1462.26,1460.45,1446.27,34.27,1316.034,-146.226,-146.226
486, 2014/03/03,1433.9,1465.14,1431.14,84.03,1290.51,-143.39,-143.39
487, 2014/02/28,1410.4,1434.89,1393.0,186.41,1269.36,-141.04,-141.04
488, 2014/02/27,1467.27,1414.66,1410.97,166.78,1320.543,-146.727,-146.727
489, 2014/02/26,1452.06,1465.99,1415.25,192.15,1306.854,-145.206,-145.206
490, 2014/02/25,1543.97,1472.69,1460.41,105.61,1389.573,-154.397,-154.397
491, 2014/02/24,1517.97,1540.03,1510.46,139.53,1366.173,-151.797,-151.797
492, 2014/02/21,1512.17,1519.67,1503.81,111.399,1360.953,-151.217,-151.217
493, 2014/02/20,1545.26,1515.16,1504.17,42.41,1390.734,-154.526,-154.526
494, 2014/02/19,1544.64,1544.4,1524.39,28.049,1390.176,-154.464,-154.464
495, 2014/02/18,1558.74,1545.339,1539.209,-54.12,1402.866,-155.874,-155.874
496, 2014/02/17,1521.17,1558.62,1521.17,45.99,1369.053,-152.117,-152.117
497, 2014/02/14,1484.56,1515.78,1475.95,97.35,1336.104,-148.456,-148.456
498, 2014/02/13,1537.26,1485.13,1484.42,84.589,1383.534,-153.726,-153.726
499, 2014/02/12,1527.099,1539.969,1513.91,77.351,1374.3891,-152.7099,-152.7099
500, 2014/02/11,1550.62,1527.15,1506.04,14.8,1395.558,-155.062,-155.062
501, 2014/02/10,1536.99,1553.42,1525.939,15.32,1383.291,-153.699,-153.699
502, 2014/02/07,1489.049,1532.689,1483.689,81.8,1340.1441,-148.9049,-148.9049
503, 2014/01/30,1494.12,1495.979,1486.819,69.289,1344.708,-149.412,-149.412
504, 2014/01/29,1472.54,1496.53,1469.58,81.679,1325.286,-147.254,-147.254
505, 2014/01/28,1476.59,1471.34,1448.47,65.329,1328.931,-147.659,-147.659
506, 2014/01/27,1477.46,1477.67,1465.14,30.349,1329.714,-147.746,-147.746
507, 2014/01/24,1458.21,1484.43,1455.95,46.619,1312.389,-145.821,-145.821
508, 2014/01/23,1433.7,1461.53,1433.17,60.889,1290.33,-143.37,-143.37
509, 2014/01/22,1407.46,1431.74,1407.46,98.089,1266.714,-140.746,-140.746
510, 2014/01/21,1370.69,1407.15,1370.69,111.169,1233.621,-137.069,-137.069
511, 2014/01/20,1393.88,1372.74,1362.45,77.809,1254.492,-139.388,-139.388
512, 2014/01/17,1395.03,1395.51,1391.62,46.179,1255.527,-139.503,-139.503
513, 2014/01/16,1415.57,1395.16,1392.01,27.289,1274.013,-141.557,-141.557
514, 2014/01/15,1399.67,1415.32,1397.95,76.079,1259.703,-139.967,-139.967
515, 2014/01/14,1364.8,1400.92,1364.8,96.709,1228.32,-136.48,-136.48
516, 2014/01/13,1352.01,1362.79,1349.25,162.809,1216.809,-135.201,-135.201
517, 2014/01/10,1373.52,1353.3,1347.61,149.109,1236.168,-137.352,-137.352
518, 2014/01/09,1401.8,1380.24,1379.65,130.719,1261.62,-140.18,-140.18
519, 2014/01/08,1363.31,1405.02,1363.31,149.179,1226.979,-136.331,-136.331
520, 2014/01/07,1315.44,1352.28,1312.27,200.959,1183.896,-131.544,200.959
521, 2014/01/06,1350.31,1323.33,1322.72,179.579,1215.279,-135.031,-135.031
522, 2014/01/03,1332.35,1352.84,1331.97,180.919,1199.115,-133.235,180.919
523, 2014/01/02,1302.3,1333.0,1299.34,223.469,1172.07,-130.23,223.469
524, 2013/12/31,1302.67,1304.44,1288.94,227.409,1172.403,-130.267,227.409
525, 2013/12/30,1294.42,1307.99,1292.83,227.629,1164.978,-129.442,227.629
526, 2013/12/27,1265.08,1294.3,1265.08,226.929,1138.572,-126.508,226.929
527, 2013/12/26,1290.87,1269.54,1268.14,186.719,1161.783,-129.087,186.719
528, 2013/12/25,1262.0,1288.34,1258.41,215.839,1135.8,-126.2,215.839
529, 2013/12/24,1242.0,1258.82,1241.91,262.549,1117.8,-124.2,262.549
530, 2013/12/23,1251.41,1242.81,1224.99,266.069,1126.269,-125.141,266.069
531, 2013/12/20,1255.82,1253.71,1246.39,276.56,1130.238,-125.582,276.56
532, 2013/12/19,1253.43,1256.08,1253.43,257.62,1128.087,-125.343,257.62
533, 2013/12/18,1267.77,1256.0,1245.96,258.79,1140.993,-126.777,258.79
534, 2013/12/17,1278.53,1267.67,1248.82,267.09,1150.677,-127.853,267.09
535, 2013/12/16,1279.06,1279.96,1266.94,260.06,1151.154,-127.906,260.06
536, 2013/12/13,1274.17,1278.14,1268.65,274.16,1146.753,-127.417,274.16
537, 2013/12/12,1242.15,1279.32,1238.95,312.07,1117.935,-124.215,312.07
538, 2013/12/11,1230.78,1244.51,1226.58,330.39,1107.702,-123.078,330.39
539, 2013/12/10,1244.57,1231.92,1227.06,313.0,1120.113,-124.457,313.0
540, 2013/12/09,1211.39,1241.72,1211.39,329.48,1090.251,-121.139,329.48
541, 2013/12/06,1196.32,1206.78,1194.75,329.86,1076.688,-119.632,329.86
542, 2013/12/05,1234.5,1202.07,1200.46,276.86,1111.05,-123.45,276.86
543, 2013/12/04,1249.59,1240.29,1240.08,258.83,1124.631,-124.959,258.83
544, 2013/12/03,1223.38,1255.33,1198.06,294.04,1101.042,-122.338,294.04
545, 2013/12/02,1296.7,1253.93,1253.34,204.29,1167.03,-129.67,204.29
546, 2013/11/29,1335.63,1366.83,1335.63,147.72,1202.067,-133.563,-133.563
547, 2013/11/28,1333.05,1336.66,1331.45,166.07,1199.745,-133.305,-133.305
548, 2013/11/27,1290.19,1329.48,1288.58,200.6,1161.171,-129.019,200.6
549, 2013/11/26,1291.62,1291.85,1280.01,187.5,1162.458,-129.162,187.5
550, 2013/11/25,1290.84,1293.8,1283.66,182.29,1161.756,-129.084,182.29
551, 2013/11/22,1298.47,1295.07,1283.88,227.67,1168.623,-129.847,227.67
552, 2013/11/21,1295.93,1298.95,1288.21,228.19,1166.337,-129.593,228.19
553, 2013/11/20,1299.68,1299.26,1283.66,213.33,1169.712,-129.968,213.33
554, 2013/11/19,1293.06,1298.17,1289.91,211.85,1163.754,-129.306,211.85
555, 2013/11/18,1275.55,1291.15,1275.55,218.47,1147.995,-127.555,218.47
556, 2013/11/15,1248.26,1269.05,1248.07,241.58,1123.434,-124.826,241.58
557, 2013/11/14,1207.45,1249.67,1200.71,288.06,1086.705,-120.745,288.06
558, 2013/11/13,1226.53,1212.08,1210.66,251.14,1103.877,-122.653,251.14
559, 2013/11/12,1213.31,1228.35,1209.54,251.72,1091.979,-121.331,251.72
560, 2013/11/11,1208.26,1212.69,1191.18,244.58,1087.434,-120.826,244.58
561, 2013/11/08,1215.68,1211.11,1204.52,208.79,1094.112,-121.568,208.79
562, 2013/11/07,1234.24,1224.05,1219.31,169.56,1110.816,-123.424,169.56
563, 2013/11/06,1255.47,1241.79,1241.76,165.07,1129.923,-125.547,165.07
564, 2013/11/05,1217.64,1260.03,1208.35,193.51,1095.876,-121.764,193.51
565, 2013/11/04,1217.28,1222.46,1216.85,226.53,1095.552,-121.728,226.53
566, 2013/11/01,1227.69,1221.96,1198.81,234.03,1104.921,-122.769,234.03
567, 2013/10/31,1266.56,1235.56,1232.4,181.32,1139.904,-126.656,181.32
568, 2013/10/30,1256.24,1273.29,1251.01,171.16,1130.616,-125.624,171.16
569, 2013/10/29,1276.27,1261.68,1205.0,160.13,1148.643,-127.627,160.13
570, 2013/10/28,1264.14,1279.05,1262.34,164.6,1137.726,-126.414,164.6
571, 2013/10/25,1298.72,1269.17,1255.59,93.73,1168.848,-129.872,93.73
572, 2013/10/24,1307.11,1295.93,1287.88,73.19,1176.399,-130.711,73.19
573, 2013/10/23,1336.23,1311.23,1293.82,48.08,1202.607,-133.623,-133.623
574, 2013/10/22,1401.47,1350.47,1348.69,-5.03,1261.323,-140.147,-140.147
575, 2013/10/21,1358.88,1400.97,1358.88,38.9,1222.992,-135.888,-135.888
576, 2013/10/18,1327.1,1349.94,1327.1,50.34,1194.39,-132.71,-132.71
577, 2013/10/17,1339.31,1322.99,1317.75,22.72,1205.379,-133.931,-133.931
578, 2013/10/16,1393.01,1335.1,1323.87,-27.27,1253.709,-139.301,-139.301
579, 2013/10/15,1397.21,1389.75,1378.81,-36.52,1257.489,-139.721,-139.721
580, 2013/10/14,1374.47,1393.6,1370.72,-44.65,1237.023,-137.447,-137.447
581, 2013/10/11,1377.98,1379.9,1357.49,-52.04,1240.182,-137.798,-137.798
582, 2013/10/10,1422.36,1378.15,1377.32,-77.82,1280.124,-142.236,-142.236
583, 2013/10/09,1385.96,1415.83,1382.1,-43.22,1247.364,-138.596,-138.596
584, 2013/10/08,1376.37,1387.66,1363.9,-44.61,1238.733,-137.637,-137.637
585, 2013/09/30,1329.56,1367.91,1329.56,-15.03,1196.604,-132.956,-132.956
586, 2013/09/27,1305.51,1323.76,1301.48,-19.74,1174.959,-130.551,-19.74
587, 2013/09/26,1318.52,1306.34,1301.14,-46.64,1186.668,-131.852,-46.64
588, 2013/09/25,1324.19,1323.04,1320.11,-31.1,1191.771,-132.419,-132.419
589, 2013/09/24,1325.89,1328.4,1310.33,3.46,1193.301,-132.589,-132.589
590, 2013/09/23,1292.76,1326.09,1291.33,14.21,1163.484,-129.276,14.21
591, 2013/09/18,1268.34,1289.64,1262.33,37.58,1141.506,-126.834,37.58
592, 2013/09/17,1279.26,1269.36,1267.71,33.55,1151.334,-127.926,33.55
593, 2013/09/16,1254.47,1278.8,1254.47,64.15,1129.023,-125.447,64.15
594, 2013/09/13,1221.15,1253.45,1210.4,120.12,1099.035,-122.115,120.12
595, 2013/09/12,1215.69,1220.63,1211.6,151.38,1094.121,-121.569,151.38
596, 2013/09/11,1256.66,1220.71,1216.37,102.68,1130.994,-125.666,102.68
597, 2013/09/10,1277.87,1263.59,1254.01,86.01,1150.083,-127.787,86.01
598, 2013/09/09,1282.65,1275.91,1258.13,101.93,1154.385,-128.265,101.93
599, 2013/09/06,1267.84,1282.75,1261.58,142.89,1141.056,-126.784,142.89
600, 2013/09/05,1233.82,1267.26,1233.26,160.07,1110.438,-123.382,160.07
601, 2013/09/04,1233.5,1236.35,1227.32,178.14,1110.15,-123.35,178.14
602, 2013/09/03,1217.77,1234.59,1214.3,204.83,1095.993,-121.777,204.83
603, 2013/09/02,1179.32,1210.19,1178.01,240.62,1061.388,-117.932,240.62
604, 2013/08/30,1221.87,1185.15,1181.89,189.87,1099.683,-122.187,189.87
605, 2013/08/29,1224.61,1226.3,1217.521,180.1,1102.149,-122.461,180.1
606, 2013/08/28,1244.01,1228.0,1228.0,144.81,1119.609,-124.401,144.81
607, 2013/08/27,1238.271,1250.75,1226.38,147.999,1114.4439,-123.8271,147.999
608, 2013/08/26,1220.981,1238.171,1220.581,137.729,1098.8829,-122.0981,137.729
609, 2013/08/23,1200.681,1219.831,1188.821,168.759,1080.6129,-120.0681,168.759
610, 2013/08/22,1180.191,1197.13,1178.411,181.089,1062.1719,-118.0191,181.089
611, 2013/08/21,1173.611,1181.341,1169.491,160.369,1056.2499,-117.3611,160.369
612, 2013/08/20,1170.991,1175.781,1164.381,149.669,1053.8919,-117.0991,149.669
613, 2013/08/19,1126.641,1171.401,1125.591,237.349,1013.9769,-112.6641,237.349
614, 2013/08/16,1158.961,1132.091,1131.441,218.469,1043.0649,-115.8961,218.469
615, 2013/08/15,1177.851,1167.091,1165.771,217.759,1060.0659,-117.7851,217.759
616, 2013/08/14,1175.631,1180.661,1160.021,207.099,1058.0679,-117.5631,207.099
617, 2013/08/13,1161.491,1172.331,1151.681,202.249,1045.3419,-116.1491,202.249
618, 2013/08/12,1174.091,1161.871,1146.021,193.299,1056.6819,-117.4091,193.299
619, 2013/08/09,1185.641,1172.521,1153.451,168.229,1067.0769,-118.5641,168.229
620, 2013/08/08,1172.091,1185.961,1165.321,154.588,1054.8819,-117.2091,154.588
621, 2013/08/07,1208.501,1175.701,1173.261,141.948,1087.6509,-120.8501,141.948
622, 2013/08/06,1202.091,1211.781,1200.691,153.388,1081.8819,-120.2091,153.388
623, 2013/08/05,1186.731,1202.831,1182.541,134.988,1068.0579,-118.6731,134.988
624, 2013/08/02,1196.171,1188.851,1187.311,123.458,1076.5539,-119.6171,123.458
625, 2013/08/01,1135.451,1190.111,1135.451,182.678,1021.9059,-113.5451,182.678
626, 2013/07/31,1126.1,1134.021,1117.34,188.109,1013.49,-112.61,188.109
627, 2013/07/30,1137.151,1124.1,1095.651,201.818,1023.4359,-113.7151,201.818
628, 2013/07/29,1155.81,1136.98,1136.4,150.469,1040.229,-115.581,150.469
629, 2013/07/26,1150.25,1158.35,1133.161,170.509,1035.225,-115.025,170.509
630, 2013/07/25,1205.62,1150.391,1148.81,90.379,1085.058,-120.562,90.379
631, 2013/07/24,1181.36,1203.31,1177.59,88.149,1063.224,-118.136,88.149
632, 2013/07/23,1161.08,1178.59,1160.45,96.719,1044.972,-116.108,96.719
633, 2013/07/22,1109.96,1153.77,1107.34,134.689,998.964,-110.996,134.689
634, 2013/07/19,1125.77,1116.01,1116.01,102.599,1013.193,-112.577,102.599
635, 2013/07/18,1124.79,1127.97,1118.63,101.679,1012.311,-112.479,101.679
636, 2013/07/17,1140.73,1129.48,1118.85,113.149,1026.657,-114.073,113.149
637, 2013/07/16,1141.57,1143.2,1129.74,137.089,1027.413,-114.157,137.089
638, 2013/07/15,1096.19,1139.57,1096.19,180.05,986.571,-109.619,180.05
639, 2013/07/12,1079.33,1096.3,1077.31,198.949,971.397,-107.933,198.949
640, 2013/07/11,1066.7,1080.78,1057.44,191.879,960.03,-106.67,191.879
641, 2013/07/10,1049.21,1068.86,1048.73,230.629,944.289,-104.921,230.629
642, 2013/07/09,1028.56,1050.72,1026.46,261.469,925.704,-102.856,261.469
643, 2013/07/08,1035.94,1030.6,1015.67,280.919,932.346,-103.594,280.919
644, 2013/07/05,1087.69,1057.27,1057.13,214.459,978.921,-108.769,214.459
645, 2013/07/04,1097.77,1087.9,1085.4,185.439,987.993,-109.777,185.439
646, 2013/07/03,1079.65,1104.58,1065.51,186.889,971.685,-107.965,186.889
647, 2013/07/02,1056.91,1083.25,1056.91,200.349,951.219,-105.691,200.349
648, 2013/07/01,1011.27,1055.84,1005.8,280.629,910.143,-101.127,280.629
649, 2013/06/28,1012.64,1011.66,1002.19,306.869,911.376,-101.264,306.869
650, 2013/06/27,1043.66,1022.5,1020.46,282.779,939.294,-104.366,282.779
651, 2013/06/26,984.94,1038.98,984.88,351.249,886.446,-98.494,351.249
652, 2013/06/25,958.35,984.75,903.67,405.499,862.515,-95.835,405.499
653, 2013/06/24,1023.22,971.45,961.84,354.199,920.898,-102.322,-102.322
654, 2013/06/21,1007.87,1025.5,988.22,359.719,907.083,-100.787,-100.787
655, 2013/06/20,1060.38,1029.53,1027.84,298.919,954.342,-106.038,-106.038
656, 2013/06/19,1064.74,1067.63,1053.8,305.149,958.266,-106.474,-106.474
657, 2013/06/18,1073.31,1072.93,1053.33,299.419,965.979,-107.331,-107.331
658, 2013/06/17,1074.53,1073.69,1068.61,289.37,967.077,-107.453,-107.453
659, 2013/06/14,1029.93,1068.15,1029.93,351.21,926.937,-102.993,-102.993
660, 2013/06/13,1019.47,1029.28,986.05,350.989,917.523,-101.947,-101.947
661, 2013/06/07,1022.56,1030.14,1018.45,328.62,920.304,-102.256,-102.256
662, 2013/06/06,1027.05,1022.13,1020.83,319.69,924.345,-102.705,-102.705
663, 2013/06/05,1021.02,1032.76,1021.02,305.16,918.918,-102.102,-102.102
664, 2013/06/04,1049.1,1022.46,1011.4,278.88,944.19,-104.91,-104.91
665, 2013/06/03,1070.73,1052.14,1050.21,284.32,963.657,-107.073,-107.073
666, 2013/05/31,1074.48,1073.02,1068.07,253.32,967.032,-107.448,-107.448
667, 2013/05/30,1063.0,1073.87,1059.83,267.5,956.7,-106.3,-106.3
668, 2013/05/29,1055.6,1065.96,1053.18,312.36,950.04,-105.56,-105.56
669, 2013/05/28,1089.77,1059.0,1055.64,327.84,980.793,-108.977,-108.977
670, 2013/05/27,1075.83,1089.72,1075.83,318.99,968.247,-107.583,-107.583
671, 2013/05/24,1044.29,1073.78,1044.29,353.0,939.861,-104.429,-104.429
672, 2013/05/23,1035.31,1042.9,1033.12,384.53,931.779,-103.531,-103.531
673, 2013/05/22,1067.44,1039.81,1036.31,350.22,960.696,-106.744,-106.744
674, 2013/05/21,1049.6,1073.58,1045.46,416.62,944.64,-104.96,-104.96
675, 2013/05/20,1025.17,1051.65,1025.17,460.47,922.653,-102.517,-102.517
676, 2013/05/17,1006.47,1023.4,1004.42,470.95,905.823,-100.647,-100.647
677, 2013/05/16,1010.95,1009.53,999.49,423.07,909.855,-101.095,-101.095
678, 2013/05/15,976.95,1012.66,976.95,459.91,879.255,-97.695,459.91
679, 2013/05/14,992.62,976.33,971.35,406.65,893.358,-99.262,406.65
680, 2013/05/13,989.37,995.11,978.72,406.44,890.433,-98.937,406.44
681, 2013/05/10,989.15,988.3,977.43,417.92,890.235,-98.915,417.92
682, 2013/05/09,978.94,992.16,978.07,481.67,881.046,-97.894,481.67
683, 2013/05/08,960.98,980.08,960.7,501.55,864.882,-96.098,501.55
684, 2013/05/07,956.42,957.44,949.84,508.16,860.778,-95.642,508.16
685, 2013/05/06,941.09,958.02,941.09,519.36,846.981,-94.109,519.36
686, 2013/05/03,916.01,939.21,916.01,549.13,824.409,-91.601,549.13
687, 2013/05/02,887.08,913.65,883.79,547.81,798.372,-88.708,547.81
688, 2013/04/26,902.0,889.38,886.4,512.66,811.8,-90.2,512.66
689, 2013/04/25,924.22,903.63,903.61,541.77,831.798,-92.422,541.77
690, 2013/04/24,894.69,923.41,894.69,578.0,805.221,-89.469,578.0
691, 2013/04/23,916.42,893.79,892.11,623.61,824.778,-91.642,623.61
692, 2013/04/22,890.93,916.02,889.26,628.74,801.837,-89.093,628.74
693, 2013/04/19,874.88,892.21,874.88,640.28,787.392,-87.488,640.28
694, 2013/04/18,862.7,873.48,860.72,681.7,776.43,-86.27,681.7
695, 2013/04/17,845.09,867.51,844.92,700.249,760.581,-84.509,700.249
696, 2013/04/16,828.94,846.05,824.84,729.68,746.046,-82.894,729.68
697, 2013/04/15,844.11,836.34,834.01,671.67,759.699,-84.411,671.67
698, 2013/04/12,847.2,846.61,845.85,637.93,762.48,-84.72,637.93
699, 2013/04/11,853.14,847.78,847.39,686.829,767.826,-85.314,686.829
700, 2013/04/10,861.27,850.53,843.1,665.88,775.143,-86.127,665.88
701, 2013/04/09,854.51,861.99,853.94,698.91,769.059,-85.451,698.91
702, 2013/04/08,824.78,853.48,817.35,707.909,742.302,-82.478,707.909
703, 2013/04/03,842.36,835.14,827.27,653.619,758.124,-84.236,653.619
704, 2013/04/02,875.33,845.16,843.21,621.2,787.797,-87.533,621.2
705, 2013/04/01,866.65,877.0,865.98,604.69,779.985,-86.665,604.69
706, 2013/03/29,868.09,866.46,860.96,609.58,781.281,-86.809,609.58
707, 2013/03/28,877.85,867.51,861.65,606.58,790.065,-87.785,606.58
708, 2013/03/27,876.55,882.75,874.25,584.98,788.895,-87.655,584.98
709, 2013/03/26,878.56,876.36,862.67,553.18,790.704,-87.856,553.18
710, 2013/03/25,882.75,881.76,874.01,524.4,794.475,-88.275,524.4
711, 2013/03/22,881.9,882.0,876.92,490.84,793.71,-88.19,490.84
712, 2013/03/21,867.9,882.73,866.68,527.61,781.11,-86.79,527.61
713, 2013/03/20,842.71,866.27,842.58,552.45,758.439,-84.271,552.45
714, 2013/03/19,850.06,842.69,829.19,565.26,765.054,-85.006,565.26
715, 2013/03/18,852.15,852.12,850.1,548.77,766.935,-85.215,548.77
716, 2013/03/15,841.71,853.91,839.58,521.08,757.539,-84.171,521.08
717, 2013/03/14,832.29,842.04,831.57,521.01,749.061,-83.229,521.01
718, 2013/03/13,835.46,834.05,821.35,544.78,751.914,-83.546,544.78
719, 2013/03/12,869.72,839.84,828.04,535.3,782.748,-86.972,535.3
720, 2013/03/11,863.12,869.15,858.04,489.16,776.808,-86.312,489.16
721, 2013/03/08,877.73,864.7,861.81,445.6,789.957,-87.773,445.6
722, 2013/03/07,902.41,877.34,867.87,450.43,812.169,-90.241,450.43
723, 2013/03/06,890.23,902.9,890.23,442.77,801.207,-89.023,442.77
724, 2013/03/05,861.23,888.1,857.54,443.21,775.107,-86.123,443.21
725, 2013/03/04,880.25,863.5,855.05,427.74,792.225,-88.025,427.74
726, 2013/03/01,860.8,884.89,859.83,433.5,774.72,-86.08,433.5
727, 2013/02/28,846.34,861.1,844.2,423.2,761.706,-84.634,423.2
728, 2013/02/27,852.13,846.09,835.94,436.21,766.917,-85.213,436.21
729, 2013/02/26,853.28,851.22,849.94,405.54,767.952,-85.328,405.54
730, 2013/02/25,838.88,855.69,838.88,403.93,754.992,-83.888,403.93
731, 2013/02/22,837.13,838.76,836.87,416.58,753.417,-83.713,416.58
732, 2013/02/21,846.64,839.3,829.6,409.44,761.976,-84.664,409.44
733, 2013/02/20,819.03,850.86,819.03,436.97,737.127,-81.903,436.97
734, 2013/02/19,834.97,819.71,816.96,432.7,751.473,-83.497,432.7
735, 2013/02/18,829.66,835.28,825.95,450.3,746.694,-82.966,450.3
736, 2013/02/08,804.96,823.03,804.96,473.18,724.464,-80.496,473.18
737, 2013/02/07,792.86,805.59,789.37,486.46,713.574,-79.286,486.46
738, 2013/02/06,781.32,791.26,781.32,463.19,703.188,-78.132,463.19
739, 2013/02/05,768.41,780.98,765.97,463.51,691.569,-76.841,463.51
740, 2013/02/04,783.74,771.9,767.85,457.98,705.366,-78.374,457.98
741, 2013/02/01,775.11,782.36,772.94,431.67,697.599,-77.511,431.67
742, 2013/01/31,784.11,776.01,771.15,417.96,705.699,-78.411,417.96
743, 2013/01/30,791.96,783.68,778.3,448.33,712.764,-79.196,448.33
744, 2013/01/29,785.76,791.67,785.76,469.57,707.184,-78.576,469.57
745, 2013/01/28,764.09,784.76,764.09,489.84,687.681,-76.409,489.84
746, 2013/01/25,757.61,762.85,756.61,609.22,681.849,-75.761,609.22
747, 2013/01/24,778.64,757.87,750.36,558.02,700.776,-77.864,558.02
748, 2013/01/23,773.74,778.48,765.36,555.74,696.366,-77.374,555.74
749, 2013/01/22,792.31,775.14,769.09,499.54,713.079,-79.231,499.54
750, 2013/01/21,788.07,792.6,783.42,505.73,709.263,-78.807,505.73
751, 2013/01/18,771.31,787.39,771.31,523.76,694.179,-77.131,523.76
752, 2013/01/17,773.79,768.31,767.49,525.16,696.411,-77.379,525.16
753, 2013/01/16,777.04,774.49,762.04,522.22,699.336,-77.704,522.22
754, 2013/01/15,763.63,778.6,763.63,534.54,687.267,-76.363,534.54
755, 2013/01/14,735.65,760.55,735.18,555.5,662.085,-73.565,555.5
756, 2013/01/11,740.9,731.59,730.4,528.15,666.81,-74.09,528.15
757, 2013/01/10,734.31,741.18,734.31,515.36,660.879,-73.431,515.36
758, 2013/01/09,732.01,734.51,727.91,480.07,658.809,-73.201,480.07
759, 2013/01/08,718.43,733.14,716.3,509.92,646.587,-71.843,509.92
760, 2013/01/07,704.37,718.12,702.39,508.32,633.933,-70.437,508.32
761, 2013/01/04,717.3,705.34,699.17,493.81,645.57,-71.73,493.81
762, 2012/12/31,708.24,713.86,703.62,515.81,637.416,-70.824,515.81
763, 2012/12/28,698.91,707.67,694.77,542.88,629.019,-69.891,542.88
764, 2012/12/27,709.91,699.57,699.37,550.12,638.919,-70.991,550.12
765, 2012/12/26,693.29,709.08,691.99,529.17,623.961,-69.329,529.17
766, 2012/12/25,679.57,694.12,678.82,542.39,611.613,-67.957,542.39
767, 2012/12/24,666.28,679.76,665.88,569.28,599.652,-66.628,569.28
768, 2012/12/21,658.54,668.09,655.63,614.75,592.686,-65.854,614.75
769, 2012/12/20,652.04,658.31,648.49,609.64,586.836,-65.204,609.64
770, 2012/12/19,645.14,652.1,644.97,633.91,580.626,-64.514,633.91
771, 2012/12/18,648.56,646.05,643.05,620.61,583.704,-64.856,620.61
772, 2012/12/17,656.75,649.61,646.27,639.18,591.075,-65.675,639.18
773, 2012/12/14,631.45,656.22,631.22,679.78,568.305,-63.145,679.78
774, 2012/12/13,638.09,632.18,631.19,712.38,574.281,-63.809,712.38
775, 2012/12/12,639.91,639.51,631.14,761.06,575.919,-63.991,761.06
776, 2012/12/11,645.25,641.17,640.69,704.69,580.725,-64.525,704.69
777, 2012/12/10,638.24,646.32,636.17,684.75,574.416,-63.824,684.75
778, 2012/12/07,624.15,637.49,622.22,710.95,561.735,-62.415,710.95
779, 2012/12/06,625.16,624.32,619.49,764.59,562.644,-62.516,764.59
780, 2012/12/05,599.45,624.82,597.76,794.15,539.505,-59.945,794.15
781, 2012/12/04,592.4,600.8,585.44,787.5,533.16,-59.24,787.5
782, 2012/12/03,605.6,593.66,593.2,772.55,545.04,-60.56,772.55
783, 2012/11/30,602.95,606.77,601.05,812.88,542.655,-60.295,812.88
784, 2012/11/29,607.17,603.17,601.18,780.49,546.453,-60.717,780.49
785, 2012/11/28,611.91,607.67,605.69,756.0,550.719,-61.191,756.0
786, 2012/11/27,635.26,616.28,615.59,688.5,571.734,-63.526,688.5
787, 2012/11/26,651.06,638.88,638.38,655.28,585.954,-65.106,-65.106
788, 2012/11/23,652.94,651.43,650.27,670.1,587.646,-65.294,-65.294
789, 2012/11/22,659.13,651.83,650.39,669.27,593.217,-65.913,-65.913
790, 2012/11/21,656.44,660.03,646.64,669.65,590.796,-65.644,-65.644
791, 2012/11/20,657.4,656.61,656.08,632.24,591.66,-65.74,-65.74
792, 2012/11/19,654.78,656.94,647.87,614.58,589.302,-65.478,-65.478
793, 2012/11/16,659.38,656.2,653.02,619.42,593.442,-65.938,-65.938
794, 2012/11/15,662.9,659.21,657.35,590.55,596.61,-66.29,-66.29
795, 2012/11/14,666.4,665.19,657.58,554.23,599.76,-66.64,-66.64
796, 2012/11/13,676.26,667.33,666.34,544.45,608.634,-67.626,-67.626
797, 2012/11/12,674.76,676.6,671.63,588.83,607.284,-67.476,-67.476
798, 2012/11/09,674.59,672.67,671.69,601.32,607.131,-67.459,-67.459
799, 2012/11/08,684.89,675.85,675.76,597.86,616.401,-68.489,-68.489
800, 2012/11/07,689.79,689.75,686.61,577.47,620.811,-68.979,-68.979
801, 2012/11/06,693.36,690.5,679.96,542.99,624.024,-69.336,-69.336
802, 2012/11/05,700.11,692.87,690.94,534.48,630.099,-70.011,-70.011
803, 2012/11/02,702.03,701.38,697.06,508.16,631.827,-70.203,-70.203
804, 2012/11/01,692.06,701.78,692.06,493.09,622.854,-69.206,-69.206
805, 2012/10/31,689.63,691.65,685.05,536.67,620.667,-68.963,-68.963
806, 2012/10/30,688.51,689.61,687.79,539.49,619.659,-68.851,-68.851
807, 2012/10/29,684.34,688.12,682.76,566.41,615.906,-68.434,-68.434
808, 2012/10/26,695.89,685.33,680.91,542.281,626.301,-69.589,-69.589
809, 2012/10/25,707.88,697.44,696.45,511.951,637.092,-70.788,-70.788
810, 2012/10/24,707.31,707.75,704.41,489.82,636.579,-70.731,-70.731
811, 2012/10/23,723.83,711.26,710.55,457.511,651.447,-72.383,-72.383
812, 2012/10/22,716.53,724.28,714.7,459.251,644.877,-71.653,-71.653
813, 2012/10/19,720.85,719.45,715.92,450.551,648.765,-72.085,-72.085
814, 2012/10/18,709.29,720.52,709.29,422.801,638.361,-70.929,-70.929
815, 2012/10/17,706.09,709.09,701.64,461.001,635.481,-70.609,-70.609
816, 2012/10/16,700.94,705.39,698.97,479.721,630.846,-70.094,-70.094
817, 2012/10/15,706.23,701.96,694.12,466.101,635.607,-70.623,-70.623
818, 2012/10/12,711.83,708.87,700.97,450.041,640.647,-71.183,-71.183
819, 2012/10/11,720.39,711.8,711.63,452.131,648.351,-72.039,-72.039
820, 2012/10/10,712.15,721.85,709.92,473.811,640.935,-71.215,-71.215
821, 2012/10/09,691.39,712.7,691.39,484.311,622.251,-69.139,-69.139
822, 2012/10/08,690.35,690.77,686.27,521.431,621.315,-69.035,-69.035
823, 2012/09/28,674.19,689.64,671.61,528.641,606.771,-67.419,-67.419
824, 2012/09/27,662.78,676.96,662.78,526.071,596.502,-66.278,-66.278
825, 2012/09/26,680.47,661.49,660.12,509.641,612.423,-68.047,-68.047
826, 2012/09/25,688.21,682.34,680.65,445.811,619.389,-68.821,-68.821
827, 2012/09/24,685.99,690.34,678.35,438.11,617.391,-68.599,-68.599
828, 2012/09/21,703.42,691.14,689.54,433.56,633.078,-70.342,-70.342
829, 2012/09/20,727.96,706.69,704.91,430.39,655.164,-72.796,-72.796
830, 2012/09/19,724.89,728.25,723.64,425.501,652.401,-72.489,-72.489
831, 2012/09/18,722.38,723.61,720.45,480.93,650.142,-72.238,-72.238
832, 2012/09/17,742.69,724.15,724.15,435.9,668.421,-74.269,-74.269
833, 2012/09/14,753.6,744.47,738.95,400.17,678.24,-75.36,-75.36
834, 2012/09/13,761.78,749.89,749.89,354.23,685.602,-76.178,-76.178
835, 2012/09/12,763.05,762.51,754.32,364.92,686.745,-76.305,-76.305
836, 2012/09/11,761.55,761.73,756.77,367.93,685.395,-76.155,-76.155
837, 2012/09/10,759.69,762.31,756.03,383.51,683.721,-75.969,-75.969
838, 2012/09/07,744.65,759.46,744.24,394.92,670.185,-74.465,-74.465
839, 2012/09/06,732.46,739.74,731.24,363.84,659.214,-73.246,-73.246
840, 2012/09/05,721.07,730.62,719.34,359.71,648.963,-72.107,-72.107
841, 2012/09/04,724.7,722.72,721.52,344.16,652.23,-72.47,-72.47
842, 2012/09/03,703.81,723.87,701.7,346.91,633.429,-70.381,-70.381
843, 2012/08/31,701.37,706.63,698.62,329.23,631.233,-70.137,-70.137
844, 2012/08/30,727.21,704.04,692.14,330.06,654.489,-72.721,-72.721
845, 2012/08/29,726.7,726.94,722.82,361.2,654.03,-72.67,-72.67
846, 2012/08/28,720.83,727.62,717.53,383.75,648.747,-72.083,-72.083
847, 2012/08/27,731.67,722.57,721.2,351.58,658.503,-73.167,-73.167
848, 2012/08/24,747.73,733.31,733.31,308.11,672.957,-74.773,-74.773
849, 2012/08/23,745.47,750.56,741.38,266.19,670.923,-74.547,-74.547
850, 2012/08/22,749.0,746.85,743.61,273.5,674.1,-74.9,-74.9
851, 2012/08/21,730.29,748.94,729.99,308.69,657.261,-73.029,-73.029
852, 2012/08/20,718.14,730.87,713.15,266.61,646.326,-71.814,-71.814
853, 2012/08/17,721.33,721.05,714.02,250.12,649.197,-72.133,-72.133
854, 2012/08/16,728.66,723.53,720.72,296.84,655.794,-72.866,-72.866
855, 2012/08/15,734.87,729.73,728.49,294.66,661.383,-73.487,-73.487
856, 2012/08/14,726.84,736.35,714.65,340.79,654.156,-72.684,-72.684
857, 2012/08/13,742.38,727.64,726.93,330.55,668.142,-74.238,-74.238
858, 2012/08/10,743.29,743.07,736.55,330.4,668.961,-74.329,-74.329
859, 2012/08/09,729.5,743.2,727.7,338.65,656.55,-72.95,-72.95
860, 2012/08/08,734.88,730.07,723.98,294.4,661.392,-73.488,-73.488
861, 2012/08/07,729.63,736.01,729.44,300.51,656.667,-72.963,-72.963
862, 2012/08/06,708.26,730.42,706.83,313.87,637.434,-70.826,-70.826
863, 2012/08/03,691.79,711.93,690.26,340.97,622.611,-69.179,-69.179
864, 2012/08/02,688.33,690.98,684.2,334.13,619.497,-68.833,-68.833
865, 2012/08/01,677.53,689.49,676.34,374.61,609.777,-67.753,-67.753
866, 2012/07/31,686.54,676.96,672.28,386.48,617.886,-68.654,-68.654
867, 2012/07/30,703.7,688.47,685.84,370.17,633.33,-70.37,-70.37
868, 2012/07/27,707.97,703.58,698.18,357.99,637.173,-70.797,-70.797
869, 2012/07/26,707.77,706.73,704.97,351.23,636.993,-70.777,-70.777
870, 2012/07/25,704.7,708.3,703.35,385.02,634.23,-70.47,-70.47
871, 2012/07/24,700.58,706.4,698.39,373.2,630.522,-70.058,-70.058
872, 2012/07/23,703.2,704.57,697.69,339.7,632.88,-70.32,-70.32
873, 2012/07/20,707.83,706.25,704.87,331.98,637.047,-70.783,-70.783
874, 2012/07/19,701.23,709.17,698.48,372.35,631.107,-70.123,-70.123
875, 2012/07/18,695.92,702.14,684.3,355.73,626.328,-69.592,-69.592
876, 2012/07/17,687.74,697.0,686.11,335.66,618.966,-68.774,-68.774
877, 2012/07/16,722.82,691.39,691.23,286.71,650.538,-72.282,-72.282
878, 2012/07/13,731.49,725.79,722.65,281.17,658.341,-73.149,-73.149
879, 2012/07/12,718.62,734.32,717.2,257.71,646.758,-71.862,-71.862
880, 2012/07/11,710.89,719.3,706.72,284.22,639.801,-71.089,-71.089
881, 2012/07/10,719.89,713.53,710.73,268.41,647.901,-71.989,-71.989
882, 2012/07/09,733.66,722.28,721.6,258.5,660.294,-73.366,-73.366
883, 2012/07/06,727.69,737.29,712.44,252.39,654.921,-72.769,-72.769
884, 2012/07/05,738.49,724.31,721.36,218.95,664.641,-73.849,-73.849
885, 2012/07/04,744.7,739.62,736.9,213.32,670.23,-74.47,-74.47
886, 2012/07/03,742.2,743.9,739.92,197.01,667.98,-74.22,-74.22
887, 2012/07/02,730.77,741.19,730.76,182.88,657.693,-73.077,-73.077
888, 2012/06/29,708.11,726.68,705.86,181.27,637.299,-70.811,-70.811
889, 2012/06/28,719.09,711.14,710.9,184.54,647.181,-71.909,-71.909
890, 2012/06/27,715.52,718.93,715.38,207.89,643.968,-71.552,-71.552
891, 2012/06/26,716.3,715.92,703.03,177.49,644.67,-71.63,-71.63
892, 2012/06/25,736.18,720.6,720.47,179.84,662.562,-73.618,-73.618
893, 2012/06/21,746.61,739.05,732.17,145.6,671.949,-74.661,-74.661
894, 2012/06/20,747.64,748.39,746.03,125.84,672.876,-74.764,-74.764
895, 2012/06/19,751.27,747.49,746.09,116.24,676.143,-75.127,-75.127
896, 2012/06/18,744.05,752.98,744.05,102.0,669.645,-74.405,-74.405
897, 2012/06/15,742.38,742.27,733.33,93.96,668.142,-74.238,-74.238
898, 2012/06/14,745.76,740.97,739.91,100.85,671.184,-74.576,-74.576
899, 2012/06/13,735.6,746.51,735.6,112.18,662.04,-73.56,-73.56
900, 2012/06/12,731.04,735.29,729.71,119.49,657.936,-73.104,-73.104
901, 2012/06/11,714.12,734.5,714.12,147.87,642.708,-71.412,-71.412
902, 2012/06/08,716.42,713.92,710.27,137.06,644.778,-71.642,-71.642
903, 2012/06/07,721.56,711.43,709.17,113.58,649.404,-72.156,-72.156
904, 2012/06/06,717.13,715.24,711.19,128.03,645.417,-71.713,-71.713
905, 2012/06/05,718.11,715.93,713.58,158.89,646.299,-71.811,-71.811
906, 2012/06/04,721.68,717.1,717.04,144.78,649.512,-72.168,-72.168
907, 2012/06/01,733.62,734.26,730.0,133.89,660.258,-73.362,-73.362
908, 2012/05/31,724.461,734.451,721.711,158.289,652.0149,-72.4461,-72.4461
909, 2012/05/30,720.57,727.19,719.141,155.79,648.513,-72.057,-72.057
910, 2012/05/29,705.791,720.451,704.201,175.969,635.2119,-70.5791,-70.5791
911, 2012/05/28,699.641,706.471,686.07,182.359,629.6769,-69.9641,-69.9641
912, 2012/05/25,713.041,702.731,700.621,169.689,641.7369,-71.3041,-71.3041
913, 2012/05/24,711.69,712.581,710.07,154.58,640.521,-71.169,-71.169
914, 2012/05/23,715.031,713.021,705.201,127.659,643.5279,-71.5031,-71.5031
915, 2012/05/22,706.921,714.661,706.921,145.199,636.2289,-70.6921,-70.6921
916, 2012/05/21,705.871,704.801,698.811,148.039,635.2839,-70.5871,-70.5871
917, 2012/05/18,711.69,706.221,705.25,130.35,640.521,-71.169,-71.169
918, 2012/05/17,709.5,716.17,703.93,124.55,638.55,-70.95,-70.95
919, 2012/05/16,718.711,709.961,709.88,121.129,646.8399,-71.8711,-71.8711
920, 2012/05/15,714.581,720.12,709.63,154.569,643.1229,-71.4581,-71.4581
921, 2012/05/14,725.521,719.87,717.94,139.179,652.9689,-72.5521,-72.5521
922, 2012/05/11,726.56,721.081,720.93,150.78,653.904,-72.656,-72.656
923, 2012/05/10,718.24,727.29,718.24,184.66,646.416,-71.824,-71.824
924, 2012/05/09,727.6,719.35,718.72,160.5,654.84,-72.76,-72.76
925, 2012/05/08,733.83,731.72,730.55,129.67,660.447,-73.383,-73.383
926, 2012/05/07,710.98,733.05,709.87,173.91,639.882,-71.098,-71.098
927, 2012/05/04,699.88,713.19,699.88,161.22,629.892,-69.988,-69.988
928, 2012/05/03,693.4,699.31,690.76,152.69,624.06,-69.34,-69.34
929, 2012/05/02,692.35,693.61,686.18,158.87,623.115,-69.235,-69.235
930, 2012/04/27,677.55,685.13,676.07,178.14,609.795,-67.755,-67.755
931, 2012/04/26,683.021,678.44,673.94,155.739,614.7189,-68.3021,-68.3021
932, 2012/04/25,679.75,682.521,674.55,159.55,611.775,-67.975,-67.975
933, 2012/04/24,680.611,681.531,663.921,170.249,612.5499,-68.0611,-68.0611
934, 2012/04/23,724.901,690.431,689.44,94.809,652.4109,-72.4901,-72.4901
935, 2012/04/20,724.13,728.721,720.831,111.15,651.717,-72.413,-72.413
936, 2012/04/19,723.831,725.12,721.591,99.199,651.4479,-72.3831,-72.3831
937, 2012/04/18,710.141,723.461,710.101,95.449,639.1269,-71.0141,-71.0141
938, 2012/04/17,716.531,709.141,708.401,74.729,644.8779,-71.6531,-71.6531
939, 2012/04/16,714.851,716.231,712.021,66.129,643.3659,-71.4851,-71.4851
940, 2012/04/13,715.041,718.961,714.241,56.859,643.5369,-71.5041,-71.5041
941, 2012/04/12,699.421,713.121,697.741,82.939,629.4789,-69.9421,-69.9421
942, 2012/04/11,689.851,698.491,685.751,86.159,620.8659,-68.9851,-68.9851
943, 2012/04/10,686.481,697.171,672.991,97.199,617.8329,-68.6481,-68.6481
944, 2012/04/09,699.871,689.721,689.721,91.799,629.8839,-69.9871,-69.9871
945, 2012/04/06,697.861,701.901,695.651,86.899,628.0749,-69.7861,-69.7861
946, 2012/04/05,677.761,697.751,676.511,85.089,609.9849,-67.7761,-67.7761
947, 2012/03/30,682.281,678.521,673.491,75.589,614.0529,-68.2281,-68.2281
948, 2012/03/29,692.371,683.961,676.991,86.109,623.1339,-69.2371,-69.2371
949, 2012/03/28,732.681,698.491,697.511,42.459,659.4129,-73.2681,-73.2681
950, 2012/03/27,739.441,735.731,733.841,53.159,665.4969,-73.9441,-73.9441
951, 2012/03/26,735.161,737.211,731.311,52.229,661.6449,-73.5161,-73.5161
952, 2012/03/23,748.871,737.891,735.151,19.439,673.9839,-74.8871,-74.8871
953, 2012/03/22,750.451,750.851,744.891,24.039,675.4059,-75.0451,-75.0451
954, 2012/03/21,758.891,751.791,737.991,19.709,683.0019,-75.8891,-75.8891
955, 2012/03/20,777.391,755.581,755.401,-16.841,699.6519,-77.7391,-77.7391
956, 2012/03/19,764.951,779.561,763.361,-33.361,688.4559,-76.4951,-76.4951
957, 2012/03/16,748.051,765.561,745.351,-6.871,673.2459,-74.8051,-74.8051
958, 2012/03/15,754.531,746.441,735.091,-20.021,679.0779,-75.4531,-75.4531
959, 2012/03/14,795.121,756.461,750.131,-61.981,715.6089,-79.5121,-79.5121
960, 2012/03/13,785.531,792.381,782.941,-67.411,706.9779,-78.5531,-78.5531
961, 2012/03/12,779.511,786.051,778.511,-74.171,701.5599,-77.9511,-77.9511
962, 2012/03/09,764.481,777.691,763.721,-50.621,688.0329,-76.4481,-76.4481
963, 2012/03/08,751.981,761.701,751.981,-44.311,676.7829,-75.1981,-75.1981
964, 2012/03/07,743.051,749.271,740.611,-43.481,668.7459,-74.3051,-74.3051
965, 2012/03/06,758.081,750.841,743.611,-49.001,682.2729,-75.8081,-75.8081
966, 2012/03/05,759.651,759.371,758.831,-65.531,683.6859,-75.9651,-75.9651
967, 2012/03/02,743.851,757.671,743.851,-64.091,669.4659,-74.3851,-74.3851
968, 2012/03/01,734.251,743.151,733.781,-66.161,660.8259,-73.4251,-73.4251
969, 2012/02/29,747.221,735.341,734.241,-88.911,672.4989,-74.7221,-74.7221
970, 2012/02/28,757.451,747.771,737.371,-105.351,681.7059,-75.7451,-75.7451
971, 2012/02/27,763.961,760.371,760.241,-117.911,687.5649,-76.3961,-76.3961
972, 2012/02/24,756.161,762.291,755.191,-106.551,680.5449,-75.6161,-75.6161
973, 2012/02/23,760.671,756.901,748.621,-104.451,684.6039,-76.0671,-76.0671
974, 2012/02/22,737.781,759.561,737.781,-105.601,664.0029,-73.7781,-73.7781
975, 2012/02/21,719.291,736.881,713.651,-79.781,647.3619,-71.9291,-71.9291
976, 2012/02/20,726.881,721.101,720.971,-85.711,654.1929,-72.6881,-72.6881
977, 2012/02/17,722.621,717.801,709.231,-76.301,650.3589,-72.2621,-72.2621
978, 2012/02/16,723.431,721.831,714.401,-85.941,651.0879,-72.3431,-72.3431
979, 2012/02/15,711.621,724.751,707.141,-87.301,640.4589,-71.1621,-71.1621
980, 2012/02/14,714.751,712.301,707.971,-89.931,643.2759,-71.4751,-71.4751
981, 2012/02/13,694.241,714.961,690.531,-93.441,624.8169,-69.4241,-69.4241
982, 2012/02/10,696.531,698.851,693.751,-102.871,626.8779,-69.6531,-69.6531
983, 2012/02/09,692.361,697.791,690.681,-85.591,623.1249,-69.2361,-69.2361
984, 2012/02/08,673.071,692.301,669.631,-69.901,605.7639,-67.3071,-67.3071
985, 2012/02/07,683.881,673.681,669.541,-76.211,615.4929,-68.3881,-76.211
986, 2012/02/06,681.041,686.511,680.701,-64.761,612.9369,-68.1041,-64.761
987, 2012/02/03,665.351,680.051,663.011,-26.471,598.8159,-66.5351,-26.471
988, 2012/02/02,652.061,665.401,652.061,-0.631,586.8549,-65.2061,-0.631
989, 2012/02/01,647.491,650.781,644.581,4.339,582.7419,-64.7491,4.339
990, 2012/01/31,649.371,648.681,637.431,10.659,584.4339,-64.9371,10.659
991, 2012/01/30,649.421,651.251,644.881,7.189,584.4789,-64.9421,7.189
992, 2012/01/20,634.831,646.381,634.571,22.109,571.3479,-63.4831,22.109
993, 2012/01/19,621.651,632.801,612.281,34.549,559.4859,-62.1651,34.549
994, 2012/01/18,662.941,624.911,621.671,-3.731,596.6469,-66.2941,-3.731
995, 2012/01/17,630.781,662.691,623.641,34.409,567.7029,-63.0781,34.409
996, 2012/01/16,657.801,633.911,633.311,9.529,592.0209,-65.7801,9.529
997, 2012/01/13,709.051,666.081,665.261,-32.451,638.1459,-70.9051,-70.9051
998, 2012/01/12,715.821,709.891,708.681,-43.151,644.2389,-71.5821,-71.5821
999, 2012/01/11,715.041,717.941,710.531,-39.191,643.5369,-71.5041,-71.5041
1000, 2012/01/10,691.651,716.451,690.501,-1.901,622.4859,-69.1651,-69.1651
1001, 2012/01/09,667.861,692.421,657.181,22.639,601.0749,-66.7861,22.639
1002, 2012/01/06,662.651,669.021,645.801,30.219,596.3859,-66.2651,30.219
1003, 2012/01/05,700.321,666.911,665.411,1.059,630.2889,-70.0321,-70.0321
1004, 2012/01/04,734.741,707.111,707.111,-32.961,661.2669,-73.4741,-73.4741
1005, 2011/12/30,718.031,729.501,718.031,-26.381,646.2279,-71.8031,-71.8031
1006, 2011/12/29,714.581,716.551,710.651,-24.971,643.1229,-71.4581,-71.4581
1007, 2011/12/28,721.841,717.551,700.111,-33.721,649.6569,-72.1841,-72.1841
1008, 2011/12/27,749.611,727.171,725.111,-64.281,674.6499,-74.9611,-74.9611
1009, 2011/12/26,760.671,753.051,751.611,-63.231,684.6039,-76.0671,-76.0671
1010, 2011/12/23,754.891,761.441,750.961,-47.141,679.4019,-75.4891,-75.4891
1011, 2011/12/22,754.481,757.901,727.741,-43.221,679.0329,-75.4481,-75.4481
1012, 2011/12/21,786.981,761.341,760.921,-62.701,708.2829,-78.6981,-78.6981
1013, 2011/12/20,791.821,781.421,780.921,-72.371,712.6389,-79.1821,-79.1821
1014, 2011/12/19,774.661,793.441,767.071,-54.141,697.1949,-77.4661,-77.4661
1015, 2011/12/16,745.521,778.781,745.521,-36.431,670.9689,-74.5521,-74.5521
1016, 2011/12/15,751.551,746.561,743.271,-46.161,676.3959,-75.1551,-75.1551
1017, 2011/12/14,766.181,755.761,754.321,-64.221,689.5629,-76.6181,-76.6181
1018, 2011/12/13,787.081,768.921,765.041,-78.211,708.3729,-78.7081,-78.7081
1019, 2011/12/12,798.811,790.791,789.791,-87.011,718.9299,-79.8811,-79.8811
1020, 2011/12/09,802.131,798.841,796.191,-80.281,721.9179,-80.2131,-80.2131
1021, 2011/12/08,799.491,809.431,788.621,-86.791,719.5419,-79.9491,-79.9491
1022, 2011/12/07,797.181,802.631,794.371,-106.411,717.4629,-79.7181,-79.7181
1023, 2011/12/06,788.441,798.101,783.281,-98.801,709.5969,-78.8441,-78.8441
1024, 2011/12/05,825.611,792.501,790.301,-148.651,743.0499,-82.5611,-82.5611
1025, 2011/12/02,849.181,829.181,825.081,-187.691,764.2629,-84.9181,-84.9181
1026, 2011/12/01,861.551,852.871,852.871,-179.211,775.3959,-86.1551,-86.1551
1027, 2011/11/30,878.681,838.111,824.951,-188.341,790.8129,-87.8681,-87.8681
1028, 2011/11/29,872.201,880.311,866.741,-181.061,784.9809,-87.2201,-87.2201
1029, 2011/11/28,864.381,866.841,858.461,-157.691,777.9429,-86.4381,-86.4381
1030, 2011/11/25,866.991,863.501,860.631,-138.741,780.2919,-86.6991,-86.6991
1031, 2011/11/24,856.671,868.141,852.001,-133.061,771.0039,-85.6671,-85.6671
1032, 2011/11/23,868.781,864.811,863.061,-144.631,781.9029,-86.8781,-86.8781
1033, 2011/11/22,856.201,868.431,852.041,-111.731,770.5809,-85.6201,-85.6201
1034, 2011/11/21,866.981,863.131,849.561,-117.091,780.2829,-86.6981,-86.6981
1035, 2011/11/18,892.631,869.191,868.261,-130.121,803.3679,-89.2631,-89.2631
1036, 2011/11/17,893.791,898.341,890.821,-132.061,804.4119,-89.3791,-89.3791
1037, 2011/11/16,921.301,893.511,888.881,-158.991,829.1709,-92.1301,-92.1301
1038, 2011/11/15,916.621,920.971,912.811,-157.161,824.9589,-91.6621,-91.6621
1039, 2011/11/14,899.111,915.981,899.111,-159.371,809.1999,-89.9111,-89.9111
1040, 2011/11/11,893.721,891.191,885.591,-163.101,804.3489,-89.3721,-89.3721
1041, 2011/11/10,881.691,895.271,878.991,-158.971,793.5219,-88.1691,-88.1691
1042, 2011/11/09,866.911,891.121,860.751,-143.041,780.2199,-86.6911,-86.6911
1043, 2011/11/08,878.451,862.361,861.381,-171.821,790.6059,-87.8451,-87.8451
1044, 2011/11/07,880.151,878.761,876.541,-176.111,792.1359,-88.0151,-88.0151
1045, 2011/11/04,881.621,882.251,876.441,-154.681,793.4589,-88.1621,-88.1621
1046, 2011/11/03,885.871,877.661,877.661,-158.251,797.2839,-88.5871,-88.5871
1047, 2011/11/02,837.071,881.051,833.901,-114.501,753.3639,-83.7071,-83.7071
1048, 2011/11/01,843.801,853.361,840.061,-110.491,759.4209,-84.3801,-84.3801
1049, 2011/10/31,834.301,852.801,831.501,-83.741,750.8709,-83.4301,-83.4301
1050, 2011/10/28,820.421,833.421,813.931,-73.571,738.3789,-82.0421,-82.0421
1051, 2011/10/27,810.721,810.921,807.121,-61.781,729.6489,-81.0721,-81.0721
1052, 2011/10/26,794.301,811.131,791.001,-63.431,714.8709,-79.4301,-79.4301
1053, 2011/10/25,770.841,797.861,769.291,-49.791,693.7569,-77.0841,-77.0841
1054, 2011/10/24,761.431,772.411,741.331,-37.901,685.2879,-76.1431,-76.1431
1055, 2011/10/21,777.031,763.301,760.161,-47.301,699.3279,-77.7031,-77.7031
1056, 2011/10/20,801.031,778.951,771.151,-64.681,720.9279,-80.1031,-80.1031
1057, 2011/10/19,807.211,804.441,798.801,-79.571,726.4899,-80.7211,-80.7211
1058, 2011/10/18,826.531,806.601,806.001,-83.461,743.8779,-82.6531,-82.6531
1059, 2011/10/17,832.861,832.291,826.811,-89.661,749.5749,-83.2861,-83.2861
1060, 2011/10/14,830.481,830.201,819.981,-100.411,747.4329,-83.0481,-83.0481
1061, 2011/10/13,816.531,833.021,814.631,-80.521,734.8779,-81.6531,-81.6531
1062, 2011/10/12,783.431,816.141,773.931,-53.011,705.0879,-78.3431,-78.3431
1063, 2011/10/11,806.701,786.151,778.051,-94.771,726.0309,-80.6701,-80.6701
1064, 2011/10/10,792.971,790.041,786.841,-101.991,713.6739,-79.2971,-79.2971
1065, 2011/09/30,792.761,791.131,781.791,-103.271,713.4849,-79.2761,-79.2761
1066, 2011/09/29,813.261,791.891,791.051,-136.301,731.9349,-81.3261,-81.3261
1067, 2011/09/28,834.031,817.521,814.341,-145.561,750.6279,-83.4031,-83.4031
1068, 2011/09/27,833.641,830.881,822.841,-130.061,750.2769,-83.3641,-83.3641
1069, 2011/09/26,842.001,829.351,826.831,-135.271,757.8009,-84.2001,-84.2001
1070, 2011/09/23,840.181,843.481,833.771,-131.881,756.1629,-84.0181,-84.0181
1071, 2011/09/22,876.251,852.921,852.921,-169.851,788.6259,-87.6251,-87.6251
1072, 2011/09/21,856.801,881.031,854.291,-152.231,771.1209,-85.6801,-85.6801
1073, 2011/09/20,850.971,856.811,846.031,-144.721,765.8739,-85.0971,-85.0971
1074, 2011/09/19,871.881,854.711,854.641,-162.711,784.6929,-87.1881,-87.1881
1075, 2011/09/16,878.561,874.881,873.551,-176.421,790.7049,-87.8561,-87.8561
1076, 2011/09/15,877.931,875.861,875.681,-180.931,790.1379,-87.7931,-87.7931
1077, 2011/09/14,864.081,876.951,855.341,-172.691,777.6729,-86.4081,-86.4081
1078, 2011/09/13,870.041,861.921,858.911,-144.251,783.0369,-87.0041,-87.0041
1079, 2011/09/09,889.471,881.581,877.531,-155.151,800.5239,-88.9471,-88.9471
1080, 2011/09/08,903.251,891.931,891.521,-183.951,812.9259,-90.3251,-90.3251
1081, 2011/09/07,877.871,899.611,877.781,-164.341,790.0839,-87.7871,-87.7871
1082, 2011/09/06,876.711,874.741,869.811,-154.431,789.0399,-87.6711,-87.6711
1083, 2011/09/05,902.371,883.871,883.461,-165.081,812.1339,-90.2371,-90.2371
1084, 2011/09/02,916.071,909.851,902.481,-191.761,824.4639,-91.6071,-91.6071
1085, 2011/09/01,921.971,917.751,913.161,-182.351,829.7739,-92.1971,-92.1971
1086, 2011/08/31,931.791,921.501,911.821,-187.891,838.6119,-93.1791,-93.1791
1087, 2011/08/30,957.291,934.191,933.821,-216.101,861.5619,-95.7291,-95.7291
1088, 2011/08/29,951.551,954.031,947.731,-224.871,856.3959,-95.1551,-95.1551
1089, 2011/08/26,940.531,952.811,937.971,-229.391,846.4779,-94.0531,-94.0531
1090, 2011/08/25,942.641,942.941,927.361,-223.711,848.3769,-94.2641,-94.2641
1091, 2011/08/24,940.421,940.201,939.281,-224.501,846.3789,-94.0421,-94.0421
1092, 2011/08/23,912.351,936.421,912.351,-191.751,821.1159,-91.2351,-91.2351
1093, 2011/08/22,913.611,910.611,907.861,-174.561,822.2499,-91.3611,-91.3611
1094, 2011/08/19,895.651,912.421,891.801,-147.261,806.0859,-89.5651,-89.5651
1095, 2011/08/18,934.581,915.681,915.261,-187.091,841.1229,-93.4581,-93.4581
1096, 2011/08/17,932.011,936.161,926.021,-179.031,838.8099,-93.2011,-93.2011
1097, 2011/08/16,942.951,933.141,929.791,-200.681,848.6559,-94.2951,-94.2951
1098, 2011/08/15,928.981,942.491,928.981,-188.011,836.0829,-92.8981,-92.8981
1099, 2011/08/12,920.291,926.301,920.291,-173.781,828.2619,-92.0291,-92.0291
1100, 2011/08/11,873.121,915.491,870.291,-137.831,785.8089,-87.3121,-87.3121
1101, 2011/08/10,891.221,891.751,889.861,-156.721,802.0989,-89.1221,-89.1221
1102, 2011/08/09,849.0,878.76,835.281,-135.08,764.1,-84.9,-84.9
1103, 2011/08/08,908.081,877.44,859.161,-196.651,817.2729,-90.8081,-90.8081
1104, 2011/08/05,905.16,919.19,899.32,-189.92,814.644,-90.516,-90.516
1105, 2011/08/04,944.83,937.48,935.42,-228.9,850.347,-94.483,-94.483
1106, 2011/08/03,922.81,945.51,918.64,-205.71,830.529,-92.281,-92.281
1107, 2011/08/02,923.09,932.12,905.01,-188.83,830.781,-92.309,-92.309
1108, 2011/08/01,911.94,927.38,910.98,-177.489,820.746,-91.194,-91.194
1109, 2011/07/29,919.53,913.28,910.24,-192.34,827.577,-91.953,-91.953
1110, 2011/07/28,907.25,919.4,902.5,-186.799,816.525,-90.725,-90.725
1111, 2011/07/27,890.03,915.55,883.97,-183.559,801.027,-89.003,-89.003
1112, 2011/07/26,884.02,892.54,878.16,-181.289,795.618,-88.402,-88.402
1113, 2011/07/25,920.85,887.06,884.1,-208.269,828.765,-92.085,-92.085
1114, 2011/07/22,917.63,924.0,917.63,-204.609,825.867,-91.763,-91.763
1115, 2011/07/21,930.26,915.37,915.37,-215.599,837.234,-93.026,-93.026
1116, 2011/07/20,932.21,930.83,920.22,-227.409,838.989,-93.221,-93.221
1117, 2011/07/19,940.42,927.3,924.09,-234.199,846.378,-94.042,-94.042
1118, 2011/07/18,952.03,946.12,944.1,-235.86,856.827,-95.203,-95.203
1119, 2011/07/15,935.54,951.14,933.49,-225.579,841.986,-93.554,-93.554
1120, 2011/07/14,913.49,932.78,913.49,-193.37,822.141,-91.349,-91.349
1121, 2011/07/13,890.3,913.09,890.3,-170.43,801.27,-89.03,-89.03
1122, 2011/07/12,895.49,891.52,888.58,-174.409,805.941,-89.549,-89.549
1123, 2011/07/11,894.07,903.31,889.82,-166.78,804.663,-89.407,-89.407
1124, 2011/07/08,899.47,894.91,888.22,-180.12,809.523,-89.947,-89.947
1125, 2011/07/07,893.6,899.8,891.73,-161.88,804.24,-89.36,-89.36
1126, 2011/07/06,881.6,894.28,877.82,-148.55,793.44,-88.16,-88.16
1127, 2011/07/05,877.52,883.42,876.9,-164.33,789.768,-87.752,-87.752
1128, 2011/07/04,856.5,876.17,856.5,-157.19,770.85,-85.65,-85.65
1129, 2011/07/01,847.54,855.27,847.54,-153.93,762.786,-84.754,-84.754
1130, 2011/06/30,834.82,845.92,834.82,-149.69,751.338,-83.482,-83.482
1131, 2011/06/29,844.85,836.38,836.38,-166.41,760.365,-84.485,-84.485
1132, 2011/06/28,843.98,844.18,836.94,-161.459,759.582,-84.398,-84.398
1133, 2011/06/27,832.62,843.86,832.62,-151.089,749.358,-83.262,-83.262
1134, 2011/06/24,812.31,832.32,810.58,-121.879,731.079,-81.231,-81.231
1135, 2011/06/23,790.7,814.44,783.86,-61.979,711.63,-79.07,-79.07
1136, 2011/06/22,797.42,791.51,788.56,-72.3,717.678,-79.742,-79.742
1137, 2011/06/21,792.0,795.61,786.33,-68.539,712.8,-79.2,-79.2
1138, 2011/06/20,800.62,791.76,787.57,-91.479,720.558,-80.062,-80.062
1139, 2011/06/17,809.16,802.64,801.31,-92.929,728.244,-80.916,-80.916
1140, 2011/06/16,822.37,810.71,809.93,-103.409,740.133,-82.237,-82.237
1141, 2011/06/15,837.54,827.53,826.94,-124.419,753.786,-83.754,-83.754
1142, 2011/06/14,829.51,838.47,829.27,-131.019,746.559,-82.951,-82.951
1143, 2011/06/13,820.24,829.36,811.39,-123.069,738.216,-82.024,-82.024
1144, 2011/06/10,825.55,824.03,811.09,-135.829,742.995,-82.555,-82.555
1145, 2011/06/09,843.58,828.02,828.02,-141.679,759.222,-84.358,-84.358
1146, 2011/06/08,846.67,844.98,836.99,-148.919,762.003,-84.667,-84.667
1147, 2011/06/07,845.25,847.71,842.46,-166.729,760.725,-84.525,-84.525
1148, 2011/06/03,833.44,847.55,832.53,-149.479,750.096,-83.344,-83.344
1149, 2011/06/02,841.52,833.74,823.1,-143.029,757.368,-84.152,-84.152
1150, 2011/06/01,846.48,851.17,843.29,-110.749,761.832,-84.648,-84.648
1151, 2011/05/31,836.35,846.32,828.66,-99.139,752.715,-83.635,-83.635
1152, 2011/05/30,819.87,834.32,816.39,-81.979,737.883,-81.987,-81.987
1153, 2011/05/27,830.61,822.94,819.87,-79.759,747.549,-83.061,-83.061
1154, 2011/05/26,843.62,830.92,830.64,-91.829,759.258,-84.362,-84.362
1155, 2011/05/25,867.68,842.35,842.12,-112.099,780.912,-86.768,-86.768
1156, 2011/05/24,836.79,870.94,828.5,-57.229,753.111,-83.679,-83.679
1157, 2011/05/23,873.31,840.9,840.65,-107.749,785.979,-87.331,-87.331
1158, 2011/05/20,884.06,875.43,873.87,-137.619,795.654,-88.406,-88.406
1159, 2011/05/19,891.48,884.89,883.87,-135.019,802.332,-89.148,-89.148
1160, 2011/05/18,891.99,890.79,888.18,-99.609,802.791,-89.199,-89.199
1161, 2011/05/17,903.98,895.15,890.36,-117.929,813.582,-90.398,-90.398
1162, 2011/05/16,911.34,906.34,906.08,-133.649,820.206,-91.134,-91.134
1163, 2011/05/13,909.25,909.77,897.8,-147.549,818.325,-90.925,-90.925
1164, 2011/05/12,927.15,909.26,909.14,-177.879,834.435,-92.715,-92.715
1165, 2011/05/11,931.51,929.95,923.26,-180.669,838.359,-93.151,-93.151
1166, 2011/05/10,932.88,931.21,925.04,-173.509,839.592,-93.288,-93.288
1167, 2011/05/09,920.12,931.77,920.12,-162.449,828.108,-92.012,-92.012
1168, 2011/05/06,910.14,918.28,904.74,-166.989,819.126,-91.014,-91.014
1169, 2011/05/05,901.48,914.59,900.35,-166.139,811.332,-90.148,-90.148
1170, 2011/05/04,919.67,903.99,901.92,-171.899,827.703,-91.967,-91.967
1171, 2011/05/03,911.79,922.07,907.28,-151.419,820.611,-91.179,-91.179
1172, 2011/04/29,901.16,912.72,897.2,-138.869,811.044,-90.116,-90.116
1173, 2011/04/28,941.2,904.15,903.03,-184.299,847.08,-94.12,-94.12
1174, 2011/04/27,956.77,942.54,936.99,-197.209,861.093,-95.677,-95.677
1175, 2011/04/26,970.96,958.29,954.98,-234.079,873.864,-97.096,-97.096
1176, 2011/04/25,1001.08,975.18,974.99,-279.979,900.972,-100.108,-100.108
1177, 2011/04/22,1008.17,1004.65,1000.92,-290.369,907.353,-100.817,-100.817
1178, 2011/04/21,1007.98,1010.56,1006.91,-286.149,907.182,-100.798,-100.798
1179, 2011/04/20,993.94,1008.18,991.88,-269.189,894.546,-99.394,-99.394
1180, 2011/04/19,1000.88,994.3,986.9,-288.579,900.792,-100.088,-100.088
1181, 2011/04/18,1008.48,1003.26,1000.18,-293.519,907.632,-100.848,-100.848
1182, 2011/04/15,1015.97,1010.06,1002.64,-317.119,914.373,-101.597,-101.597
1183, 2011/04/14,1021.1,1016.62,1013.99,-323.309,918.99,-102.11,-102.11
1184, 2011/04/13,999.53,1020.75,998.52,-307.229,899.577,-99.953,-99.953
1185, 2011/04/12,1000.77,1000.17,997.75,-327.089,900.693,-100.077,-100.077
1186, 2011/04/11,1021.31,1002.8,1002.43,-334.799,919.179,-102.131,-102.131
1187, 2011/04/08,1004.14,1019.14,1002.38,-324.089,903.726,-100.414,-100.414
1188, 2011/04/07,993.38,1004.41,992.43,-327.979,894.042,-99.338,-99.338
1189, 2011/04/06,1011.68,994.26,992.31,-360.899,910.512,-101.168,-101.168
1190, 2011/04/01,1006.04,1015.08,1002.86,-357.359,905.436,-100.604,-100.604
1191, 2011/03/31,1006.72,1008.3,1005.37,-355.469,906.048,-100.672,-100.672
1192, 2011/03/30,1017.16,1006.37,1004.38,-370.779,915.444,-101.716,-101.716
1193, 2011/03/29,1050.29,1019.04,1017.88,-417.489,945.261,-105.029,-105.029
1194, 2011/03/28,1072.89,1052.11,1051.02,-447.979,965.601,-107.289,-107.289
1195, 2011/03/25,1077.34,1072.34,1069.38,-414.649,969.606,-107.734,-107.734
1196, 2011/03/24,1078.02,1077.99,1074.04,-444.109,970.218,-107.802,-107.802
1197, 2011/03/23,1066.17,1076.56,1064.59,-400.089,959.553,-106.617,-106.617
1198, 2011/03/22,1072.39,1067.29,1057.86,-362.499,965.151,-107.239,-107.239
1199, 2011/03/21,1083.15,1070.6,1068.32,-365.209,974.835,-108.315,-108.315
1200, 2011/03/18,1081.6,1083.6,1079.56,-365.149,973.44,-108.16,-108.16
1201, 2011/03/17,1096.22,1078.37,1074.87,-403.799,986.598,-109.622,-109.622
1202, 2011/03/16,1094.12,1102.22,1094.12,-425.099,984.708,-109.412,-109.412
1203, 2011/03/15,1108.2,1094.95,1078.23,-441.289,997.38,-110.82,-110.82
1204, 2011/03/14,1099.32,1107.54,1095.9,-392.209,989.388,-109.932,-109.932
1205, 2011/03/11,1090.21,1101.76,1088.65,-360.709,981.189,-109.021,-109.021
1206, 2011/03/10,1088.34,1093.9,1087.57,-371.789,979.506,-108.834,-108.834
1207, 2011/03/09,1084.7,1087.3,1075.46,-367.149,976.23,-108.47,-108.47
1208, 2011/03/08,1079.53,1084.82,1074.1,-352.359,971.577,-107.953,-107.953
1209, 2011/03/07,1073.93,1078.11,1069.93,-320.879,966.537,-107.393,-107.393
1210, 2011/03/04,1063.43,1071.86,1056.56,-301.989,957.087,-106.343,-106.343
1211, 2011/03/03,1088.89,1064.31,1062.37,-330.989,980.001,-108.889,-108.889
1212, 2011/03/02,1094.97,1088.9,1077.65,-333.629,985.473,-109.497,-109.497
1213, 2011/03/01,1100.81,1098.0,1091.98,-319.389,990.729,-110.081,-110.081
1214, 2011/02/28,1096.34,1099.78,1087.59,-302.899,986.706,-109.634,-109.634
1215, 2011/02/25,1098.11,1095.1,1085.8,-319.329,988.299,-109.811,-109.811
1216, 2011/02/24,1112.43,1101.95,1094.62,-365.869,1001.187,-111.243,-111.243
1217, 2011/02/23,1088.08,1114.05,1087.86,-332.319,979.272,-108.808,-108.808
1218, 2011/02/22,1118.61,1088.27,1087.01,-349.689,1006.749,-111.861,-111.861
1219, 2011/02/21,1096.17,1117.67,1094.43,-305.379,986.553,-109.617,-109.617
1220, 2011/02/18,1114.45,1100.46,1098.59,-315.609,1003.005,-111.445,-111.445
1221, 2011/02/17,1108.63,1115.33,1103.89,-299.199,997.767,-110.863,-110.863
1222, 2011/02/16,1086.77,1107.24,1083.85,-284.139,978.093,-108.677,-108.677
1223, 2011/02/15,1086.8,1087.73,1082.27,-288.699,978.12,-108.68,-108.68
1224, 2011/02/14,1072.31,1086.56,1072.31,-279.809,965.079,-107.231,-107.231
1225, 2011/02/11,1067.19,1071.58,1065.15,-238.009,960.471,-106.719,-106.719
1226, 2011/02/10,1026.25,1063.95,1024.71,-173.379,923.625,-102.625,-102.625
1227, 2011/02/09,1026.45,1025.15,1021.79,-188.339,923.805,-102.645,-102.645
1228, 2011/02/01,1029.67,1032.6,1026.9,-149.359,926.703,-102.967,-102.967
1229, 2011/01/31,1021.63,1029.12,1014.4,-154.789,919.467,-102.163,-102.163
1230, 2011/01/28,1013.64,1020.94,1011.31,-150.139,912.276,-101.364,-101.364
1231, 2011/01/27,991.06,1013.02,984.79,-122.919,891.954,-99.106,-99.106
1232, 2011/01/26,978.07,995.74,977.85,-113.259,880.263,-97.807,-97.807
1233, 2011/01/25,992.57,979.0,968.32,-124.139,893.313,-99.257,-99.257
1234, 2011/01/24,1024.79,994.97,994.26,-161.659,922.311,-102.479,-102.479
1235, 2011/01/21,1014.72,1024.51,1013.27,-145.529,913.248,-101.472,-101.472
1236, 2011/01/20,1047.77,1020.39,1020.29,-149.429,942.993,-104.777,-104.777
1237, 2011/01/19,1025.93,1048.54,1023.15,-132.419,923.337,-102.593,-102.593
1238, 2011/01/18,1021.84,1025.72,1014.63,-100.869,919.656,-102.184,-102.184
1239, 2011/01/17,1066.44,1028.16,1025.66,-150.459,959.796,-106.644,-106.644
1240, 2011/01/14,1092.09,1067.42,1065.75,-200.899,982.881,-109.209,-109.209
1241, 2011/01/13,1094.83,1093.86,1089.67,-199.559,985.347,-109.483,-109.483
1242, 2011/01/12,1083.12,1089.67,1071.09,-191.999,974.808,-108.312,-108.312
1243, 2011/01/11,1089.99,1078.37,1068.4,-227.629,980.991,-108.999,-108.999
1244, 2011/01/10,1124.34,1093.77,1089.06,-245.579,1011.906,-112.434,-112.434
1245, 2011/01/07,1132.73,1126.52,1119.61,-250.479,1019.457,-113.273,-113.273
1246, 2011/01/06,1153.63,1134.79,1134.09,-275.969,1038.267,-115.363,-115.363
1247, 2011/01/05,1153.91,1155.35,1146.38,-272.859,1038.519,-115.391,-115.391
1248, 2011/01/04,1142.17,1155.11,1140.04,-288.809,1027.953,-114.217,-114.217
1249, 2010/12/31,1117.36,1137.66,1117.36,-264.559,1005.624,-111.736,-111.736
1250, 2010/12/30,1113.56,1117.21,1106.43,-280.139,1002.204,-111.356,-111.356
1251, 2010/12/29,1091.82,1113.31,1091.82,-280.899,982.638,-109.182,-109.182
1252, 2010/12/28,1098.94,1091.48,1080.4,-287.809,989.046,-109.894,-109.894
1253, 2010/12/27,1145.7,1105.3,1100.52,-347.839,1031.13,-114.57,-114.57
1254, 2010/12/24,1170.7,1144.5,1140.13,-398.289,1053.63,-117.07,-117.07
1255, 2010/12/23,1198.74,1176.36,1175.86,-435.439,1078.866,-119.874,-119.874
1256, 2010/12/22,1214.77,1201.65,1199.68,-435.819,1093.293,-121.477,-121.477
1257, 2010/12/21,1212.09,1215.02,1204.48,-407.649,1090.881,-121.209,-121.209
1258, 2010/12/20,1235.67,1212.34,1180.53,-429.069,1112.103,-123.567,-123.567
1259, 2010/12/17,1222.93,1232.98,1222.93,-390.639,1100.637,-122.293,-122.293
1260, 2010/12/16,1209.619,1225.029,1209.339,-379.418,1088.6571,-120.9619,-120.9619
1261, 2010/12/15,1217.809,1211.799,1209.289,-384.788,1096.0281,-121.7809,-121.7809
1262, 2010/12/14,1211.459,1218.519,1204.659,-395.318,1090.3131,-121.1459,-121.1459
1263, 2010/12/13,1175.509,1209.269,1175.509,-389.358,1057.9581,-117.5509,-117.5509
1264, 2010/12/10,1139.829,1166.799,1136.329,-349.788,1025.8461,-113.9829,-113.9829
1265, 2010/12/09,1158.819,1144.529,1144.179,-367.688,1042.9371,-115.8819,-115.8819
1266, 2010/12/08,1160.919,1160.239,1158.099,-369.028,1044.8271,-116.0919,-116.0919
1267, 2010/12/07,1132.329,1161.689,1123.76,-314.808,1019.0961,-113.2329,-113.2329
1268, 2010/12/06,1157.719,1134.38,1124.939,-326.838,1041.9471,-115.7719,-115.7719
1269, 2010/12/03,1177.169,1157.939,1148.089,-347.818,1059.4521,-117.7169,-117.7169
1270, 2010/12/02,1187.099,1177.839,1177.809,-343.618,1068.3891,-118.7099,-118.7099
1271, 2010/12/01,1176.609,1177.179,1169.89,-323.688,1058.9481,-117.6609,-117.6609
1272, 2010/11/30,1219.079,1181.5,1146.969,-338.048,1097.1711,-121.9079,-121.9079
1273, 2010/11/29,1195.309,1220.109,1193.409,-338.498,1075.7781,-119.5309,-119.5309
1274, 2010/11/26,1184.799,1196.019,1179.279,-330.088,1066.3191,-118.4799,-118.4799
1275, 2010/11/25,1212.77,1186.359,1177.83,-337.889,1091.493,-121.277,-121.277
1276, 2010/11/24,1176.42,1208.45,1174.68,-300.559,1058.778,-117.642,-117.642
1277, 2010/11/23,1172.06,1183.5,1148.81,-295.109,1054.854,-117.206,-117.206
1278, 2010/11/22,1153.26,1174.94,1151.76,-291.339,1037.934,-115.326,-115.326
1279, 2010/11/19,1106.75,1153.17,1105.589,-225.169,996.075,-110.675,-110.675
1280, 2010/11/18,1090.14,1102.849,1077.06,-198.209,981.126,-109.014,-109.014
1281, 2010/11/17,1115.12,1085.349,1080.93,-215.509,1003.608,-111.512,-111.512
1282, 2010/11/16,1154.41,1126.18,1111.5,-279.669,1038.969,-115.441,-115.441
1283, 2010/11/15,1087.81,1148.54,1086.52,-203.939,979.029,-108.781,-108.781
1284, 2010/11/12,1126.85,1082.24,1080.27,-216.999,1014.165,-112.685,-112.685
1285, 2010/11/11,1137.08,1132.72,1132.36,-219.329,1023.372,-113.708,-113.708
1286, 2010/11/10,1115.74,1141.58,1113.75,-194.239,1004.166,-111.574,-111.574
1287, 2010/11/09,1110.43,1115.65,1102.01,-176.239,999.387,-111.043,-111.043
1288, 2010/11/08,1077.5,1107.06,1077.5,-123.469,969.75,-107.75,-107.75
1289, 2010/11/05,1067.87,1072.22,1058.26,-115.059,961.083,-106.787,-106.787
1290, 2010/11/04,1041.42,1057.71,1037.24,-98.479,937.278,-104.142,-104.142
1291, 2010/11/03,1063.199,1040.62,1040.549,-122.998,956.8791,-106.3199,-106.3199
1292, 2010/11/02,1108.089,1075.149,1074.579,-171.668,997.2801,-110.8089,-110.8089
1293, 2010/11/01,1071.629,1107.519,1071.629,-161.018,964.4661,-107.1629,-107.1629
1294, 2010/10/29,1042.399,1064.519,1042.399,-129.978,938.1591,-104.2399,-104.2399
1295, 2010/10/28,1024.699,1038.619,1023.489,-109.018,922.2291,-102.4699,-102.4699
1296, 2010/10/27,1034.859,1030.589,1028.699,-98.698,931.3731,-103.4859,-103.4859
1297, 2010/10/26,1041.529,1036.009,1020.939,-108.388,937.3761,-104.1529,-104.1529
1298, 2010/10/25,1018.079,1039.049,1018.079,-75.588,916.2711,-101.8079,-101.8079
1299, 2010/10/22,991.139,1013.449,991.139,-64.838,892.0251,-99.1139,-99.1139
1300, 2010/10/21,1001.679,991.839,983.659,-86.188,901.5111,-100.1679,-100.1679
1301, 2010/10/20,986.649,1004.539,986.029,-94.898,887.9841,-98.6649,-98.6649
1302, 2010/10/19,932.829,995.919,932.319,-54.069,839.5461,-93.2829,-93.2829
1303, 2010/10/18,941.869,932.359,913.819,-64.429,847.6821,-94.1869,-94.1869
1304, 2010/10/15,954.119,944.249,937.119,-34.929,858.7071,-95.4119,-95.4119
1305, 2010/10/14,963.289,958.499,956.859,-25.809,866.9601,-96.3289,-96.3289
1306, 2010/10/13,951.329,962.739,940.649,-5.819,856.1961,-95.1329,-95.1329
1307, 2010/10/12,946.63,951.789,945.01,-14.51,851.967,-94.663,-94.663
1308, 2010/10/11,960.909,947.109,941.909,-33.529,864.8181,-96.0909,-96.0909
1309, 2010/10/08,946.469,959.859,945.62,-33.189,851.8221,-94.6469,-94.6469
1310, 2010/09/30,923.829,942.539,921.359,-4.429,831.4461,-92.3829,-92.3829
1311, 2010/09/29,941.269,926.759,924.409,-25.719,847.1421,-94.1269,-94.1269
1312, 2010/09/28,949.63,942.049,939.63,-57.09,854.667,-94.963,-94.963
1313, 2010/09/27,936.209,950.669,930.869,-49.149,842.5881,-93.6209,-93.6209
1314, 2010/09/21,952.069,934.459,930.249,-28.069,856.8621,-95.2069,-95.2069
1315, 2010/09/20,972.449,949.199,947.409,-57.079,875.2041,-97.2449,-97.2449
1316, 2010/09/17,976.07,972.229,967.56,-45.24,878.463,-97.607,-97.607
1317, 2010/09/16,989.49,972.6,964.53,-62.19,890.541,-98.949,-98.949
1318, 2010/09/15,1029.52,990.1,987.05,-83.4,926.568,-102.952,-102.952
1319, 2010/09/14,1044.299,1031.219,1028.769,-93.159,939.8691,-104.4299,-104.4299
1320, 2010/09/13,1034.39,1042.479,1033.25,-101.61,930.951,-103.439,-103.439
1321, 2010/09/10,1021.87,1034.94,1016.19,-108.78,919.683,-102.187,-102.187
1322, 2010/09/09,1029.11,1021.83,1019.69,-137.59,926.199,-102.911,-102.911
1323, 2010/09/08,1020.23,1026.33,1016.84,-116.92,918.207,-102.023,-102.023
1324, 2010/09/07,1010.12,1022.62,1007.64,-115.21,909.108,-101.012,-101.012
1325, 2010/09/06,1039.46,1010.76,1007.43,-139.66,935.514,-103.946,-103.946
1326, 2010/09/03,1017.64,1036.7,1017.51,-123.36,915.876,-101.764,-101.764
1327, 2010/09/02,1001.6,1014.92,996.52,-118.18,901.44,-100.16,-100.16
1328, 2010/09/01,1025.68,995.59,987.59,-149.51,923.112,-102.568,-102.568
1329, 2010/08/31,1020.75,1025.57,1015.13,-165.48,918.675,-102.075,-102.075
1330, 2010/08/30,1002.99,1024.93,1002.99,-157.07,902.691,-100.299,-100.299
1331, 2010/08/27,978.51,999.46,975.72,-142.13,880.659,-97.851,-97.851
1332, 2010/08/26,978.6,980.63,973.0,-134.42,880.74,-97.86,-97.86
1333, 2010/08/25,1000.27,976.88,976.55,-156.41,900.243,-100.027,-100.027
1334, 2010/08/24,993.58,1004.99,987.22,-161.26,894.222,-99.358,-99.358
1335, 2010/08/23,994.94,995.61,991.52,-180.5,895.446,-99.494,-99.494
1336, 2010/08/20,1021.46,995.94,993.56,-229.95,919.314,-102.146,-102.146
1337, 2010/08/19,1026.98,1025.53,1021.7,-231.37,924.282,-102.698,-102.698
1338, 2010/08/18,1033.71,1026.72,1018.5,-241.95,930.339,-103.371,-103.371
1339, 2010/08/17,1031.08,1033.58,1023.08,-228.44,927.972,-103.108,-103.108
1340, 2010/08/16,1007.5,1030.22,1005.05,-196.79,906.75,-100.75,-100.75
1341, 2010/08/13,992.63,1007.21,986.62,-165.1,893.367,-99.263,-99.263
1342, 2010/08/12,994.05,991.78,987.98,-155.58,894.645,-99.405,-99.405
1343, 2010/08/11,991.28,1004.64,990.94,-161.92,892.152,-99.128,-99.128
1344, 2010/08/10,1031.98,993.99,993.99,-207.95,928.782,-103.198,-103.198
1345, 2010/08/09,1013.25,1032.34,1013.25,-185.23,911.925,-101.325,-101.325
1346, 2010/08/06,987.97,1011.39,985.63,-142.99,889.173,-98.797,-98.797
1347, 2010/08/05,980.27,987.35,978.33,-132.56,882.243,-98.027,-98.027
1348, 2010/08/04,971.41,978.01,955.93,-123.86,874.269,-97.141,-97.141
1349, 2010/08/03,995.2,975.65,975.65,-161.46,895.68,-99.52,-99.52
1350, 2010/08/02,968.45,994.23,968.45,-117.28,871.605,-96.845,-96.845
1351, 2010/07/30,971.66,968.43,955.92,-125.34,874.494,-97.166,-97.166
1352, 2010/07/29,974.3,975.36,965.61,-139.98,876.87,-97.43,-97.43
1353, 2010/07/28,955.19,972.53,954.52,-132.25,859.671,-95.519,-95.519
1354, 2010/07/27,963.54,957.97,955.73,-132.62,867.186,-96.354,-96.354
1355, 2010/07/26,962.76,966.15,954.76,-120.41,866.484,-96.276,-96.276
1356, 2010/07/23,951.84,960.59,948.13,-80.9,856.656,-95.184,-95.184
1357, 2010/07/22,938.22,950.21,932.02,-97.32,844.398,-93.822,-97.32
1358, 2010/07/21,940.1,941.25,938.16,-64.67,846.09,-94.01,-64.67
1359, 2010/07/20,909.54,937.02,909.54,-24.65,818.586,-90.954,-24.65
1360, 2010/07/19,881.66,908.05,878.07,9.13,793.494,-88.166,9.13
1361, 2010/07/16,885.07,892.3,869.02,10.08,796.563,-88.507,10.08
1362, 2010/07/15,920.05,892.56,892.56,-13.71,828.045,-92.005,-13.71
1363, 2010/07/14,929.75,922.36,916.07,-19.98,836.775,-92.975,-19.98
1364, 2010/07/13,924.95,931.08,906.3,-15.69,832.455,-92.495,-15.69
1365, 2010/07/12,931.54,930.17,924.06,-1.59,838.386,-93.154,-1.59
1366, 2010/07/09,903.5,932.15,896.89,27.71,813.15,-90.35,27.71
1367, 2010/07/08,912.0,905.51,887.03,19.77,820.8,-91.2,19.77
1368, 2010/07/07,896.53,908.55,890.34,21.75,806.877,-89.653,21.75
1369, 2010/07/06,859.26,893.72,857.8,55.33,773.334,-85.926,55.33
1370, 2010/07/05,857.37,862.27,842.73,46.62,771.633,-85.737,46.62
1371, 2010/07/02,878.95,873.12,832.62,43.12,791.055,-87.895,43.12
1372, 2010/07/01,914.4,882.19,882.19,-1.68,822.96,-91.44,-1.68
