date,close,ma5,ma10,ma20,gt_ma,earning,earning2
2016-02-26,9.48,10.074,10.102,9.847,False,0.0,
2016-02-25,9.5,10.202,10.127,9.886,False,0.0,
2016-02-24,10.56,10.338,10.165,9.92,True,,0.0
2016-02-23,10.38,10.28,10.079,9.915,True,,0.0
2016-02-22,10.45,10.25,9.999,9.929,True,,0.0
2016-02-19,10.12,10.13,9.873,9.92,False,0.0,-0.64
2016-02-18,10.18,10.052,9.793,9.914,True,-0.68,0.0
2016-02-17,10.27,9.992,9.669,9.935,True,0.29,0.0
2016-02-16,10.23,9.878,9.582,9.936,True,0.15,0.0
2016-02-15,9.85,9.748,9.519,9.954,True,0.6,0.0
2016-02-05,9.73,9.616,9.591,9.982,True,0.39,0.0
2016-02-04,9.88,9.534,9.645,10.054,True,0.3,0.0
2016-02-03,9.7,9.346,9.675,10.118,True,0.57,0.0
2016-02-02,9.58,9.286,9.75,10.253,True,0.65,0.0
2016-02-01,9.19,9.29,9.859,10.386,False,0.0,0.66
2016-01-29,9.32,9.566,9.966,10.564,False,0.0,0.41
2016-01-28,8.94,9.756,10.034,10.805,False,0.0,0.94
2016-01-27,9.4,10.004,10.2,11.092,False,0.0,0.3
2016-01-26,9.6,10.214,10.29,11.35,False,0.0,-0.02
2016-01-25,10.57,10.428,10.389,11.592,True,-1.38,0.0
2016-01-22,10.27,10.366,10.372,11.802,False,0.0,-0.95
2016-01-21,10.18,10.312,10.463,12.023,False,0.0,-1.24
2016-01-20,10.45,10.396,10.561,12.255,True,-1.05,0.0
2016-01-19,10.67,10.366,10.756,12.482,True,-1.07,0.0
2016-01-18,10.26,10.35,10.913,12.712,False,0.0,0.31
2016-01-15,10.0,10.378,11.161,12.954,False,0.0,0.27
2016-01-14,10.6,10.614,11.576,13.225,False,0.0,-0.42
2016-01-13,10.3,10.726,11.984,13.437,False,0.0,0.15
2016-01-12,10.59,11.146,12.409,13.653,False,0.0,0.08
2016-01-11,10.4,11.476,12.795,13.851,False,0.0,-0.14
2016-01-08,11.18,11.944,13.231,14.05,False,0.0,-1.18
2016-01-07,11.16,12.538,13.582,14.23,False,0.0,-0.56
2016-01-06,12.4,13.242,13.949,14.385,False,0.0,-2.1
2016-01-05,12.24,13.672,14.208,14.484,False,0.0,-1.65
2016-01-04,12.74,14.114,14.511,14.584,False,0.0,-2.34
2015-12-31,14.15,14.518,14.747,14.661,False,0.0,-2.97
2015-12-30,14.68,14.626,14.873,14.658,True,-3.52,0.0
2015-12-29,14.55,14.656,14.89,14.609,False,0.0,-2.15
2015-12-28,14.45,14.744,14.896,14.592,False,0.0,-2.21
2015-12-25,14.76,14.908,14.906,14.539,False,0.0,-2.02
2015-12-24,14.69,14.976,14.869,14.47,False,0.0,-0.54
2015-12-23,14.83,15.12,14.878,14.462,False,0.0,-0.15
2015-12-22,14.99,15.124,14.82,14.47,False,0.0,-0.44
2015-12-21,15.27,15.048,14.759,14.438,True,-0.82,0.0
2015-12-18,15.1,14.904,14.657,14.394,True,-0.34,0.0
2015-12-17,15.41,14.762,14.575,14.353,True,-0.72,0.0
2015-12-16,14.85,14.636,14.442,14.292,True,-0.02,0.0
2015-12-15,14.61,14.516,14.328,14.247,True,0.38,0.0
2015-12-14,14.55,14.47,14.287,14.241,True,0.72,0.0
2015-12-11,14.39,14.41,14.172,14.244,False,0.0,0.71
2015-12-10,14.78,14.388,14.071,14.256,True,0.63,0.0
2015-12-09,14.25,14.248,14.046,14.284,True,0.6,0.0
2015-12-08,14.38,14.14,14.12,14.339,True,0.23,0.0
2015-12-07,14.25,14.104,14.116,14.353,True,0.3,0.0
2015-12-04,14.28,13.934,14.13,14.386,True,0.11,0.0
2015-12-03,14.08,13.754,14.13,14.374,True,0.7,0.0
2015-12-02,13.71,13.844,14.142,14.366,False,0.0,0.54
2015-12-01,14.2,14.1,14.166,14.395,True,0.18,0.0
2015-11-30,13.4,14.128,14.194,14.351,False,0.0,0.85
2015-11-27,13.38,14.326,14.315,14.335,False,0.0,0.9
2015-11-26,14.53,14.506,14.44,14.351,True,-0.45,0.0
2015-11-25,14.99,14.44,14.522,14.324,True,-1.28,0.0
2015-11-24,14.34,14.232,14.558,14.261,True,-0.14,0.0
2015-11-23,14.39,14.26,14.59,14.304,True,-0.99,0.0
2015-11-20,14.28,14.304,14.642,14.321,False,0.0,-0.9
2015-11-19,14.2,14.374,14.618,14.333,False,0.0,0.33
2015-11-18,13.95,14.604,14.589,14.283,False,0.0,1.04
2015-11-17,14.48,14.884,14.623,14.186,False,0.0,-0.14
2015-11-16,14.61,14.92,14.507,14.051,False,0.0,-0.22
2015-11-13,14.63,14.98,14.355,13.879,False,0.0,-0.35
2015-11-12,15.35,14.862,14.261,13.716,True,-1.15,0.0
2015-11-11,15.35,14.574,14.125,13.505,True,-1.4,0.0
2015-11-10,14.66,14.362,13.964,13.267,True,-0.18,0.0
2015-11-09,14.91,14.094,14.017,13.059,True,-0.3,0.0
2015-11-06,14.04,13.73,14.0,12.839,True,0.59,0.0
2015-11-05,13.91,13.66,14.048,12.641,True,1.44,0.0
2015-11-04,14.29,13.676,13.977,12.448,True,1.06,0.0
2015-11-03,13.32,13.566,13.748,12.201,False,0.0,1.34
2015-11-02,13.09,13.94,13.595,12.002,False,0.0,1.82
2015-10-30,13.69,14.27,13.403,11.81,False,0.0,0.35
2015-10-29,13.99,14.436,13.171,11.601,False,0.0,-0.08
2015-10-28,13.74,14.278,12.884,11.367,False,0.0,0.55
2015-10-27,15.19,13.93,12.569,11.169,True,-1.87,0.0
2015-10-26,14.74,13.25,12.1,10.892,True,-1.65,0.0
2015-10-23,14.52,12.536,11.678,10.648,True,-0.83,0.0
2015-10-22,13.2,11.906,11.233,10.417,True,0.79,0.0
2015-10-21,12.0,11.49,10.918,10.23,True,1.74,0.0
2015-10-20,11.79,11.208,10.654,10.096,True,3.4,0.0
2015-10-19,11.17,10.95,10.408,9.968,True,3.57,0.0
2015-10-16,11.37,10.82,10.216,9.829,True,3.15,0.0
2015-10-15,11.12,10.56,10.03,9.72,True,2.08,0.0
2015-10-14,10.59,10.346,9.849,9.674,True,1.41,0.0
2015-10-13,10.5,10.1,9.768,9.653,True,1.29,0.0
2015-10-12,10.52,9.866,9.683,9.653,True,0.65,0.0
2015-10-09,10.07,9.612,9.618,9.633,True,1.3,0.0
2015-10-08,10.05,9.5,9.601,9.618,True,1.07,0.0
2015-10-07,9.36,9.352,9.541,9.596,True,1.23,0.0
2015-09-30,9.33,9.436,9.537,9.586,False,0.0,1.17
2015-09-29,9.25,9.5,9.527,9.628,False,0.0,1.27
2015-09-28,9.51,9.624,9.442,9.71,False,0.0,0.56
2015-09-25,9.31,9.702,9.409,9.742,False,0.0,0.74
2015-09-24,9.78,9.73,9.498,9.762,True,-0.42,0.0
2015-09-23,9.65,9.638,9.538,9.78,True,-0.32,0.0
2015-09-22,9.87,9.554,9.623,9.862,True,-0.62,0.0
2015-09-21,9.9,9.26,9.647,9.995,True,-0.39,0.0
2015-09-18,9.45,9.116,9.634,10.113,True,-0.14,0.0
2015-09-17,9.32,9.266,9.651,10.279,True,0.46,0.0
2015-09-16,9.23,9.438,9.634,10.427,False,0.0,0.42
2015-09-15,8.4,9.692,9.728,10.642,False,0.0,1.47
2015-09-14,9.18,10.034,9.977,10.899,False,0.0,0.72
2015-09-11,10.2,10.152,10.075,11.123,True,-0.75,0.0
2015-09-10,10.18,10.036,10.025,11.284,True,-0.86,0.0
2015-09-09,10.5,9.83,10.022,11.47,True,-1.27,0.0
2015-09-08,10.11,9.764,10.1,11.658,True,-1.71,0.0
2015-09-07,9.77,9.92,10.342,11.844,False,0.0,-0.59
2015-09-02,9.62,9.998,10.591,12.023,False,0.0,0.58
2015-09-01,9.15,10.014,10.907,12.21,False,0.0,1.03
2015-08-31,10.17,10.214,11.22,12.435,False,0.0,0.33
2015-08-28,10.89,10.436,11.556,12.569,True,-0.78,0.0
2015-08-27,10.16,10.764,11.821,12.648,False,0.0,-0.39
2015-08-26,9.7,11.184,12.171,12.764,False,0.0,-0.08
2015-08-25,10.15,11.8,12.542,12.919,False,0.0,-1.0
2015-08-24,11.28,12.226,12.918,13.02,False,0.0,-1.11
2015-08-21,12.53,12.676,13.216,13.061,False,0.0,-1.64
2015-08-20,12.26,12.878,13.345,13.107,False,0.0,-2.1
2015-08-19,12.78,13.158,13.455,13.186,False,0.0,-3.08
2015-08-18,12.28,13.284,13.513,13.212,False,0.0,-2.13
2015-08-17,13.53,13.61,13.649,13.269,False,0.0,-2.25
2015-08-14,13.54,13.756,13.582,13.262,False,0.0,-1.01
2015-08-13,13.66,13.812,13.474,13.249,False,0.0,-1.4
2015-08-12,13.41,13.752,13.357,13.18,False,0.0,-0.63
2015-08-11,13.91,13.742,13.296,13.1,True,-1.63,0.0
2015-08-10,14.26,13.688,13.122,13.035,True,-0.73,0.0
2015-08-07,13.82,13.408,12.906,12.895,True,-0.28,0.0
2015-08-06,13.36,13.136,12.868,12.725,True,0.3,0.0
2015-08-05,13.36,12.962,12.917,12.636,True,0.05,0.0
2015-08-04,13.64,12.85,12.911,12.526,True,0.27,0.0
2015-08-03,12.86,12.556,12.889,12.445,True,1.4,0.0
2015-07-31,12.46,12.404,12.941,12.427,True,1.36,0.0
2015-07-30,12.49,12.6,13.024,12.453,False,0.0,0.87
2015-07-29,12.8,12.872,13.002,12.436,False,0.0,0.56
2015-07-28,12.17,12.972,12.904,12.471,False,0.0,1.47
2015-07-27,12.1,13.222,12.948,12.612,False,0.0,0.76
2015-07-24,13.44,13.478,12.884,12.811,False,0.0,-0.98
2015-07-23,13.85,13.448,12.582,12.92,True,-1.36,0.0
2015-07-22,13.3,13.132,12.355,13.015,True,-0.5,0.0
2015-07-21,13.42,12.836,12.141,13.225,True,-1.25,0.0
2015-07-20,13.38,12.674,12.0,13.481,True,-1.28,0.0
2015-07-17,13.29,12.29,11.912,13.798,True,0.15,0.0
2015-07-16,12.27,11.716,11.881,14.053,True,1.58,0.0
2015-07-15,11.82,11.578,11.869,14.32,True,1.48,0.0
2015-07-14,12.61,11.446,12.037,14.601,True,0.81,0.0
2015-07-13,11.46,11.326,12.276,14.852,True,1.92,0.0
2015-07-07,10.42,11.534,12.738,15.155,False,0.0,2.87
2015-07-06,11.58,12.046,13.258,15.519,False,0.0,0.69
2015-07-03,11.16,12.16,13.675,15.874,False,0.0,0.66
2015-07-02,12.01,12.628,14.309,16.255,False,0.0,0.6
2015-07-01,12.5,13.226,14.961,16.587,False,0.0,-1.04
2015-06-30,12.98,13.942,15.683,16.922,False,0.0,-2.56
2015-06-29,12.15,14.47,16.225,17.158,False,0.0,-0.57
2015-06-26,13.5,15.19,16.771,17.388,False,0.0,-2.34
2015-06-25,15.0,15.99,17.164,17.549,False,0.0,-2.99
2015-06-24,16.08,16.696,17.427,17.727,False,0.0,-3.58
2015-06-23,15.62,17.424,17.572,19.36,False,0.0,-2.64
2015-06-19,15.75,17.98,17.78,20.834,False,0.0,-3.6
2015-06-18,17.5,18.352,18.072,22.333,False,0.0,-4.0
2015-06-17,18.53,18.338,18.2,23.697,True,-3.53,0.0
2015-06-16,19.72,18.158,18.213,24.869,True,-3.64,0.0
2015-06-15,18.4,17.72,18.16,25.864,True,-2.78,0.0
2015-06-12,17.61,17.58,18.091,26.821,True,-1.86,0.0
2015-06-11,17.43,17.792,18.005,27.651,False,0.0,0.07
2015-06-10,17.63,18.062,17.933,28.529,False,0.0,0.9
2015-06-09,17.53,18.268,18.026,29.423,False,0.0,2.19
2015-06-08,17.7,18.6,21.147,30.257,False,0.0,0.7
2015-06-05,18.67,18.602,23.887,31.075,True,-1.06,0.0
2015-06-04,18.78,18.218,26.594,31.754,True,-1.35,0.0
2015-06-03,18.66,17.804,29.194,32.363,True,-1.03,0.0
2015-06-02,19.19,17.784,31.525,33.085,True,-1.66,0.0
2015-06-01,17.71,23.694,33.568,33.766,False,0.0,-0.01
2015-05-29,16.75,29.172,35.551,34.542,False,0.0,1.92
2015-05-28,16.71,34.97,37.296,35.379,False,0.0,2.07
2015-05-27,18.56,40.584,39.124,36.187,False,0.0,0.1
2015-05-26,48.74,45.266,40.82,36.87,True,-29.55,0.0
2015-05-25,45.1,43.442,39.366,36.154,True,-27.39,0.0
2015-05-22,45.74,41.93,38.262,35.621,True,-28.99,0.0
2015-05-21,44.78,39.622,36.913,34.985,True,-28.07,0.0
2015-05-20,41.97,37.664,35.531,34.416,True,-23.41,0.0
2015-05-19,39.62,36.374,34.645,33.976,True,9.12,0.0
2015-05-18,37.54,35.29,33.963,33.557,True,7.56,0.0
2015-05-15,34.2,34.594,33.532,33.385,False,0.0,11.54
2015-05-14,34.99,34.204,33.461,33.464,True,9.79,0.0
2015-05-13,35.52,33.398,33.25,33.664,True,6.45,0.0
2015-05-12,34.2,32.916,32.919,33.756,True,5.42,0.0
2015-05-11,34.06,32.636,32.941,33.767,True,3.48,0.0
2015-05-08,32.25,32.47,32.98,33.691,False,0.0,1.95
2015-05-07,30.96,32.718,33.056,33.7,False,0.0,4.03
2015-05-06,33.11,33.102,33.3,33.685,True,2.41,0.0
2015-05-05,32.8,32.922,33.306,33.52,False,0.0,1.4
2015-05-04,33.23,33.246,33.15,33.38,False,0.0,0.83
2015-04-30,33.49,33.49,33.238,33.218,False,0.0,0.0
2015-04-29,32.88,33.394,33.466,33.078,False,0.0,-1.92
2015-04-28,32.21,33.498,34.078,32.903,False,0.0,0.9
2015-04-27,34.42,33.69,34.593,32.783,True,-1.62,0.0
2015-04-24,34.45,33.054,34.593,32.427,True,-1.22,0.0
2015-04-23,33.01,32.986,34.401,32.08,True,0.48,0.0
2015-04-22,33.4,33.538,34.344,31.773,False,0.0,-0.52
2015-04-21,33.17,34.658,34.069,31.449,False,0.0,-0.96
2015-04-20,31.24,35.496,33.734,31.157,False,0.0,3.18
2015-04-17,34.11,36.132,33.609,30.943,False,0.0,0.34
2015-04-16,35.77,35.816,33.197,30.56,False,0.0,-2.76
2015-04-08,39.0,35.15,32.69,30.044,True,-5.6,0.0
2015-04-07,37.36,33.48,31.728,29.361,True,-4.19,0.0
2015-04-03,34.42,31.972,30.972,28.685,True,-3.18,0.0
2015-04-02,32.53,31.086,30.26,28.165,True,1.58,0.0
2015-04-01,32.44,30.578,29.758,27.789,True,3.33,0.0
2015-03-31,30.65,30.23,29.202,27.402,True,8.35,0.0
2015-03-30,29.82,29.976,28.828,27.069,False,0.0,7.54
2015-03-27,29.99,29.972,28.579,26.768,True,4.43,0.0
2015-03-26,29.99,29.434,28.276,26.468,True,2.54,0.0
2015-03-25,30.7,28.938,27.923,26.178,True,1.74,0.0
2015-03-24,29.38,28.174,27.397,25.831,True,1.27,0.0
2015-03-23,29.8,27.68,26.993,25.576,True,0.02,0.0
2015-03-20,27.3,27.186,26.398,25.295,True,2.69,0.0
2015-03-19,27.51,27.118,26.07,25.115,True,2.48,0.0
2015-03-18,26.88,26.908,25.819,24.92,False,0.0,3.82
2015-03-17,26.91,26.62,25.601,24.678,True,2.47,0.0
2015-03-16,27.33,26.306,25.309,24.458,True,2.47,0.0
2015-03-13,26.96,25.61,24.957,24.221,True,0.34,0.0
2015-03-12,26.46,25.022,24.66,24.005,True,1.05,0.0
2015-03-11,25.44,24.73,24.432,23.811,True,1.44,0.0
2015-03-10,25.34,24.582,24.265,23.651,True,1.57,0.0
2015-03-09,23.85,24.312,24.159,23.488,False,0.0,3.48
2015-03-06,24.02,24.304,24.192,23.387,False,0.0,2.94
2015-03-05,25.0,24.298,24.16,23.204,True,1.46,0.0
2015-03-04,24.7,24.134,24.02,22.955,True,0.74,0.0
2015-03-03,23.99,23.948,23.755,22.721,True,1.35,0.0
2015-03-02,23.81,24.006,23.606,22.535,False,0.0,0.04
2015-02-27,23.99,24.08,23.485,22.34,False,0.0,0.03
2015-02-26,24.18,24.022,23.35,22.13,True,0.82,0.0
2015-02-25,23.77,23.906,23.189,21.894,False,0.0,0.93
2015-02-24,24.28,23.562,23.037,21.669,True,-0.29,0.0
2015-02-17,24.18,23.206,22.817,21.418,True,-0.37,0.0
2015-02-16,23.7,22.89,22.581,21.164,True,0.29,0.0
2015-02-13,23.6,22.678,22.248,20.911,True,0.58,0.0
2015-02-12,22.05,22.472,21.89,20.672,False,0.0,1.72
2015-02-11,22.5,22.512,21.686,20.506,False,0.0,1.78
2015-02-10,22.6,22.428,21.463,20.318,True,1.58,0.0
2015-02-09,22.64,22.272,21.194,20.133,True,1.06,0.0
2015-02-06,22.57,21.818,20.91,19.91,True,1.03,0.0
2015-02-05,22.25,21.308,20.598,19.703,True,-0.2,0.0
2015-02-04,22.08,20.86,20.301,19.52,True,0.42,0.0
2015-02-03,21.82,20.498,20.018,19.343,True,0.78,0.0
2015-02-02,20.37,20.116,19.747,19.173,True,2.27,0.0
2015-01-30,20.02,20.002,19.573,19.059,True,2.55,0.0
2015-01-29,20.01,19.888,19.454,18.927,True,2.24,0.0
2015-01-28,20.27,19.742,19.326,18.789,True,1.81,0.0
2015-01-27,19.91,19.538,19.172,18.64,True,1.91,0.0
2015-01-26,19.8,19.378,19.071,18.534,True,0.57,0.0
2015-01-23,19.45,19.144,18.909,18.427,True,0.57,0.0
2015-01-22,19.28,19.02,18.807,18.337,True,0.73,0.0
2015-01-21,19.25,18.91,18.739,18.237,True,1.02,0.0
2015-01-20,19.11,18.806,18.667,18.135,True,0.8,0.0
2015-01-19,18.63,18.764,18.598,18.064,False,0.0,1.17
2015-01-16,18.83,18.674,18.545,18.044,True,0.62,0.0
2015-01-15,18.73,18.594,18.4,18.022,True,0.55,0.0
2015-01-14,18.73,18.568,18.252,18.023,True,0.52,0.0
2015-01-13,18.9,18.528,18.107,18.032,True,0.21,0.0
2015-01-12,18.18,18.432,17.996,17.986,False,0.0,0.45
2015-01-09,18.43,18.416,17.944,17.975,True,0.4,0.0
2015-01-08,18.6,18.206,17.867,17.95,True,0.13,0.0
2015-01-07,18.53,17.936,17.735,17.902,True,0.2,0.0
2015-01-06,18.42,17.686,17.602,17.883,True,0.48,0.0
2015-01-05,18.1,17.56,17.53,17.888,True,0.08,0.0
2014-12-31,17.38,17.472,17.542,17.926,False,0.0,1.05
2014-12-30,17.25,17.528,17.643,17.984,False,0.0,1.35
2014-12-29,17.28,17.534,17.794,18.059,False,0.0,1.25
2014-12-26,17.79,17.518,17.956,18.119,True,0.63,0.0
2014-12-25,17.66,17.5,17.976,18.147,True,0.44,0.0
2014-12-24,17.66,17.612,18.005,18.185,True,-0.28,0.0
2014-12-23,17.28,17.758,18.032,18.242,False,0.0,-0.03
2014-12-22,17.2,18.054,18.069,18.306,False,0.0,0.08
2014-12-19,17.7,18.394,18.164,18.396,False,0.0,0.09
2014-12-18,18.22,18.452,18.246,18.463,False,0.0,-0.56
2014-12-17,18.39,18.398,18.309,18.536,False,0.0,-0.73
2014-12-16,18.76,18.306,18.324,18.612,True,-1.48,0.0
2014-12-15,18.9,18.084,18.324,18.667,True,-1.7,0.0
2014-12-12,17.99,17.934,18.282,18.73,True,-0.29,0.0
2014-12-11,17.95,18.04,18.317,18.828,False,0.0,0.27
2014-12-10,17.93,18.22,18.365,18.956,False,0.0,0.46
2014-12-09,17.65,18.342,18.451,19.081,False,0.0,1.11
2014-12-08,18.15,18.564,18.543,19.236,False,0.0,0.75
2014-12-05,18.52,18.63,18.628,19.37,False,0.0,-0.53
2014-12-04,18.85,18.594,18.679,19.485,True,-0.9,0.0
2014-12-03,18.54,18.51,18.763,19.57,True,-0.61,0.0
2014-12-02,18.76,18.56,18.899,19.653,True,-1.11,0.0
2014-11-19,18.48,18.522,19.009,19.721,False,0.0,-0.33
2014-11-18,18.34,18.626,19.178,19.795,False,0.0,0.18
2014-11-17,18.43,18.764,19.339,19.889,False,0.0,0.42
2014-11-14,18.79,19.016,19.546,19.97,False,0.0,-0.25
2014-11-13,18.57,19.238,19.71,20.012,False,0.0,0.19
2014-11-12,19.0,19.496,19.928,20.084,False,0.0,-0.52
2014-11-11,19.03,19.73,20.112,20.175,False,0.0,-0.69
2014-11-10,19.69,19.914,20.29,20.246,False,0.0,-1.26
2014-11-07,19.9,20.076,20.377,20.284,False,0.0,-1.11
2014-11-06,19.86,20.182,20.407,20.313,False,0.0,-1.29
2014-11-05,20.17,20.36,20.433,20.331,False,0.0,-1.17
2014-11-04,19.95,20.494,20.411,20.33,False,0.0,-0.92
2014-11-03,20.5,20.666,20.439,20.301,False,0.0,-0.81
2014-10-31,20.43,20.678,20.393,20.242,False,0.0,-0.53
2014-10-30,20.75,20.632,20.314,20.184,True,-0.89,0.0
2014-10-29,20.84,20.506,20.239,20.123,True,-0.67,0.0
2014-10-28,20.81,20.328,20.237,20.061,True,-0.86,0.0
2014-10-27,20.56,20.212,20.202,19.992,True,-0.06,0.0
2014-10-24,20.2,20.108,20.191,19.928,True,0.23,0.0
2014-10-23,20.12,19.996,20.218,19.896,True,0.63,0.0
2014-10-22,19.95,19.972,20.228,19.872,False,0.0,0.89
2014-10-21,20.23,20.146,20.248,19.846,True,0.58,0.0
2014-10-20,20.04,20.192,20.162,19.81,False,0.0,0.52
2014-10-17,19.64,20.274,20.091,19.811,False,0.0,0.56
2014-10-16,20.0,20.44,20.053,19.834,False,0.0,0.12
2014-10-15,20.82,20.484,20.006,19.812,True,-0.87,0.0
2014-10-14,20.46,20.35,19.884,19.756,True,-0.23,0.0
2014-10-13,20.45,20.132,19.782,19.715,True,-0.41,0.0
2014-10-10,20.47,19.908,19.665,19.666,True,-0.83,0.0
2014-10-09,20.22,19.666,19.573,19.645,True,-0.22,0.0
2014-10-08,20.15,19.528,19.516,19.657,True,0.67,0.0
2014-09-30,19.37,19.418,19.443,19.674,False,0.0,1.09
2014-09-29,19.33,19.432,19.457,19.703,False,0.0,1.12
2014-09-26,19.26,19.422,19.531,19.73,False,0.0,1.21
2014-09-25,19.53,19.48,19.614,19.757,True,0.69,0.0
2014-09-24,19.6,19.504,19.618,19.773,True,0.55,0.0
2014-09-23,19.44,19.468,19.628,19.773,False,0.0,-0.07
2014-09-22,19.28,19.482,19.648,19.776,False,0.0,0.05
2014-09-19,19.55,19.64,19.666,19.8,False,0.0,-0.29
2014-09-18,19.65,19.748,19.717,19.824,False,0.0,-0.12
2014-09-17,19.42,19.732,19.797,19.853,False,0.0,0.18
2014-09-16,19.51,19.788,19.904,19.889,False,0.0,-0.07
2014-09-15,20.07,19.814,19.948,19.949,True,-0.79,0.0
2014-09-12,20.09,19.692,19.929,19.984,True,-0.54,0.0
2014-09-11,19.57,19.686,19.9,19.999,False,0.0,0.08
2014-09-10,19.7,19.862,19.928,20.058,False,0.0,-0.28
2014-09-09,19.64,20.02,19.918,20.068,False,0.0,-0.13
2014-09-05,19.46,20.082,19.904,20.082,False,0.0,0.61
2014-09-04,20.06,20.166,19.933,20.084,False,0.0,0.03
2014-09-03,20.45,20.114,19.93,20.061,True,-0.88,0.0
2014-09-02,20.49,19.994,19.909,20.023,True,-0.79,0.0
2014-09-01,19.95,19.816,19.874,19.997,True,-0.31,0.0
2014-08-29,19.88,19.726,19.95,19.998,True,-0.42,0.0
2014-08-28,19.8,19.7,20.038,19.93,True,0.26,0.0
2014-08-27,19.85,19.746,20.098,19.859,True,0.6,0.0
2014-08-26,19.6,19.824,20.188,19.783,False,0.0,0.89
2014-08-25,19.5,19.932,20.218,19.722,False,0.0,0.45
2014-08-22,19.75,20.174,20.26,19.677,False,0.0,0.13
2014-08-21,20.03,20.376,20.235,19.6,False,0.0,-0.23
2014-08-20,20.24,20.45,20.192,19.497,False,0.0,-0.39
2014-08-19,20.14,20.552,20.137,19.375,False,0.0,-0.54
2014-08-18,20.71,20.504,20.119,19.258,True,-1.21,0.0
2014-08-15,20.76,20.346,20.046,19.106,True,-1.01,0.0
2014-08-14,20.4,20.094,19.822,18.938,True,-0.37,0.0
2014-08-13,20.75,19.934,19.62,18.778,True,-0.51,0.0
2014-07-15,19.9,19.722,19.377,18.62,True,0.24,0.0
2014-07-14,19.92,19.734,19.226,18.52,True,0.79,0.0
2014-07-11,19.5,19.746,19.094,18.425,False,0.0,1.26
2014-07-10,19.6,19.55,18.964,18.355,True,0.8,0.0
2014-07-09,19.69,19.306,18.802,18.279,True,1.06,0.0
2014-07-08,19.96,19.032,18.612,18.206,True,-0.06,0.0
2014-07-07,19.98,18.718,18.396,18.116,True,-0.06,0.0
2014-07-04,18.52,18.442,18.165,18.02,True,0.98,0.0
2014-07-03,18.38,18.378,18.054,17.997,True,1.22,0.0
2014-07-02,18.32,18.298,17.936,17.973,True,1.37,0.0
2014-07-01,18.39,18.192,17.862,17.932,True,1.57,0.0
2014-06-30,18.6,18.074,17.814,17.896,True,1.38,0.0
2014-06-27,18.2,17.888,17.755,17.851,True,0.32,0.0
2014-06-26,17.98,17.73,17.745,17.831,True,0.4,0.0
2014-06-25,17.79,17.574,17.755,17.82,True,0.53,0.0
2014-06-24,17.8,17.532,17.799,17.821,True,0.59,0.0
2014-06-23,17.67,17.554,17.835,17.821,True,0.93,0.0
2014-06-20,17.41,17.622,17.874,17.801,False,0.0,0.79
2014-06-19,17.2,17.76,17.939,17.778,False,0.0,0.78
2014-06-18,17.58,17.936,18.009,17.77,False,0.0,0.21
2014-06-17,17.91,18.066,18.001,17.727,False,0.0,-0.11
2014-06-16,18.01,18.116,17.978,17.656,False,0.0,-0.34
2014-06-13,18.1,18.126,17.947,17.583,False,0.0,-0.69
2014-06-12,18.08,18.118,17.917,17.499,False,0.0,-0.88
2014-06-11,18.23,18.082,17.885,17.443,True,-0.65,0.0
2014-06-10,18.16,17.936,17.843,17.366,True,-0.25,0.0
2014-06-09,18.06,17.84,17.807,17.282,True,-0.05,0.0
2014-06-06,18.06,17.768,17.727,17.204,True,0.04,0.0
2014-06-05,17.9,17.716,17.616,17.133,True,0.18,0.0
2014-06-04,17.5,17.688,17.53,17.064,False,0.0,0.73
2014-06-03,17.68,17.75,17.452,17.033,False,0.0,0.48
2014-05-30,17.7,17.774,17.334,16.991,False,0.0,0.36
2014-05-29,17.8,17.686,17.219,16.956,True,0.26,0.0
2014-05-28,17.76,17.516,17.08,16.906,True,0.14,0.0
2014-05-27,17.81,17.372,17.001,16.836,True,-0.31,0.0
2014-05-26,17.8,17.154,16.888,16.775,True,-0.12,0.0
2014-05-23,17.26,16.894,16.757,16.736,True,0.44,0.0
2014-05-22,16.95,16.752,16.681,16.749,True,0.85,0.0
2014-05-21,17.04,16.644,16.65,16.772,True,0.72,0.0
2014-05-20,16.72,16.63,16.598,16.8,True,1.09,0.0
2014-05-19,16.5,16.622,16.614,16.864,False,0.0,1.3
2014-05-16,16.55,16.62,16.648,16.915,False,0.0,0.71
2014-05-15,16.41,16.61,16.693,16.966,False,0.0,0.54
2014-05-14,16.97,16.656,16.731,17.017,True,0.07,0.0
2014-05-13,16.68,16.566,16.67,17.057,True,0.04,0.0
2014-05-12,16.49,16.606,16.662,17.1,False,0.0,0.01
2014-05-09,16.5,16.676,16.715,17.173,False,0.0,0.05
2014-05-08,16.64,16.776,16.817,17.255,False,0.0,-0.23
2014-05-07,16.52,16.806,16.893,17.311,False,0.0,0.45
2014-05-06,16.88,16.774,17.001,17.382,True,-0.2,0.0
2014-05-05,16.84,16.718,17.113,17.41,True,-0.35,0.0
2014-04-30,17.0,16.754,17.181,17.427,True,-0.5,0.0
2014-04-29,16.79,16.858,17.239,17.442,False,0.0,-0.15
2014-04-28,16.36,16.98,17.302,17.449,False,0.0,0.16
2014-04-25,16.6,17.228,17.443,17.49,False,0.0,0.28
2014-04-24,17.02,17.508,17.537,17.561,False,0.0,-0.18
2014-04-23,17.52,17.608,17.631,17.66,False,0.0,-0.52
2014-04-22,17.4,17.62,17.692,17.728,False,0.0,-0.61
2014-04-21,17.6,17.624,17.728,17.811,False,0.0,-1.24
2014-04-18,18.0,17.658,17.762,17.894,True,-1.4,0.0
2014-04-17,17.52,17.566,17.706,17.978,False,0.0,-0.5
2014-04-16,17.58,17.654,17.672,18.052,False,0.0,-0.06
2014-04-15,17.42,17.764,17.644,18.14,False,0.0,-0.02
2014-04-14,17.77,17.832,17.595,18.245,False,0.0,-0.17
2014-04-11,17.54,17.866,17.537,18.309,False,0.0,0.46
2014-04-10,17.96,17.846,17.585,18.359,True,-0.44,0.0
2014-04-09,18.13,17.69,17.688,18.386,True,-0.55,0.0
2014-04-08,17.76,17.524,17.763,18.462,True,-0.34,0.0
2014-04-04,17.94,17.358,17.894,18.516,True,-0.17,0.0
2014-04-03,17.44,17.208,18.026,18.554,True,0.1,0.0
2014-04-02,17.18,17.324,18.25,18.565,False,0.0,0.78
2014-04-01,17.3,17.686,18.432,18.583,False,0.0,0.83
2014-03-31,16.93,18.002,18.635,18.613,False,0.0,0.83
2014-03-28,17.19,18.43,18.895,18.668,False,0.0,0.75
2014-03-27,18.02,18.844,19.081,18.707,False,0.0,-0.58
2014-03-26,18.99,19.176,19.133,18.681,False,0.0,-1.81
2014-03-25,18.88,19.178,19.084,18.615,False,0.0,-1.58
2014-03-24,19.07,19.268,19.16,18.524,False,0.0,-2.14
2014-03-21,19.26,19.36,19.138,18.413,False,0.0,-2.07
2014-03-20,19.68,19.318,19.081,18.258,True,-1.66,0.0
2014-03-19,19.0,19.09,18.879,18.098,False,0.0,-0.01
2014-03-18,19.33,18.99,18.734,17.986,True,-0.45,0.0
2014-03-17,19.53,19.052,18.59,17.819,True,-0.46,0.0
2014-03-14,19.05,18.916,18.44,17.653,True,0.21,0.0
2014-03-13,18.54,18.844,18.332,17.505,False,0.0,1.14
2014-03-12,18.5,18.668,18.229,17.38,False,0.0,0.5
2014-03-11,19.64,18.478,18.145,17.279,True,-0.31,0.0
2014-03-10,18.85,18.128,17.887,17.11,True,0.68,0.0
2014-03-07,18.69,17.964,17.687,16.975,True,0.36,0.0
2014-03-06,17.66,17.82,17.434,16.796,False,0.0,0.88
2014-03-05,17.55,17.79,17.316,16.657,False,0.0,0.95
2014-03-04,17.89,17.812,17.237,16.535,True,1.75,0.0
2014-03-03,18.03,17.646,17.048,16.416,True,0.82,0.0
2014-02-28,17.97,17.41,16.865,16.291,True,0.72,0.0
2014-02-27,17.51,17.048,16.677,16.169,True,0.15,0.0
2014-02-26,17.66,16.842,16.531,16.046,True,-0.11,0.0
2014-02-25,17.06,16.662,16.412,15.898,True,0.83,0.0
2014-02-24,16.85,16.45,16.333,15.768,True,1.18,0.0
2014-02-21,16.16,16.32,16.263,15.64,False,0.0,1.81
2014-02-20,16.48,16.306,16.157,15.551,True,1.03,0.0
2014-02-19,16.76,16.22,15.997,15.464,True,0.9,0.0
2014-02-18,16.0,16.162,15.833,15.387,False,0.0,1.06
2014-02-17,16.2,16.216,15.784,15.349,False,0.0,0.65
2014-02-14,16.09,16.206,15.716,15.304,False,0.0,0.07
2014-02-13,16.05,16.008,15.661,15.276,True,0.43,0.0
2014-02-12,16.47,15.774,15.561,15.234,True,0.29,0.0
2014-02-11,16.27,15.504,15.384,15.169,True,-0.27,0.0
2014-02-10,16.15,15.352,15.203,15.106,True,0.05,0.0
2014-02-07,15.1,15.226,15.017,15.054,False,0.0,0.99
2014-01-30,14.88,15.314,14.945,15.043,False,0.0,1.17
2014-01-29,15.12,15.348,14.931,15.05,False,0.0,1.35
2014-01-28,15.51,15.264,14.941,15.03,True,0.76,0.0
2014-01-27,15.52,15.054,14.913,14.982,True,0.63,0.0
2014-01-24,15.54,14.808,14.891,14.931,True,-0.44,0.0
2014-01-23,15.05,14.576,14.891,14.897,True,-0.17,0.0
2014-01-15,14.7,14.514,14.907,14.909,True,0.42,0.0
2014-01-14,14.46,14.618,14.954,14.932,False,0.0,1.05
2014-01-13,14.29,14.772,15.009,14.959,False,0.0,1.23
2014-01-10,14.38,14.974,15.091,15.002,False,0.0,1.16
2014-01-09,14.74,15.206,15.14,15.042,False,0.0,0.31
2014-01-08,15.22,15.3,15.169,15.049,False,0.0,-0.52
2014-01-07,15.23,15.29,15.119,15.021,False,0.0,-0.77
2014-01-06,15.3,15.246,15.05,14.99,True,-1.01,0.0
2014-01-03,15.54,15.208,14.971,14.969,True,-1.16,0.0
2014-01-02,15.21,15.074,14.902,14.943,True,-0.47,0.0
2013-12-31,15.17,15.038,14.91,14.932,True,0.05,0.0
2013-12-30,15.01,14.948,14.91,14.884,True,0.22,0.0
2013-12-27,15.11,14.854,14.909,14.844,True,0.19,0.0
2013-12-26,14.87,14.734,14.912,14.853,True,0.67,0.0
2013-12-25,15.03,14.73,14.944,14.882,True,0.18,0.0
2013-12-24,14.72,14.782,14.929,14.9,False,0.0,0.45
2013-12-23,14.54,14.872,14.922,14.94,False,0.0,0.47
2013-12-20,14.51,14.964,14.929,14.982,False,0.0,0.6
2013-12-19,14.85,15.09,14.966,15.032,False,0.0,0.02
2013-12-18,15.29,15.158,14.983,15.028,True,-0.26,0.0
2013-12-17,15.17,15.076,14.954,15.017,True,-0.45,0.0
2013-12-16,15.0,14.972,14.858,15.016,True,-0.46,0.0
2013-12-13,15.14,14.894,14.778,15.027,True,-0.63,0.0
2013-12-12,15.19,14.842,14.793,15.012,True,-0.34,0.0
2013-12-11,14.88,14.808,14.819,14.991,True,0.41,0.0
2013-12-10,14.65,14.832,14.871,14.981,False,0.0,0.52
2013-12-09,14.61,14.744,14.958,14.992,False,0.0,0.39
2013-12-06,14.88,14.662,15.035,15.007,True,0.26,0.0
2013-12-05,15.02,14.744,15.097,15.004,True,0.17,0.0
2013-12-04,15.0,14.83,15.073,15.018,True,-0.12,0.0
2013-12-03,14.21,14.91,15.079,15.056,False,0.0,0.44
2013-12-02,14.2,15.172,15.174,15.134,False,0.0,0.41
2013-11-29,15.29,15.408,15.276,15.197,False,0.0,-0.41
2013-11-28,15.45,15.45,15.23,15.212,False,0.0,0.0
2013-11-27,15.4,15.316,15.163,15.219,True,-0.4,0.0
2013-11-26,15.52,15.248,15.09,15.213,True,-1.31,0.0
2013-11-25,15.38,15.176,15.026,15.212,True,-1.18,0.0
2013-11-22,15.5,15.144,14.978,15.232,True,-0.21,0.0
2013-11-21,14.78,15.01,14.911,15.247,False,0.0,0.67
2013-11-20,15.06,15.01,14.963,15.336,True,0.34,0.0
2013-11-19,15.16,14.932,15.033,15.449,True,0.36,0.0
2013-11-18,15.22,14.876,15.094,15.53,True,0.16,0.0
2013-11-15,14.83,14.812,15.117,15.654,True,0.67,0.0
2013-11-14,14.78,14.812,15.194,15.769,False,0.0,0.0
2013-11-13,14.67,14.916,15.274,15.885,False,0.0,0.39
2013-11-12,14.88,15.134,15.335,16.01,False,0.0,0.28
2013-11-11,14.9,15.312,15.397,16.096,False,0.0,0.32
2013-11-08,14.83,15.422,15.486,16.172,False,0.0,0.0
2013-11-07,15.3,15.576,15.583,16.236,False,0.0,-0.52
2013-11-06,15.76,15.632,15.708,16.267,True,-1.09,0.0
2013-11-05,15.77,15.536,15.865,16.269,True,-0.89,0.0
2013-11-04,15.45,15.482,15.965,16.304,False,0.0,-0.55
2013-11-01,15.6,15.55,16.19,16.354,True,-0.77,0.0
2013-10-31,15.58,15.59,16.343,16.383,False,0.0,-0.28
2013-10-30,15.28,15.784,16.495,16.413,False,0.0,0.48
2013-10-29,15.5,16.194,16.685,16.434,False,0.0,0.27
2013-10-28,15.79,16.448,16.795,16.426,False,0.0,-0.34
2013-10-25,15.8,16.83,16.858,16.427,False,0.0,-0.2
2013-10-24,16.55,17.096,16.888,16.418,False,0.0,-0.97
2013-10-23,17.33,17.206,16.826,16.371,True,-2.05,0.0
2013-10-22,16.77,17.176,16.673,16.281,False,0.0,-1.27
2013-08-08,17.7,17.142,16.642,16.157,True,-1.91,0.0
2013-08-07,17.13,16.886,16.518,15.989,True,-1.33,0.0
2013-08-06,17.1,16.68,16.422,15.826,True,-0.55,0.0
2013-08-05,17.18,16.446,16.331,15.656,True,0.15,0.0
2013-08-02,16.6,16.17,16.182,15.483,True,0.17,0.0
2013-08-01,16.42,16.142,16.057,15.359,True,1.28,0.0
2013-07-31,16.1,16.15,15.995,15.246,False,0.0,1.03
2013-07-30,15.93,16.164,15.947,15.143,False,0.0,1.17
2013-07-29,15.8,16.216,15.915,15.043,False,0.0,1.38
2013-07-26,16.46,16.194,15.888,14.96,True,0.14,0.0
2013-07-25,16.46,15.972,15.671,14.842,True,-0.04,0.0
2013-07-24,16.17,15.84,15.459,14.711,True,-0.07,0.0
2013-07-23,16.19,15.73,15.229,14.612,True,-0.26,0.0
2013-07-22,15.69,15.614,14.98,14.49,True,0.11,0.0
2013-07-19,15.35,15.582,14.784,14.38,False,0.0,1.11
2013-07-18,15.8,15.37,14.661,14.312,True,0.66,0.0
2013-07-17,15.62,15.078,14.497,14.22,True,0.55,0.0
2013-07-16,15.61,14.728,14.339,14.154,True,0.58,0.0
2013-07-15,15.53,14.346,14.17,14.096,True,0.16,0.0
2013-07-12,14.29,13.986,14.032,14.024,True,1.06,0.0
2013-07-11,14.34,13.952,14.012,13.991,True,1.46,0.0
2013-07-10,13.87,13.916,13.963,13.943,False,0.0,1.75
2013-07-09,13.7,13.95,13.995,13.944,False,0.0,1.91
2013-07-08,13.73,13.994,13.999,13.958,False,0.0,1.8
2013-07-05,14.12,14.078,13.976,13.972,True,0.17,0.0
2013-07-04,14.16,14.072,13.963,13.96,True,0.18,0.0
2013-07-03,14.04,14.01,13.943,13.977,True,-0.17,0.0
2013-07-02,13.92,14.04,13.969,14.016,False,0.0,-0.22
2013-07-01,14.15,14.004,14.022,14.051,True,-0.42,0.0
2013-06-28,14.09,13.874,14.016,14.055,True,0.03,0.0
2013-06-27,13.85,13.854,13.97,14.061,False,0.0,0.31
2013-06-26,14.19,13.876,13.922,14.087,True,-0.15,0.0
2013-06-25,13.74,13.898,13.892,14.091,False,0.0,0.18
2013-06-24,13.5,14.04,13.917,14.11,False,0.0,0.65
2013-06-21,13.99,14.158,13.968,14.153,False,0.0,0.1
2013-06-20,13.96,14.086,13.956,14.158,False,0.0,-0.11
2013-06-19,14.3,13.968,14.01,14.153,True,-0.11,0.0
2013-06-18,14.45,13.886,14.063,14.137,True,-0.71,0.0
2013-06-17,14.09,13.794,14.08,14.115,True,-0.59,0.0
2013-06-14,13.63,13.778,14.094,14.126,False,0.0,0.36
2013-06-13,13.37,13.826,14.151,14.157,False,0.0,0.59
2013-06-07,13.89,14.052,14.252,14.203,False,0.0,0.41
2013-06-06,13.99,14.24,14.289,14.197,False,0.0,0.46
2013-06-05,14.01,14.366,14.302,14.18,False,0.0,0.08
2013-06-04,13.87,14.41,14.338,14.176,False,0.0,-0.24
2013-06-03,14.5,14.476,14.36,14.177,True,-1.13,0.0
2013-05-31,14.83,14.452,14.295,14.147,True,-0.94,0.0
2013-05-30,14.62,14.338,14.211,14.096,True,-0.63,0.0
2013-05-29,14.23,14.238,14.149,14.023,False,0.0,-0.22
2013-05-28,14.2,14.266,14.157,14.042,False,0.0,-0.33
2013-05-27,14.38,14.244,14.163,14.063,True,0.12,0.0
2013-05-24,14.26,14.138,14.153,14.06,True,0.57,0.0
2013-05-23,14.12,14.084,14.104,14.078,True,0.5,0.0
2013-05-22,14.37,14.06,14.058,14.159,True,-0.14,0.0
2013-05-21,14.09,14.048,14.013,14.219,True,0.11,0.0
2013-05-20,13.85,14.082,13.994,14.274,False,0.0,0.53
2013-05-17,13.99,14.168,13.999,14.35,False,0.0,0.27
2013-05-16,14.0,14.124,13.98,14.41,False,0.0,0.12
2013-05-15,14.31,14.056,13.897,14.473,True,0.06,0.0
2013-05-14,14.26,13.978,13.927,14.538,True,-0.17,0.0
2013-05-13,14.28,13.906,13.963,14.631,True,-0.43,0.0
2013-05-10,13.77,13.83,13.967,14.741,False,0.0,0.22
2013-05-09,13.66,13.836,14.052,14.86,False,0.0,0.34
2013-05-08,13.92,13.738,14.26,15.0,True,0.39,0.0
2013-05-07,13.9,13.876,14.424,15.103,True,0.36,0.0
2013-05-06,13.9,14.02,14.554,15.173,False,0.0,0.38
2013-05-03,13.8,14.104,14.701,15.263,False,0.0,-0.03
2013-05-02,13.17,14.268,14.84,15.363,False,0.0,0.49
2013-04-26,14.61,14.782,15.048,15.488,False,0.0,-0.69
2013-04-25,14.62,14.972,15.149,15.56,False,0.0,-0.72
2013-04-24,14.32,15.088,15.298,15.625,False,0.0,-0.42
2013-04-23,14.62,15.298,15.515,15.703,False,0.0,-0.82
2013-04-22,15.74,15.412,15.668,15.765,True,-2.57,0.0
2013-04-19,15.56,15.314,15.739,15.769,True,-0.95,0.0
2013-04-18,15.2,15.326,15.782,15.766,False,0.0,-0.58
2013-04-17,15.37,15.508,15.792,15.769,False,0.0,-1.05
2013-04-16,15.19,15.732,15.825,15.765,False,0.0,-0.57
2013-04-15,15.25,15.924,15.885,15.781,False,0.0,0.49
2013-04-12,15.62,16.164,15.928,15.763,False,0.0,-0.06
2013-04-11,16.11,16.238,15.971,15.709,False,0.0,-0.91
2013-04-10,16.49,16.076,15.951,15.643,True,-1.12,0.0
2013-04-09,16.15,15.918,15.891,15.599,True,-0.96,0.0
2013-04-08,16.45,15.846,15.862,15.575,True,-1.2,0.0
2013-04-03,15.99,15.692,15.799,15.581,True,-0.37,0.0
2013-04-02,15.3,15.704,15.75,15.616,False,0.0,0.81
2013-04-01,15.7,15.826,15.746,15.648,False,0.0,0.79
2013-03-29,15.79,15.864,15.705,15.647,False,0.0,0.36
2013-03-28,15.68,15.878,15.676,15.662,False,0.0,0.77
2013-03-27,16.05,15.906,15.597,15.683,True,-0.06,0.0
2013-03-26,15.91,15.796,15.447,15.709,True,-0.61,0.0
2013-03-25,15.89,15.666,15.335,15.698,True,-0.19,0.0
2013-03-22,15.86,15.546,15.306,15.688,True,-0.07,0.0
2013-03-21,15.82,15.474,15.287,15.678,True,-0.14,0.0
2013-03-20,15.5,15.288,15.363,15.669,True,0.55,0.0
2013-03-19,15.26,15.098,15.482,15.68,True,0.65,0.0
2013-03-18,15.29,15.004,15.55,15.71,True,0.6,0.0
2013-03-15,15.5,15.066,15.588,15.742,True,0.36,0.0
2013-03-14,14.89,15.1,15.647,15.763,False,0.0,0.93
2013-03-13,14.55,15.438,15.768,15.842,False,0.0,0.95
2013-03-12,14.79,15.866,15.971,15.971,False,0.0,0.47
2013-03-11,15.6,16.096,16.102,16.102,False,0.0,-0.31
2013-03-08,15.67,16.11,16.165,16.165,False,0.0,-0.17
2013-03-07,16.58,16.194,16.236,16.236,True,-1.69,0.0
2013-03-06,16.69,16.098,16.178,16.178,True,-2.14,0.0
2013-03-05,15.94,16.076,16.076,16.076,False,0.0,-1.15
2013-03-04,15.67,16.11,16.11,16.11,False,0.0,-0.07
2013-03-01,16.09,16.257,16.257,16.257,False,0.0,-0.42
2013-02-28,16.1,16.34,16.34,16.34,False,0.0,0.48
2013-02-27,16.58,16.58,16.58,16.58,False,0.0,0.0
