date,o,h,l,c
 2009/06/15,3013,3027,2973,3006
 2009/06/16,2965,3002,2964,2998
 2009/06/17,2990,3002,2974,3000
 2009/06/18,3002,3025,2984,3000
 2009/06/19,3017,3025,3004,3024
 2009/06/22,2952,2966,2919,2922
 2009/06/23,2908,2940,2891,2940
 2009/06/24,2928,2946,2920,2942
 2009/06/25,2940,2960,2932,2955
 2009/06/26,2956,2992,2956,2989
 2009/06/29,2981,2996,2952,2960
 2009/06/30,2970,2982,2960,2967
 2009/07/01,2981,3026,2981,3025
 2009/07/02,3049,3056,2999,3008
 2009/07/03,2998,3023,2954,2982
 2009/07/06,2958,2972,2925,2937
 2009/07/07,2933,2947,2927,2939
 2009/07/08,2838,2845,2798,2820
 2009/07/09,2831,2839,2810,2815
 2009/07/10,2831,2850,2805,2844
 2009/07/13,2856,2863,2806,2806
 2009/07/14,2827,2827,2799,2811
 2009/07/15,2808,2845,2808,2840
 2009/07/16,2823,2835,2782,2802
 2009/07/17,2783,2793,2774,2786
 2009/07/20,2825,2860,2819,2858
 2009/07/21,2847,2851,2823,2827
 2009/07/22,2817,2839,2805,2823
 2009/07/23,2832,2842,2822,2826
 2009/07/24,2844,2847,2812,2819
 2009/07/27,2798,2812,2792,2794
 2009/07/28,2799,2831,2795,2828
 2009/07/29,2819,2862,2804,2821
 2009/07/30,2829,2861,2829,2859
 2009/07/31,2922,2959,2898,2947
 2009/08/03,3004,3034,2985,3026
 2009/08/04,3022,3030,2968,2974
 2009/08/05,3011,3045,2998,3005
 2009/08/06,3002,3004,2928,2958
 2009/08/07,2942,2977,2928,2948
 2009/08/10,2956,3010,2955,3008
 2009/08/11,2970,3009,2969,3003
 2009/08/12,3015,3053,2989,2998
 2009/08/13,3030,3074,3012,3034
 2009/08/14,3017,3018,2946,2955
 2009/08/17,2880,2891,2834,2835
 2009/08/18,2858,2871,2832,2866
 2009/08/19,2867,2887,2782,2809
 2009/08/20,2836,2858,2814,2856
 2009/08/21,2836,2878,2828,2861
 2009/08/24,2940,2942,2913,2936
 2009/08/25,2940,2941,2908,2923
 2009/08/26,2923,2940,2918,2937
 2009/08/27,2934,2938,2902,2914
 2009/08/28,2924,2966,2920,2965
 2009/08/31,2989,2990,2904,2908
 2009/09/01,2904,2928,2892,2906
 2009/09/02,2847,2863,2788,2796
 2009/09/03,2808,2842,2800,2836
 2009/09/04,2811,2817,2769,2781
 2009/09/07,2750,2780,2745,2761
 2009/09/08,2746,2814,2741,2809
 2009/09/09,2810,2830,2787,2799
 2009/09/10,2804,2814,2792,2800
 2009/09/11,2802,2806,2766,2771
 2009/09/14,2716,2740,2677,2724
 2009/09/15,2742,2757,2728,2735
 2009/09/16,2820,2828,2797,2808
 2009/09/17,2802,2830,2785,2830
 2009/09/18,2821,2842,2801,2811
 2009/09/21,2786,2810,2786,2796
 2009/09/22,2779,2802,2771,2777
 2009/09/23,2792,2794,2754,2756
 2009/09/24,2764,2764,2715,2727
 2009/09/25,2728,2742,2717,2726
 2009/09/28,2738,2738,2676,2695
 2009/09/29,2705,2722,2686,2719
 2009/09/30,2712,2731,2697,2722
 2009/10/09,2767,2779,2748,2772
 2009/10/12,2819,2853,2809,2850
 2009/10/13,2853,2863,2825,2828
 2009/10/14,2836,2884,2827,2868
 2009/10/15,2864,2882,2850,2852
 2009/10/16,2838,2870,2834,2869
 2009/10/19,2849,2889,2844,2867
 2009/10/20,2880,2893,2843,2848
 2009/10/21,2841,2858,2831,2848
 2009/10/22,2864,2868,2837,2838
 2009/10/23,2858,2882,2855,2876
 2009/10/26,2869,2893,2864,2887
 2009/10/27,2849,2857,2837,2841
 2009/10/28,2828,2839,2795,2806
 2009/10/29,2797,2809,2791,2800
 2009/10/30,2823,2824,2808,2809
 2009/11/02,2786,2820,2783,2816
 2009/11/03,2828,2841,2823,2835
 2009/11/04,2854,2856,2842,2846
 2009/11/05,2832,2848,2832,2842
 2009/11/06,2827,2842,2825,2840
 2009/11/09,2820,2844,2820,2843
 2009/11/10,2852,2853,2833,2835
 2009/11/11,2844,2864,2838,2853
 2009/11/12,2859,2876,2856,2875
 2009/11/13,2886,2897,2880,2891
 2009/11/16,2892,2911,2888,2905
 2009/11/17,2923,2923,2894,2894
 2009/11/18,2921,2935,2909,2933
 2009/11/19,2926,2961,2923,2955
 2009/11/20,2967,2992,2959,2968
 2009/11/23,2982,3027,2975,3027
 2009/11/24,3002,3034,2978,2990
 2009/11/25,3011,3025,3004,3023
 2009/11/26,3032,3051,3020,3034
 2009/11/27,3013,3019,2934,2950
 2009/11/30,3016,3048,3010,3046
 2009/12/01,3047,3055,3035,3048
 2009/12/02,3045,3056,3031,3047
 2009/12/03,3027,3040,3025,3032
 2009/12/04,3028,3059,3026,3059
 2009/12/07,3055,3115,3055,3081
 2009/12/08,3092,3099,3067,3080
 2009/12/09,3053,3059,2997,3007
 2009/12/10,2991,3011,2949,2976
 2009/12/11,2987,2993,2974,2980
 2009/12/14,2985,2990,2939,2974
 2009/12/15,3008,3020,2996,3013
 2009/12/16,3011,3039,3010,3039
 2009/12/17,3048,3057,3012,3030
 2009/12/18,2981,2996,2967,2995
 2009/12/21,2989,3007,2984,3000
 2009/12/22,2984,3012,2978,2998
 2009/12/23,2992,3002,2960,2986
 2009/12/24,2998,3014,2989,3010
 2009/12/25,3007,3019,3000,3004
 2009/12/28,3011,3042,3007,3040
 2009/12/29,3053,3057,3025,3028
 2009/12/30,3036,3040,3017,3024
 2009/12/31,3032,3053,3032,3052
 2010/01/04,3074,3081,3057,3067
 2010/01/05,3067,3085,3064,3068
 2010/01/06,3066,3111,3065,3092
 2010/01/07,3098,3112,2969,3023
 2010/01/08,3018,3023,2973,3001
 2010/01/11,3023,3035,3021,3024
 2010/01/12,3001,3007,2986,2995
 2010/01/13,2931,2940,2907,2913
 2010/01/14,2936,2942,2927,2928
 2010/01/15,2919,2946,2918,2927
 2010/01/18,2932,2946,2928,2942
 2010/01/19,2950,2960,2944,2949
 2010/01/20,2945,2951,2907,2912
 2010/01/21,2905,2925,2900,2925
 2010/01/22,2913,2918,2880,2908
 2010/01/25,2906,2921,2905,2911
 2010/01/26,2905,2908,2877,2879
 2010/01/27,2889,2896,2882,2887
 2010/01/28,2863,2864,2832,2837
 2010/01/29,2836,2844,2808,2813
 2010/02/01,2791,2801,2739,2744
 2010/02/02,2759,2761,2705,2720
 2010/02/03,2751,2764,2732,2764
 2010/02/04,2732,2753,2715,2742
 2010/02/05,2724,2762,2720,2753
 2010/02/08,2766,2779,2766,2775
 2010/02/09,2776,2781,2761,2776
 2010/02/10,2770,2778,2743,2761
 2010/02/11,2790,2817,2781,2802
 2010/02/12,2801,2807,2789,2797
 2010/02/22,2829,2836,2812,2834
 2010/02/23,2843,2892,2839,2885
 2010/02/24,2867,2876,2864,2872
 2010/02/25,2873,2882,2843,2852
 2010/02/26,2844,2847,2829,2835
 2010/03/01,2860,2874,2851,2868
 2010/03/02,2867,2868,2836,2839
 2010/03/03,2846,2856,2844,2849
 2010/03/04,2842,2843,2796,2800
 2010/03/05,2780,2796,2769,2795
 2010/03/08,2796,2816,2792,2814
 2010/03/09,2811,2819,2798,2811
 2010/03/10,2804,2812,2801,2803
 2010/03/11,2817,2824,2779,2800
 2010/03/12,2780,2780,2757,2768
 2010/03/15,2764,2772,2755,2768
 2010/03/16,2779,2811,2775,2809
 2010/03/17,2825,2826,2811,2815
 2010/03/18,2819,2824,2801,2807
 2010/03/19,2819,2857,2814,2849
 2010/03/22,2844,2854,2837,2844
 2010/03/23,2859,2862,2841,2843
 2010/03/24,2842,2845,2822,2828
 2010/03/25,2825,2843,2825,2838
 2010/03/26,2821,2831,2810,2829
 2010/03/29,2842,2851,2833,2845
 2010/03/30,2853,2875,2848,2853
 2010/03/31,2860,2868,2853,2857
 2010/04/01,2811,2828,2811,2827
 2010/04/02,2829,2839,2828,2838
 2010/04/06,2828,2844,2828,2832
 2010/04/07,2838,2850,2833,2848
 2010/04/08,2849,2852,2833,2834
 2010/04/09,2834,2840,2830,2836
 2010/04/12,2847,2860,2845,2852
 2010/04/13,2848,2866,2842,2865
 2010/04/14,2876,2883,2869,2870
 2010/04/15,2878,2878,2864,2868
 2010/04/16,2886,2891,2876,2886
 2010/04/19,2877,2882,2848,2859
 2010/04/20,2871,2899,2871,2896
 2010/04/21,2903,2904,2889,2890
 2010/04/22,2901,2903,2891,2892
 2010/04/23,2900,2924,2898,2920
 2010/04/26,2928,2939,2923,2934
 2010/04/27,2920,2928,2917,2925
 2010/04/28,2904,2908,2885,2901
 2010/04/29,2907,2912,2900,2903
 2010/04/30,2910,2936,2894,2934
 2010/05/04,2923,2923,2902,2911
 2010/05/05,2907,2930,2902,2928
 2010/05/06,2918,2923,2883,2887
 2010/05/07,2857,2864,2842,2846
 2010/05/10,2863,2890,2863,2888
 2010/05/11,2884,2887,2868,2869
 2010/05/12,2878,2904,2878,2897
 2010/05/13,2895,2903,2887,2898
 2010/05/14,2894,2896,2867,2871
 2010/05/17,2858,2865,2818,2830
 2010/05/18,2832,2853,2825,2844
 2010/05/19,2829,2840,2816,2825
 2010/05/20,2836,2847,2823,2827
 2010/05/21,2826,2839,2801,2833
 2010/05/24,2834,2849,2829,2841
 2010/05/25,2828,2833,2811,2815
 2010/05/26,2826,2827,2812,2822
 2010/05/27,2825,2825,2813,2824
 2010/05/28,2834,2836,2815,2816
 2010/05/31,2801,2801,2785,2785
 2010/06/01,2792,2793,2771,2778
 2010/06/02,2774,2788,2771,2781
 2010/06/03,2785,2791,2778,2787
 2010/06/04,2806,2806,2797,2802
 2010/06/07,2762,2766,2747,2753
 2010/06/08,2753,2759,2750,2756
 2010/06/09,2748,2752,2729,2745
 2010/06/10,2754,2755,2745,2747
 2010/06/11,2749,2749,2732,2736
 2010/06/17,2768,2768,2756,2761
 2010/06/18,2764,2787,2763,2781
 2010/06/21,2802,2844,2796,2841
 2010/06/22,2829,2839,2821,2836
 2010/06/23,2820,2847,2816,2835
 2010/06/24,2831,2839,2829,2830
 2010/06/25,2820,2827,2815,2822
 2010/06/28,2821,2828,2817,2817
 2010/06/29,2822,2834,2799,2818
 2010/06/30,2812,2813,2796,2802
 2010/07/01,2798,2807,2797,2803
 2010/07/02,2808,2823,2804,2820
 2010/07/05,2812,2820,2808,2812
 2010/07/06,2807,2822,2800,2819
 2010/07/07,2816,2830,2813,2822
 2010/07/08,2859,2862,2850,2854
 2010/07/09,2869,2887,2864,2884
 2010/07/12,2891,2896,2873,2874
 2010/07/13,2878,2885,2866,2870
 2010/07/14,2878,2879,2870,2876
 2010/07/15,2878,2897,2874,2882
 2010/07/16,2912,2937,2912,2935
 2010/07/19,2932,2943,2925,2938
 2010/07/20,2922,2928,2912,2924
 2010/07/21,2925,2932,2914,2918
 2010/07/22,2919,2924,2904,2916
 2010/07/23,2918,2925,2908,2918
 2010/07/26,2916,2940,2910,2934
 2010/07/27,2916,2917,2883,2886
 2010/07/28,2887,2910,2886,2907
 2010/07/29,2927,2939,2915,2936
 2010/07/30,2946,2975,2946,2969
 2010/08/02,2999,3058,2999,3050
 2010/08/03,3040,3046,3017,3028
 2010/08/04,3042,3057,3020,3034
 2010/08/05,3055,3063,2993,2996
 2010/08/06,3013,3037,2991,3034
 2010/08/09,3036,3084,3019,3056
 2010/08/10,3036,3045,3017,3025
 2010/08/11,3015,3046,3009,3017
 2010/08/12,3014,3034,3003,3024
 2010/08/13,3060,3077,3052,3076
 2010/08/16,3076,3094,3067,3073
 2010/08/17,3056,3065,3051,3064
 2010/08/18,3087,3097,3043,3049
 2010/08/19,3055,3061,3027,3043
 2010/08/20,3015,3016,2986,2988
 2010/08/23,2999,3007,2990,3004
 2010/08/24,2996,3010,2985,2986
 2010/08/25,2989,2994,2967,2969
 2010/08/26,2985,2994,2978,2993
 2010/08/27,3008,3018,3001,3017
 2010/08/30,3039,3052,3031,3041
 2010/08/31,3015,3015,2988,2990
 2010/09/01,2996,3008,2984,3002
 2010/09/02,3002,3006,2992,3001
 2010/09/03,3004,3048,3002,3042
 2010/09/06,3075,3081,3057,3073
 2010/09/07,3081,3104,3064,3101
 2010/09/08,3118,3120,3076,3082
 2010/09/09,3089,3096,2994,3055
 2010/09/10,3060,3067,3044,3058
 2010/09/13,3037,3063,3033,3062
 2010/09/14,3054,3066,3048,3060
 2010/09/15,3070,3114,3067,3104
 2010/09/16,3110,3136,3096,3116
 2010/09/17,3125,3129,3104,3123
 2010/09/20,3200,3242,3194,3242
 2010/09/21,3239,3265,3208,3251
 2010/09/27,3354,3380,3284,3289
 2010/09/28,3272,3315,3263,3307
 2010/09/29,3268,3277,3198,3233
 2010/09/30,3225,3262,3217,3262
 2010/10/08,3203,3227,3184,3188
 2010/10/11,3340,3340,3340,3340
 2010/10/12,3369,3418,3318,3397
 2010/10/13,3405,3439,3393,3424
 2010/10/14,3436,3443,3415,3423
 2010/10/15,3431,3447,3398,3436
 2010/10/18,3386,3397,3345,3379
 2010/10/19,3393,3415,3369,3385
 2010/10/20,3334,3400,3316,3379
 2010/10/21,3431,3460,3393,3393
 2010/10/22,3384,3407,3360,3370
 2010/10/25,3388,3431,3384,3417
 2010/10/26,3420,3423,3341,3361
 2010/10/27,3392,3400,3271,3303
 2010/10/28,3331,3364,3312,3363
 2010/10/29,3350,3373,3306,3325
 2010/11/01,3351,3400,3349,3386
 2010/11/02,3380,3383,3348,3353
 2010/11/03,3357,3371,3322,3330
 2010/11/04,3353,3376,3338,3374
 2010/11/05,3431,3478,3427,3461
 2010/11/08,3430,3497,3400,3470
 2010/11/09,3453,3498,3449,3486
 2010/11/10,3546,3564,3471,3501
 2010/11/11,3505,3528,3477,3493
 2010/11/12,3493,3493,3368,3381
 2010/11/15,3361,3419,3279,3375
 2010/11/16,3387,3394,3338,3345
 2010/11/17,3233,3249,3229,3229
 2010/11/18,3228,3260,3157,3239
 2010/11/19,3260,3274,3204,3253
 2010/11/22,3218,3238,3207,3208
 2010/11/23,3231,3250,3199,3215
 2010/11/24,3248,3264,3240,3257
 2010/11/25,3262,3279,3246,3248
 2010/11/26,3262,3262,3197,3204
 2010/11/29,3176,3205,3156,3204
 2010/11/30,3203,3208,3166,3194
 2010/12/01,3189,3223,3177,3217
 2010/12/02,3260,3268,3241,3254
 2010/12/03,3247,3268,3241,3263
 2010/12/06,3281,3293,3263,3279
 2010/12/07,3264,3281,3258,3280
 2010/12/08,3251,3263,3231,3237
 2010/12/09,3266,3272,3255,3260
 2010/12/10,3251,3262,3249,3256
 2010/12/13,3241,3302,3234,3289
 2010/12/14,3297,3353,3297,3343
 2010/12/15,3335,3348,3298,3300
 2010/12/16,3309,3332,3303,3321
 2010/12/17,3316,3342,3315,3333
 2010/12/20,3353,3373,3317,3339
 2010/12/21,3355,3360,3342,3358
 2010/12/22,3361,3371,3339,3342
 2010/12/23,3349,3373,3347,3367
 2010/12/24,3385,3413,3376,3395
 2010/12/27,3380,3399,3375,3382
 2010/12/28,3415,3433,3411,3413
 2010/12/29,3413,3417,3371,3381
 2010/12/30,3367,3422,3355,3416
 2010/12/31,3397,3447,3397,3433
 2011/01/04,3432,3441,3419,3425
 2011/01/05,3400,3405,3370,3380
 2011/01/06,3405,3424,3404,3418
 2011/01/07,3390,3392,3356,3357
 2011/01/10,3370,3409,3365,3385
 2011/01/11,3409,3413,3389,3400
 2011/01/12,3377,3415,3376,3397
 2011/01/13,3492,3492,3450,3451
 2011/01/14,3447,3499,3447,3492
 2011/01/17,3497,3545,3492,3527
 2011/01/18,3512,3536,3499,3532
 2011/01/19,3536,3538,3512,3518
 2011/01/20,3497,3509,3478,3480
 2011/01/21,3476,3498,3471,3475
 2011/01/24,3482,3525,3479,3508
 2011/01/25,3495,3511,3453,3458
 2011/01/26,3425,3436,3393,3406
 2011/01/27,3430,3448,3412,3439
 2011/01/28,3440,3455,3429,3436
 2011/01/31,3442,3469,3441,3464
 2011/02/01,3470,3497,3466,3495
 2011/02/09,3515,3550,3500,3543
 2011/02/10,3548,3590,3536,3538
 2011/02/11,3532,3558,3523,3541
 2011/02/14,3534,3550,3527,3539
 2011/02/15,3518,3523,3482,3486
 2011/02/16,3445,3465,3436,3461
 2011/02/17,3466,3474,3430,3435
 2011/02/18,3478,3482,3452,3452
 2011/02/21,3434,3456,3429,3449
 2011/02/22,3482,3482,3426,3467
 2011/02/23,3376,3376,3335,3352
 2011/02/24,3373,3373,3312,3321
 2011/02/25,3338,3365,3332,3364
 2011/02/28,3392,3415,3387,3403
 2011/03/01,3399,3409,3399,3405
 2011/03/02,3405,3445,3402,3439
 2011/03/03,3422,3444,3419,3423
 2011/03/04,3448,3458,3426,3440
 2011/03/07,3428,3441,3424,3434
 2011/03/08,3404,3416,3368,3377
 2011/03/09,3383,3383,3370,3375
 2011/03/10,3342,3349,3331,3333
 2011/03/11,3343,3353,3322,3333
 2011/03/14,3313,3339,3295,3300
 2011/03/15,3313,3325,3292,3321
 2011/03/16,3258,3262,3240,3252
 2011/03/17,3243,3274,3237,3262
 2011/03/18,3297,3304,3284,3287
 2011/03/21,3314,3325,3300,3310
 2011/03/22,3302,3312,3299,3306
 2011/03/23,3307,3359,3305,3356
 2011/03/24,3345,3351,3328,3334
 2011/03/25,3346,3374,3345,3366
 2011/03/28,3363,3374,3328,3351
 2011/03/29,3331,3372,3328,3362
 2011/03/30,3369,3377,3355,3364
 2011/03/31,3370,3377,3357,3369
 2011/04/01,3393,3400,3387,3388
 2011/04/06,3358,3381,3357,3371
 2011/04/07,3369,3380,3364,3369
 2011/04/08,3361,3365,3342,3364
 2011/04/11,3386,3406,3380,3388
 2011/04/12,3355,3361,3329,3332
 2011/04/13,3303,3321,3298,3320
 2011/04/14,3307,3318,3287,3290
 2011/04/15,3304,3306,3280,3282
 2011/04/18,3272,3293,3268,3290
 2011/04/19,3296,3301,3283,3286
 2011/04/20,3296,3314,3295,3313
 2011/04/21,3317,3319,3303,3306
 2011/04/22,3323,3337,3319,3333
 2011/04/25,3344,3346,3323,3331
 2011/04/26,3314,3318,3300,3303
 2011/04/27,3313,3324,3304,3308
 2011/04/28,3315,3334,3314,3332
 2011/04/29,3288,3294,3253,3263
 2011/05/03,3294,3298,3282,3289
 2011/05/04,3270,3275,3260,3264
 2011/05/05,3212,3285,3212,3275
 2011/05/06,3237,3244,3227,3229
 2011/05/09,3239,3249,3238,3242
 2011/05/10,3244,3263,3243,3259
 2011/05/11,3260,3266,3243,3244
 2011/05/12,3244,3258,3229,3229
 2011/05/13,3245,3278,3243,3268
 2011/05/16,3253,3266,3250,3255
 2011/05/17,3254,3256,3210,3228
 2011/05/18,3242,3247,3234,3235
 2011/05/19,3270,3275,3261,3264
 2011/05/20,3267,3300,3265,3300
 2011/05/23,3311,3314,3285,3289
 2011/05/24,3295,3300,3286,3299
 2011/05/25,3294,3297,3285,3288
 2011/05/26,3298,3315,3294,3312
 2011/05/27,3319,3321,3304,3308
 2011/05/30,3305,3317,3299,3309
 2011/05/31,3313,3314,3292,3295
 2011/06/01,3301,3307,3295,3296
 2011/06/02,3303,3328,3299,3324
 2011/06/03,3337,3340,3330,3338
 2011/06/07,3308,3314,3298,3306
 2011/06/08,3319,3320,3301,3308
 2011/06/09,3323,3327,3313,3316
 2011/06/10,3318,3319,3299,3308
 2011/06/13,3309,3333,3304,3326
 2011/06/14,3318,3329,3318,3329
 2011/06/15,3318,3322,3312,3317
 2011/06/16,3313,3328,3297,3299
 2011/06/17,3290,3292,3264,3269
 2011/06/20,3259,3268,3251,3260
 2011/06/21,3269,3274,3263,3273
 2011/06/22,3279,3279,3270,3274
 2011/06/23,3256,3269,3246,3266
 2011/06/24,3252,3284,3252,3278
 2011/06/27,3262,3264,3226,3237
 2011/06/28,3255,3262,3245,3251
 2011/06/29,3259,3279,3259,3271
 2011/06/30,3269,3285,3269,3282
 2011/07/01,3249,3267,3246,3263
 2011/07/04,3276,3283,3259,3277
 2011/07/05,3277,3283,3261,3270
 2011/07/06,3269,3278,3252,3265
 2011/07/07,3265,3276,3261,3275
 2011/07/08,3291,3298,3287,3295
 2011/07/11,3300,3313,3296,3309
 2011/07/12,3305,3305,3292,3297
 2011/07/13,3315,3358,3315,3358
 2011/07/14,3372,3389,3365,3379
 2011/07/15,3374,3387,3365,3381
 2011/07/18,3384,3408,3370,3373
 2011/07/19,3379,3391,3369,3390
 2011/07/20,3389,3404,3375,3393
 2011/07/21,3385,3411,3378,3407
 2011/07/22,3414,3417,3401,3405
 2011/07/25,3390,3397,3360,3362
 2011/07/26,3364,3392,3363,3392
 2011/07/27,3405,3433,3402,3429
 2011/07/28,3404,3415,3398,3404
 2011/07/29,3393,3408,3375,3377
 2011/08/01,3381,3395,3381,3394
 2011/08/02,3389,3396,3373,3375
 2011/08/03,3388,3395,3374,3374
 2011/08/04,3366,3374,3341,3344
 2011/08/05,3301,3302,3188,3266
 2011/08/08,3248,3273,3239,3254
 2011/08/09,3198,3236,3154,3227
 2011/08/10,3249,3267,3247,3260
 2011/08/11,3241,3279,3241,3277
 2011/08/12,3301,3309,3281,3283
 2011/08/15,3307,3318,3301,3309
 2011/08/16,3315,3318,3286,3289
 2011/08/17,3299,3312,3296,3307
 2011/08/18,3319,3320,3306,3308
 2011/08/19,3283,3312,3283,3306
 2011/08/22,3324,3342,3322,3327
 2011/08/23,3358,3369,3347,3369
 2011/08/24,3372,3375,3349,3356
 2011/08/25,3349,3353,3336,3349
 2011/08/26,3358,3358,3331,3337
 2011/08/29,3384,3421,3379,3414
 2011/08/30,3417,3424,3400,3407
 2011/08/31,3415,3441,3409,3421
 2011/09/01,3421,3424,3400,3404
 2011/09/02,3397,3406,3383,3403
 2011/09/05,3404,3431,3393,3397
 2011/09/06,3388,3392,3358,3375
 2011/09/07,3378,3401,3375,3399
 2011/09/08,3389,3392,3369,3371
 2011/09/09,3368,3382,3364,3382
 2011/09/13,3348,3349,3313,3316
 2011/09/14,3318,3327,3271,3275
 2011/09/15,3282,3288,3267,3282
 2011/09/16,3250,3273,3249,3271
 2011/09/19,3254,3254,3219,3221
 2011/09/20,3237,3246,3229,3233
 2011/09/21,3221,3235,3203,3227
 2011/09/22,3175,3186,3131,3162
 2011/09/23,3110,3132,3018,3079
 2011/09/26,3066,3083,2991,3011
 2011/09/27,3075,3087,3059,3083
 2011/09/28,3053,3055,3019,3042
 2011/09/29,2954,2996,2930,2987
 2011/09/30,3001,3036,3001,3031
 2011/10/10,2940,2984,2940,2956
 2011/10/11,2971,2986,2925,2931
 2011/10/12,2990,3021,2967,3012
 2011/10/13,3020,3035,3008,3026
 2011/10/14,3054,3060,3038,3050
 2011/10/17,3060,3063,3041,3044
 2011/10/18,3025,3025,2984,2990
 2011/10/19,3012,3024,2992,3010
 2011/10/20,2964,2966,2934,2963
 2011/10/21,2979,3012,2979,3009
 2011/10/24,2999,3048,2985,3031
 2011/10/25,3030,3047,3019,3026
 2011/10/26,3017,3031,3008,3023
 2011/10/27,3005,3048,3005,3044
 2011/10/28,3063,3068,3018,3020
 2011/10/31,3014,3017,2971,2976
 2011/11/01,2988,2999,2974,2979
 2011/11/02,2958,2997,2954,2997
 2011/11/03,2976,2989,2965,2971
 2011/11/04,3003,3010,2992,3000
 2011/11/07,2996,2999,2964,2973
 2011/11/08,2970,2972,2946,2959
 2011/11/09,2969,2972,2954,2955
 2011/11/10,2924,2924,2881,2898
 2011/11/11,2893,2910,2888,2896
 2011/11/14,2916,2926,2904,2920
 2011/11/15,2903,2929,2892,2914
 2011/11/16,2927,2930,2890,2893
 2011/11/17,2890,2908,2882,2894
 2011/11/18,2857,2873,2856,2868
 2011/11/21,2864,2875,2853,2856
 2011/11/22,2835,2842,2802,2806
 2011/11/23,2813,2816,2790,2799
 2011/11/24,2785,2785,2742,2761
 2011/11/25,2744,2772,2743,2760
 2011/11/28,2779,2790,2775,2783
 2011/11/29,2790,2802,2784,2799
 2011/11/30,2801,2801,2775,2775
 2011/12/01,2822,2842,2817,2834
 2011/12/02,2821,2823,2807,2817
 2011/12/05,2827,2827,2818,2823
 2011/12/06,2805,2807,2792,2800
 2011/12/07,2809,2817,2803,2815
 2011/12/08,2808,2809,2787,2802
 2011/12/09,2791,2817,2791,2810
 2011/12/12,2786,2799,2771,2772
 2011/12/13,2780,2787,2774,2775
 2011/12/14,2785,2786,2778,2785
 2011/12/15,2759,2799,2759,2794
 2011/12/16,2798,2810,2794,2809
 2011/12/19,2838,2850,2822,2848
 2011/12/20,2848,2850,2835,2844
 2011/12/21,2854,2862,2839,2840
 2011/12/22,2849,2860,2847,2858
 2011/12/23,2860,2872,2859,2871
 2011/12/26,2873,2874,2856,2859
 2011/12/27,2860,2868,2855,2864
 2011/12/28,2893,2935,2892,2933
 2011/12/29,2922,2939,2922,2926
 2011/12/30,2925,2933,2919,2932
 2012/01/04,2957,2963,2947,2954
 2012/01/05,2957,2958,2941,2951
 2012/01/06,2928,2934,2922,2933
 2012/01/09,2927,2936,2916,2931
 2012/01/10,2957,2982,2957,2972
 2012/01/11,2966,2972,2957,2967
 2012/01/12,2937,2939,2927,2937
 2012/01/13,2909,2917,2898,2901
 2012/01/16,2873,2875,2858,2861
 2012/01/17,2877,2896,2871,2896
 2012/01/18,2893,2900,2880,2881
 2012/01/19,2891,2911,2885,2903
 2012/01/20,2911,2937,2908,2937
 2012/01/30,2944,2951,2936,2943
 2012/01/31,2923,2933,2919,2931
 2012/02/01,2938,2968,2937,2956
 2012/02/02,2965,2979,2956,2964
 2012/02/03,2969,2975,2958,2960
 2012/02/06,2985,3019,2983,3017
 2012/02/07,3009,3028,2997,3002
 2012/02/08,3009,3027,3001,3026
 2012/02/09,3011,3019,3003,3007
 2012/02/10,2995,3000,2968,2973
 2012/02/13,2988,3012,2988,3009
 2012/02/14,3031,3042,3021,3021
 2012/02/15,3031,3038,3020,3021
 2012/02/16,3031,3033,3006,3022
 2012/02/17,3032,3064,3031,3062
 2012/02/20,3084,3089,3064,3069
 2012/02/21,3070,3083,3053,3079
 2012/02/22,3071,3075,3059,3065
 2012/02/23,3068,3075,3055,3074
 2012/02/24,3070,3082,3066,3076
 2012/02/27,3079,3108,3078,3104
 2012/02/28,3117,3134,3115,3134
 2012/02/29,3142,3143,3130,3137
 2012/03/01,3129,3152,3117,3117
 2012/03/02,3135,3159,3132,3158
 2012/03/05,3166,3189,3165,3184
 2012/03/06,3175,3186,3170,3181
 2012/03/07,3186,3192,3156,3158
 2012/03/08,3157,3171,3136,3141
 2012/03/09,3160,3199,3156,3195
 2012/03/12,3175,3180,3153,3175
 2012/03/13,3172,3187,3170,3187
 2012/03/14,3198,3221,3191,3204
 2012/03/15,3215,3218,3196,3209
 2012/03/16,3222,3223,3194,3205
 2012/03/19,3219,3224,3207,3214
 2012/03/20,3205,3206,3171,3172
 2012/03/21,3162,3179,3162,3171
 2012/03/22,3182,3190,3177,3183
 2012/03/23,3201,3242,3197,3241
 2012/03/26,3256,3265,3243,3262
 2012/03/27,3265,3280,3255,3277
 2012/03/28,3265,3295,3261,3274
 2012/03/29,3281,3283,3252,3262
 2012/03/30,3251,3254,3224,3237
 2012/04/05,3312,3384,3305,3379
 2012/04/06,3385,3412,3378,3399
 2012/04/09,3408,3416,3386,3390
 2012/04/10,3387,3404,3371,3401
 2012/04/11,3368,3370,3338,3346
 2012/04/12,3340,3356,3338,3354
 2012/04/13,3397,3399,3372,3378
 2012/04/16,3337,3346,3327,3335
 2012/04/17,3334,3369,3333,3367
 2012/04/18,3379,3384,3306,3329
 2012/04/19,3321,3340,3313,3338
 2012/04/20,3333,3347,3319,3341
 2012/04/23,3387,3398,3374,3376
 2012/04/24,3355,3374,3339,3355
 2012/04/25,3394,3398,3366,3368
 2012/04/26,3353,3356,3339,3343
 2012/04/27,3353,3396,3346,3388
 2012/05/02,3411,3411,3388,3400
 2012/05/03,3386,3408,3373,3378
 2012/05/04,3376,3411,3372,3410
 2012/05/07,3400,3405,3356,3366
 2012/05/08,3362,3376,3347,3352
 2012/05/09,3322,3330,3298,3302
 2012/05/10,3317,3325,3301,3323
 2012/05/11,3333,3334,3275,3288
 2012/05/14,3257,3261,3175,3182
 2012/05/15,3161,3213,3145,3208
 2012/05/16,3201,3210,3118,3128
 2012/05/17,3184,3219,3158,3210
 2012/05/18,3192,3213,3171,3197
 2012/05/21,3201,3216,3177,3204
 2012/05/22,3195,3195,3170,3180
 2012/05/23,3120,3126,3102,3122
 2012/05/24,3136,3160,3131,3160
 2012/05/25,3153,3158,3131,3147
 2012/05/28,3155,3173,3142,3169
 2012/05/29,3158,3193,3155,3192
 2012/05/30,3181,3199,3175,3177
 2012/05/31,3162,3175,3158,3159
 2012/06/01,3113,3139,3113,3124
 2012/06/04,3118,3134,3075,3094
 2012/06/05,3113,3161,3105,3149
 2012/06/06,3145,3199,3145,3183
 2012/06/07,3220,3234,3207,3216
 2012/06/08,3239,3245,3204,3232
 2012/06/11,3250,3308,3245,3306
 2012/06/12,3284,3296,3271,3294
 2012/06/13,3297,3298,3267,3268
 2012/06/14,3242,3248,3215,3220
 2012/06/15,3226,3259,3223,3258
 2012/06/18,3261,3280,3238,3259
 2012/06/19,3293,3347,3283,3341
 2012/06/20,3370,3399,3361,3390
 2012/06/21,3367,3387,3356,3378
 2012/06/25,3402,3492,3402,3443
 2012/06/26,3464,3464,3429,3451
 2012/06/27,3440,3459,3432,3435
 2012/06/28,3435,3440,3394,3395
 2012/06/29,3408,3423,3380,3421
 2012/07/02,3469,3472,3404,3410
 2012/07/03,3423,3438,3402,3438
 2012/07/04,3450,3498,3450,3496
 2012/07/05,3493,3575,3489,3571
 2012/07/06,3592,3592,3539,3555
 2012/07/09,3572,3671,3562,3669
 2012/07/10,3659,3668,3624,3660
 2012/07/11,3664,3782,3612,3633
 2012/07/12,3608,3620,3567,3577
 2012/07/13,3619,3674,3608,3673
 2012/07/16,3777,3790,3753,3790
 2012/07/17,3832,3841,3652,3722
 2012/07/18,3763,3788,3717,3768
 2012/07/19,3814,3820,3775,3812
 2012/07/20,3794,3850,3772,3847
 2012/07/23,3808,3817,3732,3813
 2012/07/24,3643,3696,3631,3652
 2012/07/25,3610,3681,3597,3601
 2012/07/26,3645,3652,3609,3651
 2012/07/27,3632,3685,3615,3681
 2012/07/30,3763,3791,3744,3785
 2012/07/31,3774,3851,3760,3849
 2012/08/01,3853,3876,3796,3805
 2012/08/02,3782,3827,3772,3805
 2012/08/03,3783,3835,3748,3781
 2012/08/06,3755,3763,3702,3734
 2012/08/07,3734,3787,3706,3786
 2012/08/08,3758,3760,3708,3711
 2012/08/09,3741,3752,3711,3728
 2012/08/10,3801,3801,3755,3778
 2012/08/13,3764,3770,3737,3737
 2012/08/14,3711,3740,3692,3739
 2012/08/15,3733,3806,3727,3794
 2012/08/16,3808,3812,3753,3757
 2012/08/17,3762,3780,3746,3765
 2012/08/20,3780,3830,3778,3815
 2012/08/21,3855,3938,3855,3932
 2012/08/22,3957,3988,3948,3980
 2012/08/23,3994,4033,3963,3979
 2012/08/24,3959,4032,3954,4031
 2012/08/27,4073,4114,4054,4074
 2012/08/28,4038,4069,4031,4041
 2012/08/29,4055,4096,4031,4094
 2012/08/30,4104,4117,4061,4103
 2012/08/31,4083,4095,4061,4082
 2012/09/03,4101,4209,4091,4187
 2012/09/04,4184,4207,4167,4205
 2012/09/05,4161,4178,4149,4154
 2012/09/06,4096,4098,4026,4062
 2012/09/07,4082,4099,4028,4033
 2012/09/10,4029,4072,4007,4062
 2012/09/11,4032,4063,3984,4000
 2012/09/12,3989,4044,3985,4034
 2012/09/13,4083,4099,4029,4032
 2012/09/14,4062,4113,4045,4061
 2012/09/17,4020,4022,3906,3910
 2012/09/18,3837,3882,3824,3842
 2012/09/19,3885,3902,3848,3877
 2012/09/20,3886,3909,3848,3874
 2012/09/21,3829,3855,3811,3848
 2012/09/24,3814,3818,3746,3803
 2012/09/25,3832,3853,3810,3833
 2012/09/26,3812,3826,3796,3803
 2012/09/27,3771,3815,3771,3800
 2012/09/28,3810,3816,3780,3807
 2012/10/08,3781,3789,3723,3723
 2012/10/09,3750,3757,3726,3742
 2012/10/10,3703,3712,3681,3689
 2012/10/11,3662,3732,3662,3693
 2012/10/12,3703,3720,3641,3642
 2012/10/15,3573,3617,3549,3554
 2012/10/16,3571,3593,3568,3581
 2012/10/17,3552,3586,3537,3583
 2012/10/18,3603,3622,3591,3616
 2012/10/19,3639,3641,3611,3631
 2012/10/22,3638,3669,3626,3667
 2012/10/23,3663,3669,3604,3606
 2012/10/24,3646,3667,3633,3650
 2012/10/25,3649,3659,3621,3623
 2012/10/26,3621,3643,3594,3628
 2012/10/29,3616,3616,3560,3566
 2012/10/30,3559,3571,3534,3563
 2012/10/31,3562,3590,3552,3589
 2012/11/01,3584,3663,3584,3655
 2012/11/02,3631,3640,3601,3621
 2012/11/05,3561,3590,3554,3571
 2012/11/06,3587,3608,3574,3600
 2012/11/07,3597,3608,3561,3571
 2012/11/08,3557,3573,3547,3568
 2012/11/09,3549,3567,3531,3535
 2012/11/12,3442,3452,3399,3401
 2012/11/13,3382,3394,3321,3352
 2012/11/14,3355,3390,3351,3387
 2012/11/15,3376,3383,3303,3307
 2012/11/16,3306,3327,3277,3293
 2012/11/19,3310,3332,3306,3330
 2012/11/20,3333,3339,3282,3292
 2012/11/21,3325,3334,3302,3325
 2012/11/22,3321,3328,3291,3321
 2012/11/23,3317,3388,3316,3386
 2012/11/26,3384,3396,3349,3352
 2012/11/27,3368,3392,3362,3371
 2012/11/28,3396,3417,3390,3404
 2012/11/29,3410,3416,3383,3414
 2012/11/30,3412,3415,3363,3383
 2012/12/03,3396,3454,3394,3428
 2012/12/04,3426,3429,3380,3395
 2012/12/05,3404,3418,3388,3404
 2012/12/06,3436,3459,3418,3428
 2012/12/07,3426,3459,3418,3458
 2012/12/10,3422,3441,3414,3430
 2012/12/11,3442,3469,3440,3459
 2012/12/12,3453,3462,3427,3433
 2012/12/13,3450,3453,3424,3436
 2012/12/14,3446,3490,3440,3488
 2012/12/17,3510,3552,3504,3522
 2012/12/18,3514,3522,3477,3487
 2012/12/19,3455,3456,3414,3439
 2012/12/20,3389,3390,3368,3373
 2012/12/21,3351,3381,3351,3358
 2012/12/24,3373,3394,3356,3357
 2012/12/25,3363,3365,3323,3325
 2012/12/26,3323,3364,3317,3338
 2012/12/27,3319,3368,3314,3366
 2012/12/28,3361,3371,3330,3334
 2012/12/31,3328,3343,3269,3272
 2013/01/04,3236,3249,3216,3240
 2013/01/07,3207,3277,3202,3249
 2013/01/08,3266,3277,3239,3269
 2013/01/09,3275,3297,3245,3246
 2013/01/10,3248,3268,3232,3240
 2013/01/11,3242,3250,3222,3229
 2013/01/14,3274,3327,3270,3323
 2013/01/15,3348,3355,3312,3320
 2013/01/16,3331,3359,3312,3355
 2013/01/17,3376,3379,3324,3328
 2013/01/18,3345,3345,3322,3330
 2013/01/21,3320,3362,3320,3345
 2013/01/22,3342,3371,3338,3367
 2013/01/23,3381,3381,3359,3366
 2013/01/24,3341,3342,3283,3286
 2013/01/25,3308,3324,3306,3309
 2013/01/28,3336,3355,3330,3353
 2013/01/29,3346,3351,3331,3339
 2013/01/30,3334,3410,3334,3402
 2013/01/31,3434,3447,3415,3420
 2013/02/01,3410,3443,3389,3438
 2013/02/04,3446,3446,3421,3422
 2013/02/05,3436,3454,3422,3425
 2013/02/06,3442,3453,3431,3438
 2013/02/07,3442,3442,3411,3419
 2013/02/08,3431,3464,3426,3442
 2013/02/18,3339,3370,3322,3359
 2013/02/19,3363,3381,3363,3374
 2013/02/20,3405,3435,3399,3421
 2013/02/21,3413,3446,3384,3430
 2013/02/22,3440,3526,3431,3494
 2013/02/25,3450,3459,3353,3418
 2013/02/26,3403,3462,3373,3375
 2013/02/27,3400,3415,3378,3389
 2013/02/28,3418,3425,3391,3402
 2013/03/01,3415,3453,3406,3448
 2013/03/04,3435,3454,3430,3435
 2013/03/05,3472,3485,3453,3466
 2013/03/06,3460,3473,3438,3457
 2013/03/07,3459,3467,3448,3462
 2013/03/08,3471,3491,3470,3480
 2013/03/11,3481,3489,3453,3454
 2013/03/12,3468,3468,3408,3410
 2013/03/13,3416,3422,3384,3410
 2013/03/14,3380,3381,3336,3350
 2013/03/15,3361,3389,3354,3366
 2013/03/18,3316,3320,3262,3279
 2013/03/19,3294,3301,3282,3292
 2013/03/20,3282,3338,3282,3336
 2013/03/21,3351,3378,3337,3349
 2013/03/22,3365,3370,3342,3347
 2013/03/25,3342,3350,3325,3333
 2013/03/26,3340,3353,3334,3350
 2013/03/27,3362,3369,3348,3364
 2013/03/28,3376,3381,3354,3359
 2013/03/29,3267,3307,3267,3303
 2013/04/01,3293,3301,3258,3263
 2013/04/02,3267,3285,3233,3260
 2013/04/03,3230,3233,3166,3170
 2013/04/08,3103,3144,3100,3141
 2013/04/09,3139,3170,3128,3134
 2013/04/10,3152,3162,3138,3152
 2013/04/11,3136,3143,3109,3128
 2013/04/12,3142,3164,3134,3163
 2013/04/15,3144,3150,3107,3131
 2013/04/16,3100,3133,3075,3130
 2013/04/17,3145,3159,3130,3154
 2013/04/18,3144,3184,3131,3176
 2013/04/19,3173,3203,3165,3167
 2013/04/22,3151,3159,3124,3127
 2013/04/23,3124,3138,3114,3128
 2013/04/24,3117,3127,3057,3066
 2013/04/25,3059,3100,3056,3099
 2013/04/26,3136,3138,3102,3115
 2013/05/02,3107,3158,3101,3157
 2013/05/03,3151,3164,3134,3136
 2013/05/06,3134,3161,3119,3154
 2013/05/07,3125,3142,3125,3139
 2013/05/08,3144,3198,3143,3185
 2013/05/09,3183,3185,3168,3183
 2013/05/10,3205,3211,3182,3192
 2013/05/13,3176,3199,3135,3136
 2013/05/14,3163,3181,3151,3171
 2013/05/15,3176,3182,3148,3160
 2013/05/16,3154,3174,3131,3156
 2013/05/17,3177,3197,3172,3182
 2013/05/20,3221,3221,3193,3196
 2013/05/21,3214,3219,3179,3191
 2013/05/22,3202,3202,3177,3191
 2013/05/23,3213,3225,3202,3203
 2013/05/24,3193,3211,3188,3199
 2013/05/27,3171,3204,3171,3196
 2013/05/28,3205,3209,3191,3208
 2013/05/29,3234,3303,3233,3267
 2013/05/30,3270,3289,3262,3282
 2013/05/31,3285,3308,3277,3308
 2013/06/03,3332,3403,3329,3389
 2013/06/04,3396,3396,3339,3361
 2013/06/05,3379,3420,3360,3400
 2013/06/06,3366,3383,3343,3357
 2013/06/07,3363,3384,3337,3347
 2013/06/13,3353,3371,3325,3342
 2013/06/14,3331,3347,3307,3347
 2013/06/17,3324,3326,3279,3309
 2013/06/18,3304,3344,3304,3311
 2013/06/19,3322,3322,3296,3305
 2013/06/20,3305,3327,3294,3299
 2013/06/21,3293,3293,3219,3219
 2013/06/24,3230,3230,3186,3197
 2013/06/25,3209,3255,3209,3250
 2013/06/26,3241,3257,3230,3240
 2013/06/27,3244,3275,3235,3259
 2013/06/28,3255,3273,3227,3232
 2013/07/01,3228,3228,3182,3196
 2013/07/02,3189,3215,3175,3209
 2013/07/03,3200,3238,3200,3234
 2013/07/04,3220,3243,3220,3227
 2013/07/05,3232,3247,3222,3242
 2013/07/08,3234,3234,3183,3199
 2013/07/09,3207,3288,3207,3281
 2013/07/10,3273,3310,3273,3293
 2013/07/11,3298,3312,3281,3304
 2013/07/12,3307,3346,3307,3313
 2013/07/15,3315,3315,3260,3281
 2013/07/16,3278,3316,3278,3315
 2013/07/17,3313,3348,3313,3324
 2013/07/18,3331,3347,3305,3345
 2013/07/19,3327,3343,3310,3311
 2013/07/22,3330,3334,3283,3291
 2013/07/23,3301,3360,3301,3356
 2013/07/24,3330,3331,3301,3315
 2013/07/25,3303,3303,3267,3275
 2013/07/26,3263,3263,3154,3175
 2013/07/29,3185,3185,3158,3174
 2013/07/30,3175,3195,3171,3175
 2013/07/31,3175,3175,3131,3167
 2013/08/01,3153,3179,3153,3179
 2013/08/02,3169,3169,3149,3155
 2013/08/05,3154,3154,3130,3140
 2013/08/06,3135,3150,3118,3147
 2013/08/07,3135,3139,3113,3119
 2013/08/08,3124,3156,3124,3145
 2013/08/09,3144,3186,3144,3160
 2013/08/12,3167,3178,3156,3178
 2013/08/13,3169,3254,3169,3237
 2013/08/14,3234,3244,3214,3214
 2013/08/15,3228,3306,3228,3260
 2013/08/16,3274,3330,3274,3289
 2013/08/19,3302,3339,3302,3321
 2013/08/20,3322,3374,3312,3333
 2013/08/21,3338,3343,3316,3330
 2013/08/22,3327,3363,3327,3359
 2013/08/23,3341,3352,3328,3341
 2013/08/26,3338,3469,3338,3469
 2013/08/27,3467,3572,3467,3570
 2013/08/28,3543,3572,3531,3532
 2013/08/29,3552,3556,3458,3511
 2013/08/30,3500,3500,3419,3445
 2013/09/02,3448,3551,3448,3549
 2013/09/03,3551,3573,3509,3542
 2013/09/04,3515,3515,3465,3498
 2013/09/05,3487,3515,3451,3468
 2013/09/06,3494,3540,3494,3537
 2013/09/09,3538,3563,3507,3519
 2013/09/10,3527,3527,3462,3463
 2013/09/11,3483,3517,3465,3513
 2013/09/12,3511,3540,3502,3512
 2013/09/13,3517,3621,3517,3604
 2013/09/16,3570,3570,3491,3496
 2013/09/17,3490,3493,3463,3492
 2013/09/18,3469,3499,3467,3489
 2013/09/23,3442,3453,3419,3440
 2013/09/24,3450,3481,3447,3473
 2013/09/25,3472,3499,3465,3478
 2013/09/26,3486,3498,3463,3475
 2013/09/27,3473,3509,3466,3501
 2013/09/30,3492,3520,3486,3516
 2013/10/08,3502,3587,3502,3565
 2013/10/09,3568,3568,3534,3549
 2013/10/10,3544,3574,3495,3500
 2013/10/11,3505,3505,3451,3455
 2013/10/14,3471,3471,3432,3440
 2013/10/15,3446,3457,3413,3425
 2013/10/16,3430,3438,3394,3410
 2013/10/17,3410,3435,3365,3384
 2013/10/18,3402,3416,3397,3409
 2013/10/21,3409,3414,3384,3413
 2013/10/22,3401,3419,3389,3389
 2013/10/23,3399,3415,3381,3405
 2013/10/24,3411,3423,3399,3422
 2013/10/25,3414,3433,3387,3389
 2013/10/28,3396,3396,3339,3360
 2013/10/29,3344,3353,3328,3349
 2013/10/30,3345,3362,3328,3332
 2013/10/31,3334,3342,3312,3325
 2013/11/01,3316,3320,3303,3313
 2013/11/04,3304,3311,3275,3304
 2013/11/05,3296,3311,3289,3301
 2013/11/06,3292,3317,3285,3314
 2013/11/07,3311,3318,3296,3300
 2013/11/08,3309,3316,3290,3293
 2013/11/11,3314,3355,3314,3325
 2013/11/12,3338,3348,3326,3346
 2013/11/13,3341,3366,3341,3358
 2013/11/14,3357,3359,3335,3337
 2013/11/15,3342,3356,3335,3342
 2013/11/18,3335,3335,3295,3298
 2013/11/19,3301,3310,3282,3284
 2013/11/20,3291,3291,3278,3287
 2013/11/21,3284,3294,3283,3286
 2013/11/22,3288,3312,3288,3309
 2013/11/25,3314,3345,3314,3317
 2013/11/26,3332,3336,3321,3322
 2013/11/27,3331,3369,3325,3361
 2013/11/28,3353,3360,3348,3357
 2013/11/29,3353,3376,3353,3369
 2013/12/02,3369,3400,3369,3391
 2013/12/03,3382,3385,3368,3371
 2013/12/04,3373,3389,3372,3382
 2013/12/05,3377,3393,3373,3375
 2013/12/06,3382,3382,3341,3354
 2013/12/09,3354,3383,3354,3382
 2013/12/10,3374,3406,3374,3377
 2013/12/11,3385,3385,3363,3373
 2013/12/12,3368,3383,3332,3336
 2013/12/13,3346,3346,3302,3309
 2013/12/16,3306,3340,3306,3325
 2013/12/17,3329,3365,3329,3354
 2013/12/18,3349,3371,3349,3358
 2013/12/19,3749,3749,3335,3344
 2013/12/20,3339,3347,3325,3339
 2013/12/23,3331,3345,3326,3328
 2013/12/24,3330,3330,3277,3287
 2013/12/25,3293,3321,3277,3319
 2013/12/26,3331,3331,3312,3314
 2013/12/27,3316,3333,3289,3329
 2013/12/30,3310,3367,3293,3295
 2013/12/31,3296,3312,3294,3305
 2014/01/02,3292,3292,3268,3291
 2014/01/03,3269,3274,3257,3269
 2014/01/06,3268,3278,3262,3266
 2014/01/07,3274,3280,3218,3219
 2014/01/08,3230,3237,3218,3232
 2014/01/09,3221,3280,3213,3249
 2014/01/10,3246,3260,3225,3243
 2014/01/13,3242,3242,3217,3220
 2014/01/14,3235,3267,3235,3263
 2014/01/15,3263,3295,3263,3290
 2014/01/16,3295,3302,3283,3292
 2014/01/17,3287,3303,3274,3279
 2014/01/20,3286,3298,3279,3293
 2014/01/21,3288,3293,3262,3271
 2014/01/22,3243,3243,3212,3222
 2014/01/23,3223,3228,3214,3219
 2014/01/24,3216,3216,3203,3210
 2014/01/27,3217,3231,3217,3226
 2014/01/28,3226,3231,3210,3211
 2014/01/29,3211,3219,3203,3205
 2014/01/30,3201,3207,3186,3206
 2014/02/07,3237,3307,3237,3286
 2014/02/10,3287,3300,3287,3294
 2014/02/11,3283,3283,3269,3275
 2014/02/12,3274,3317,3274,3312
 2014/02/13,3299,3309,3287,3303
 2014/02/14,3312,3332,3312,3328
 2014/02/17,3318,3347,3300,3307
 2014/02/18,3315,3317,3295,3301
 2014/02/19,3316,3330,3306,3308
 2014/02/20,3311,3311,3299,3304
 2014/02/21,3304,3311,3278,3280
 2014/02/24,3292,3319,3280,3314
 2014/02/25,3307,3325,3292,3295
 2014/02/26,3303,3329,3285,3294
 2014/02/27,3302,3313,3288,3290
 2014/02/28,3264,3275,3261,3264
 2014/03/03,3274,3301,3274,3286
 2014/03/04,3279,3279,3262,3268
 2014/03/05,3270,3284,3258,3278
 2014/03/06,3273,3288,3271,3273
 2014/03/07,3276,3301,3276,3296
 2014/03/10,3286,3295,3252,3267
 2014/03/11,3251,3267,3228,3267
 2014/03/12,3248,3271,3240,3246
 2014/03/13,3244,3246,3208,3219
 2014/03/14,3216,3225,3188,3190
 2014/03/17,3196,3196,3159,3176
 2014/03/18,3176,3197,3170,3192
 2014/03/19,3195,3257,3195,3255
 2014/03/20,3249,3312,3249,3305
 2014/03/21,3291,3302,3268,3295
 2014/03/24,3276,3288,3262,3282
 2014/03/25,3282,3349,3282,3331
 2014/03/26,3328,3345,3319,3329
 2014/03/27,3330,3370,3319,3321
 2014/03/28,3343,3343,3307,3340
 2014/03/31,3331,3352,3330,3342
 2014/04/01,3346,3455,3346,3432
 2014/04/02,3425,3463,3425,3454
 2014/04/03,3447,3447,3402,3420
 2014/04/04,3419,3445,3415,3441
 2014/04/08,3428,3431,3414,3422
 2014/04/09,3422,3465,3422,3432
 2014/04/10,3453,3453,3421,3424
 2014/04/11,3429,3429,3400,3415
 2014/04/14,3407,3428,3394,3410
 2014/04/15,3411,3430,3410,3410
 2014/04/16,3417,3461,3417,3455
 2014/04/17,3450,3500,3450,3495
 2014/04/18,3489,3519,3480,3515
 2014/04/21,3501,3517,3482,3484
 2014/04/22,3499,3500,3469,3498
 2014/04/23,3481,3487,3460,3464
 2014/04/24,3470,3482,3463,3476
 2014/04/25,3472,3515,3472,3496
 2014/04/28,3498,3587,3498,3582
 2014/04/29,3570,3572,3553,3560
 2014/04/30,3559,3594,3559,3581
 2014/05/05,3550,3550,3510,3529
 2014/05/06,3525,3533,3502,3520
 2014/05/07,3512,3522,3502,3511
 2014/05/08,3511,3532,3503,3516
 2014/05/09,3532,3542,3511,3512
 2014/05/12,3528,3545,3528,3540
 2014/05/13,3520,3537,3510,3534
 2014/05/14,3539,3573,3539,3570
 2014/05/15,3569,3598,3566,3592
 2014/05/16,3574,3586,3573,3581
 2014/05/19,3576,3605,3574,3581
 2014/05/20,3599,3629,3599,3625
 2014/05/21,3613,3628,3607,3624
 2014/05/22,3644,3715,3644,3705
 2014/05/23,3697,3715,3690,3708
 2014/05/26,3704,3718,3698,3715
 2014/05/27,3712,3712,3618,3634
 2014/05/28,3649,3653,3609,3632
 2014/05/29,3638,3672,3638,3670
 2014/05/30,3664,3685,3649,3667
 2014/06/03,3723,3723,3634,3638
 2014/06/04,3640,3640,3595,3613
 2014/06/05,3609,3618,3566,3567
 2014/06/06,3571,3571,3524,3542
 2014/06/09,3537,3591,3537,3567
 2014/06/10,3559,3575,3548,3549
 2014/06/11,3559,3568,3548,3553
 2014/06/12,3547,3583,3529,3578
 2014/06/13,3550,3550,3523,3546
 2014/06/17,3570,3585,3528,3537
 2014/06/18,3537,3537,3510,3529
 2014/06/19,3528,3558,3528,3546
 2014/06/20,3540,3570,3540,3557
 2014/06/23,3562,3600,3562,3593
 2014/06/24,3584,3584,3552,3557
 2014/06/25,3560,3575,3544,3557
 2014/06/26,3556,3567,3550,3558
 2014/06/27,3569,3604,3569,3580
 2014/06/30,3582,3582,3543,3561
 2014/07/01,3516,3516,3422,3429
 2014/07/02,3430,3430,3392,3419
 2014/07/03,3407,3421,3405,3408
 2014/07/04,3401,3405,3388,3398
 2014/07/07,3397,3400,3333,3341
 2014/07/08,3351,3363,3340,3359
 2014/07/09,3343,3343,3291,3292
 2014/07/10,3300,3304,3279,3287
 2014/07/11,3285,3285,3241,3270
 2014/07/14,3242,3262,3220,3254
 2014/07/15,3249,3282,3249,3259
 2014/07/16,3269,3297,3267,3293
 2014/07/17,3291,3315,3279,3281
 2014/07/18,3290,3290,3269,3273
 2014/07/21,3271,3271,3229,3229
 2014/07/22,3240,3247,3228,3239
 2014/07/23,3231,3231,3188,3189
 2014/07/24,3209,3249,3209,3237
 2014/07/25,3236,3246,3226,3232
 2014/07/28,3239,3286,3239,3284
 2014/07/29,3283,3327,3283,3325
 2014/07/30,3313,3314,3282,3309
 2014/07/31,3292,3292,3278,3288
 2014/08/01,3285,3291,3250,3256
 2014/08/04,3258,3268,3232,3261
 2014/08/05,3250,3279,3250,3271
 2014/08/06,3267,3281,3258,3266
 2014/08/07,3270,3307,3270,3297
 2014/08/08,3296,3309,3292,3308
 2014/08/11,3300,3328,3291,3292
 2014/08/12,3308,3308,3241,3246
 2014/08/13,3256,3265,3203,3213
 2014/08/14,3229,3229,3161,3172
 2014/08/15,3183,3206,3183,3198
 2014/08/18,3194,3214,3176,3213
 2014/08/19,3196,3226,3196,3225
 2014/08/20,3215,3235,3195,3196
 2014/08/21,3208,3208,3174,3203
 2014/08/22,3186,3208,3186,3200
 2014/08/25,3199,3217,3182,3192
 2014/08/26,3189,3189,3140,3154
 2014/08/27,3149,3186,3149,3167
 2014/08/28,3167,3167,3141,3145
 2014/08/29,3147,3164,3141,3153
 2014/09/01,3146,3152,3124,3136
 2014/09/02,3133,3158,3132,3152
 2014/09/03,3150,3163,3138,3138
 2014/09/04,3143,3143,3086,3091
 2014/09/05,3091,3091,3041,3045
 2014/09/09,3047,3058,3027,3035
 2014/09/10,3028,3028,2988,3009
 2014/09/11,2999,3010,2993,2999
 2014/09/12,2991,3035,2974,3032
 2014/09/15,3010,3019,3000,3012
 2014/09/16,3009,3040,3008,3018
 2014/09/17,3016,3034,3004,3032
 2014/09/18,3023,3031,3011,3017
 2014/09/19,3009,3009,2948,2949
 2014/09/22,2948,2948,2854,2868
 2014/09/23,2867,2909,2840,2888
 2014/09/24,2882,2892,2855,2859
 2014/09/25,2870,2878,2848,2858
 2014/09/26,2852,2852,2791,2816
 2014/09/29,2806,2811,2772,2780
 2014/09/30,2795,2812,2795,2802
 2014/10/08,2820,2863,2820,2859
 2014/10/09,2846,2873,2845,2873
 2014/10/10,2863,2874,2821,2827
 2014/10/13,2830,2862,2809,2850
 2014/10/14,2858,2912,2858,2904
 2014/10/15,2903,2925,2897,2897
 2014/10/16,2903,2918,2884,2900
 2014/10/17,2910,2937,2907,2910
 2014/10/20,2912,2912,2882,2892
 2014/10/21,2892,2923,2892,2903
 2014/10/22,2919,2939,2919,2923
 2014/10/23,2922,2922,2895,2919
 2014/10/24,2928,2993,2928,2973
 2014/10/27,2964,2964,2925,2955
 2014/10/28,2963,3029,2963,2990
 2014/10/29,3001,3024,2990,3022
 2014/10/30,3020,3077,3020,3037
 2014/10/31,3046,3060,3018,3055
 2014/11/03,3039,3056,2994,2996
 2014/11/04,3022,3022,2924,2945
 2014/11/05,2954,2954,2903,2904
 2014/11/10,2987,3009,2968,3006
 2014/11/11,2987,2987,2948,2958
 2014/11/12,2976,3041,2976,3029
 2014/11/13,3022,3022,2996,3017
 2014/11/14,3002,3002,2954,2955
 2014/11/17,2937,2964,2926,2937
 2014/11/18,2951,2954,2904,2931
 2014/11/19,2910,2914,2874,2876
 2014/11/20,2852,2888,2851,2878
 2014/11/21,2891,2903,2865,2898
 2014/11/24,2906,2911,2873,2876
 2014/11/25,2880,2893,2868,2892
 2014/11/26,2896,2907,2880,2885
 2014/11/27,2887,2901,2877,2900
 2014/11/28,2892,2932,2882,2916
 2014/12/01,2859,2873,2836,2852
 2014/12/02,2874,2888,2868,2872
 2014/12/03,2844,2853,2812,2843
 2014/12/04,2843,2859,2821,2821
 2014/12/05,2840,2855,2822,2851
 2014/12/08,2877,2895,2868,2885
 2014/12/09,2891,2900,2871,2893
 2014/12/10,2908,2985,2905,2968
 2014/12/11,2926,2953,2923,2950
 2014/12/12,2953,2969,2939,2947
 2014/12/15,2952,2967,2933,2956
 2014/12/16,2937,2937,2903,2909
 2014/12/17,2890,2899,2856,2868
 2014/12/18,2877,2893,2866,2869
 2014/12/19,2889,2896,2875,2891
 2014/12/22,2882,2883,2861,2868
 2014/12/23,2867,2882,2847,2848
 2014/12/24,2852,2857,2822,2835
 2014/12/25,2836,2844,2829,2843
 2014/12/26,2845,2867,2841,2862
 2014/12/29,2863,2919,2860,2898
 2014/12/30,2897,2923,2870,2900
 2014/12/31,2893,2908,2854,2866
 2015/01/05,2828,2828,2802,2803
 2015/01/06,2816,2867,2809,2845
 2015/01/07,2859,2875,2843,2852
 2015/01/08,2854,2868,2846,2860
 2015/01/09,2863,2869,2818,2828
 2015/01/12,2835,2846,2827,2833
 2015/01/13,2822,2841,2768,2783
 2015/01/14,2783,2789,2716,2718
 2015/01/15,2718,2752,2701,2744
 2015/01/16,2743,2763,2692,2709
 2015/01/19,2713,2735,2623,2683
 2015/01/20,2680,2684,2649,2673
 2015/01/21,2674,2728,2650,2695
 2015/01/22,2685,2721,2685,2701
 2015/01/23,2712,2712,2670,2685
 2015/01/26,2681,2702,2666,2681
 2015/01/27,2677,2726,2676,2703
 2015/01/28,2702,2710,2685,2699
 2015/01/29,2692,2709,2683,2692
 2015/01/30,2691,2708,2685,2699
 2015/02/02,2698,2701,2662,2671
 2015/02/03,2683,2706,2671,2697
 2015/02/04,2709,2755,2695,2726
 2015/02/05,2718,2733,2706,2719
 2015/02/06,2729,2745,2720,2729
 2015/02/09,2732,2742,2716,2741
 2015/02/10,2734,2760,2733,2735
 2015/02/11,2735,2757,2721,2739
 2015/02/12,2734,2744,2729,2735
 2015/02/13,2741,2783,2737,2778
 2015/02/16,2776,2800,2768,2778
 2015/02/17,2776,2793,2770,2790
 2015/02/25,2805,2836,2805,2814
 2015/02/26,2814,2847,2811,2830
 2015/02/27,2839,2904,2831,2890
 2015/03/02,2900,2907,2872,2892
 2015/03/03,2887,2897,2836,2845
 2015/03/04,2844,2851,2816,2839
 2015/03/05,2826,2830,2794,2803
 2015/03/06,2800,2826,2781,2782
 2015/03/09,2787,2814,2771,2805
 2015/03/10,2802,2826,2802,2806
 2015/03/11,2797,2860,2788,2838
 2015/03/12,2838,2870,2827,2854
 2015/03/13,2854,2861,2818,2825
 2015/03/16,2812,2823,2781,2799
 2015/03/17,2807,2821,2791,2793
 2015/03/18,2788,2791,2761,2764
 2015/03/19,2773,2810,2763,2790
 2015/03/20,2783,2788,2770,2786
 2015/03/23,2788,2825,2784,2815
 2015/03/24,2821,2836,2798,2826
 2015/03/25,2822,2829,2804,2808
 2015/03/26,2811,2819,2785,2788
 2015/03/27,2785,2791,2770,2789
 2015/03/30,2783,2788,2766,2771
 2015/03/31,2764,2773,2745,2762
 2015/04/01,2759,2830,2757,2803
 2015/04/02,2806,2825,2795,2807
 2015/04/03,2799,2808,2781,2784
 2015/04/07,2792,2798,2773,2779
 2015/04/08,2773,2781,2761,2774
 2015/04/09,2776,2779,2721,2721
 2015/04/10,2725,2727,2688,2694
 2015/04/13,2699,2719,2686,2704
 2015/04/14,2704,2709,2694,2707
 2015/04/15,2718,2730,2711,2719
 2015/04/16,2716,2733,2701,2706
 2015/04/17,2711,2720,2704,2718
 2015/04/20,2722,2741,2709,2730
 2015/04/21,2731,2738,2722,2736
 2015/04/22,2734,2744,2712,2718
 2015/04/23,2717,2738,2713,2730
 2015/04/24,2733,2759,2727,2740
 2015/04/27,2739,2753,2731,2748
 2015/04/28,2749,2786,2748,2770
 2015/04/29,2780,2789,2747,2753
 2015/04/30,2755,2782,2752,2779
 2015/05/04,2747,2747,2727,2737
 2015/05/05,2737,2762,2720,2737
 2015/05/06,2741,2766,2737,2755
 2015/05/07,2753,2775,2742,2760
 2015/05/08,2757,2763,2732,2734
 2015/05/11,2736,2748,2731,2740
 2015/05/12,2741,2744,2694,2695
 2015/05/13,2697,2717,2677,2685
 2015/05/14,2690,2698,2672,2680
 2015/05/15,2680,2691,2678,2681
 2015/05/18,2685,2688,2662,2680
 2015/05/19,2687,2694,2670,2672
 2015/05/20,2655,2656,2586,2601
 2015/05/21,2603,2614,2593,2595
 2015/05/22,2595,2611,2577,2598
 2015/05/25,2605,2606,2542,2547
 2015/05/26,2547,2565,2539,2541
 2015/05/27,2527,2561,2527,2544
 2015/05/28,2550,2579,2550,2566
 2015/05/29,2570,2575,2554,2563
 2015/06/01,2562,2567,2524,2527
 2015/06/02,2530,2571,2525,2566
 2015/06/03,2578,2587,2569,2580
 2015/06/04,2575,2584,2551,2576
 2015/06/05,2577,2588,2568,2575
 2015/06/08,2576,2582,2553,2562
 2015/06/09,2568,2579,2567,2572
 2015/06/10,2570,2582,2562,2564
 2015/06/11,2573,2578,2564,2567
 2015/06/12,2550,2554,2494,2504
 2015/06/15,2509,2510,2461,2470
 2015/06/16,2467,2494,2456,2491
 2015/06/17,2487,2559,2463,2537
 2015/06/18,2536,2546,2519,2522
 2015/06/19,2514,2573,2513,2551
 2015/06/23,2548,2630,2548,2619
 2015/06/24,2608,2613,2588,2594
 2015/06/25,2593,2606,2579,2593
 2015/06/26,2612,2644,2604,2624
 2015/06/29,2658,2663,2605,2623
 2015/06/30,2625,2644,2576,2585
 2015/07/01,2583,2706,2572,2706
 2015/07/02,2705,2733,2698,2730
 2015/07/03,2715,2778,2715,2766
 2015/07/06,2764,2767,2703,2728
 2015/07/07,2714,2777,2708,2735
 2015/07/08,2733,2733,2637,2637
 2015/07/09,2550,2743,2518,2692
 2015/07/10,2721,2765,2713,2765
 2015/07/13,2776,2804,2722,2762
 2015/07/14,2746,2868,2745,2833
 2015/07/15,2824,2843,2785,2804
 2015/07/16,2795,2806,2746,2797
 2015/07/17,2820,2822,2725,2734
 2015/07/20,2729,2750,2677,2698
 2015/07/21,2693,2731,2692,2713
 2015/07/22,2710,2748,2709,2748
 2015/07/23,2723,2758,2719,2738
 2015/07/24,2733,2749,2693,2710
 2015/07/27,2705,2713,2650,2651
 2015/07/28,2642,2660,2626,2654
 2015/07/29,2659,2662,2637,2652
 2015/07/30,2648,2682,2644,2657
 2015/07/31,2678,2681,2654,2668
 2015/08/03,2664,2674,2628,2636
 2015/08/04,2634,2681,2631,2677
 2015/08/05,2682,2701,2672,2689
 2015/08/06,2703,2705,2676,2696
 2015/08/07,2686,2702,2654,2672
 2015/08/10,2675,2748,2668,2741
 2015/08/11,2742,2793,2738,2775
 2015/08/12,2760,2780,2749,2772
 2015/08/13,2787,2810,2655,2699
 2015/08/14,2699,2707,2688,2688
 2015/08/17,2683,2692,2676,2687
 2015/08/18,2693,2703,2677,2680
 2015/08/19,2666,2668,2629,2652
 2015/08/20,2664,2665,2624,2635
 2015/08/21,2644,2671,2636,2646
 2015/08/24,2646,2657,2579,2600
 2015/08/25,2585,2654,2576,2647
 2015/08/26,2687,2694,2644,2659
 2015/08/27,2668,2696,2653,2692
 2015/08/28,2697,2735,2665,2678
 2015/08/31,2672,2697,2647,2648
 2015/09/01,2645,2660,2634,2656
 2015/09/02,2644,2671,2631,2670
 2015/09/07,2650,2654,2619,2622
 2015/09/08,2628,2649,2624,2648
 2015/09/09,2653,2674,2645,2650
 2015/09/10,2656,2665,2646,2657
 2015/09/11,2645,2662,2640,2644
 2015/09/14,2646,2698,2630,2685
 2015/09/15,2687,2708,2682,2696
 2015/09/16,2692,2709,2677,2701
 2015/09/17,2702,2703,2677,2680
 2015/09/18,2675,2686,2658,2659
 2015/09/21,2652,2660,2607,2642
 2015/09/22,2640,2648,2632,2638
 2015/09/23,2628,2636,2620,2633
 2015/09/24,2633,2643,2622,2630
 2015/09/25,2620,2647,2619,2638
 2015/09/28,2653,2657,2629,2636
 2015/09/29,2631,2635,2595,2604
 2015/09/30,2614,2637,2608,2623
 2015/10/08,2637,2638,2606,2609
 2015/10/09,2612,2626,2588,2589
 2015/10/12,2598,2627,2593,2617
 2015/10/13,2612,2626,2606,2616
 2015/10/14,2619,2664,2618,2653
 2015/10/15,2661,2668,2645,2648
 2015/10/16,2645,2658,2639,2643
 2015/10/19,2640,2641,2616,2620
 2015/10/20,2620,2625,2583,2607
 2015/10/21,2611,2615,2578,2580
 2015/10/22,2583,2605,2577,2601
 2015/10/23,2606,2610,2551,2561
 2015/10/26,2567,2567,2541,2546
 2015/10/27,2543,2547,2512,2543
 2015/10/28,2543,2556,2532,2540
 2015/10/29,2537,2543,2526,2533
 2015/10/30,2530,2534,2516,2519
 2015/11/02,2521,2530,2512,2521
 2015/11/03,2518,2524,2485,2486
 2015/11/04,2484,2508,2483,2493
 2015/11/05,2491,2502,2473,2474
 2015/11/06,2480,2481,2442,2453
 2015/11/09,2451,2470,2439,2458
 2015/11/10,2458,2461,2445,2447
 2015/11/11,2446,2465,2429,2448
 2015/11/12,2449,2466,2448,2455
 2015/11/13,2449,2462,2430,2433
 2015/11/16,2433,2435,2410,2413
 2015/11/17,2413,2418,2399,2403
 2015/11/18,2405,2429,2405,2415
 2015/11/19,2421,2430,2368,2375
 2015/11/20,2366,2381,2339,2345
 2015/11/23,2336,2347,2265,2282
 2015/11/24,2280,2346,2270,2337
 2015/11/25,2341,2359,2317,2340
 2015/11/26,2332,2401,2323,2389
 2015/11/27,2387,2397,2362,2384
 2015/11/30,2380,2382,2351,2364
 2015/12/01,2367,2402,2362,2385
 2015/12/02,2406,2408,2382,2397
 2015/12/03,2393,2394,2355,2355
 2015/12/04,2352,2365,2333,2360
 2015/12/07,2356,2394,2352,2388
 2015/12/08,2385,2387,2309,2327
 2015/12/09,2325,2335,2308,2318
 2015/12/10,2327,2331,2300,2309
 2015/12/11,2308,2353,2307,2351
 2015/12/14,2353,2358,2331,2356
 2015/12/15,2347,2383,2343,2355
 2015/12/16,2353,2371,2342,2365
 2015/12/17,2364,2374,2321,2323
 2015/12/18,2325,2374,2319,2372
 2015/12/21,2387,2423,2371,2422
 2015/12/22,2419,2426,2402,2409
 2015/12/23,2413,2416,2390,2400
 2015/12/24,2398,2405,2376,2385
 2015/12/25,2386,2393,2365,2368
 2015/12/28,2367,2375,2341,2348
 2015/12/29,2348,2373,2346,2372
 2015/12/30,2369,2380,2354,2364
 2015/12/31,2359,2381,2357,2381
 2016/01/04,2371,2379,2325,2328
 2016/01/05,2332,2347,2328,2343
 2016/01/06,2345,2350,2326,2345
 2016/01/07,2341,2380,2338,2367
 2016/01/08,2368,2397,2356,2395
 2016/01/11,2397,2402,2366,2369
 2016/01/12,2370,2381,2360,2365
 2016/01/13,2365,2396,2364,2370
 2016/01/14,2367,2399,2366,2391
 2016/01/15,2388,2401,2382,2390
 2016/01/18,2383,2446,2382,2444
 2016/01/19,2445,2455,2437,2447
 2016/01/20,2448,2457,2429,2440
 2016/01/21,2437,2439,2409,2412
 2016/01/22,2415,2444,2414,2441
 2016/01/25,2444,2453,2418,2423
 2016/01/26,2424,2441,2414,2432
 2016/01/27,2428,2438,2418,2434
 2016/01/28,2434,2445,2425,2430
 2016/01/29,2426,2431,2400,2407
 2016/02/01,2408,2435,2408,2431
 2016/02/02,2426,2446,2425,2442
 2016/02/03,2438,2442,2426,2439
 2016/02/04,2437,2442,2424,2431
 2016/02/05,2434,2434,2413,2424
 2016/02/15,2410,2430,2406,2409
 2016/02/16,2411,2427,2393,2396
 2016/02/17,2393,2404,2375,2376
 2016/02/18,2378,2391,2374,2376
 2016/02/19,2376,2392,2367,2383
 2016/02/22,2379,2399,2379,2391
 2016/02/23,2394,2402,2372,2375
 2016/02/24,2377,2379,2338,2351
 2016/02/25,2349,2354,2331,2343
 2016/02/26,2348,2352,2325,2328
 2016/02/29,2329,2338,2293,2301
 2016/03/01,2302,2316,2295,2313
 2016/03/02,2316,2335,2304,2307
 2016/03/03,2305,2330,2300,2324
 2016/03/04,2322,2348,2321,2346
 2016/03/07,2355,2408,2349,2371
 2016/03/08,2368,2383,2326,2331
 2016/03/09,2326,2347,2319,2331
 2016/03/10,2337,2343,2315,2319
 2016/03/11,2311,2331,2291,2323
 2016/03/14,2332,2341,2323,2326
 2016/03/15,2319,2344,2312,2320
 2016/03/16,2315,2323,2300,2305
 2016/03/17,2304,2322,2299,2320
 2016/03/18,2325,2340,2314,2332
 2016/03/21,2328,2335,2311,2326
 2016/03/22,2330,2359,2327,2351
 2016/03/23,2353,2381,2347,2353
 2016/03/24,2339,2379,2339,2358
 2016/03/25,2352,2394,2352,2393
 2016/03/28,2399,2401,2364,2365
 2016/03/29,2367,2372,2345,2351
 2016/03/30,2354,2368,2347,2362
 2016/03/31,2365,2369,2327,2332
 2016/04/01,2335,2358,2326,2342
 2016/04/05,2332,2358,2323,2355
 2016/04/06,2348,2367,2339,2344
 2016/04/07,2342,2357,2337,2343
 2016/04/08,2346,2352,2327,2328
 2016/04/11,2336,2377,2335,2365
 2016/04/12,2367,2407,2363,2406
 2016/04/13,2411,2472,2409,2448
 2016/04/14,2449,2494,2446,2469
 2016/04/15,2465,2486,2458,2476
 2016/04/18,2465,2538,2454,2523
 2016/04/19,2522,2532,2506,2522
 2016/04/20,2532,2617,2529,2591
 2016/04/21,2584,2685,2569,2683
 2016/04/22,2682,2710,2577,2593
 2016/04/25,2596,2650,2540,2576
 2016/04/26,2582,2648,2565,2622
 2016/04/27,2637,2661,2605,2634
 2016/04/28,2643,2645,2588,2635
 2016/04/29,2647,2685,2619,2625
 2016/05/03,2667,2730,2667,2727
 2016/05/04,2724,2729,2654,2683
 2016/05/05,2677,2715,2670,2682
 2016/05/06,2709,2711,2598,2624
 2016/05/09,2627,2693,2609,2677
 2016/05/10,2669,2680,2625,2672
 2016/05/11,2691,2787,2664,2787
 2016/05/12,2818,2865,2785,2843
 2016/05/13,2842,2866,2779,2811
 2016/05/16,2801,2868,2787,2824
 2016/05/17,2821,2849,2814,2845
 2016/05/18,2847,2941,2842,2869
 2016/05/19,2864,2891,2833,2864
 2016/05/20,2837,2888,2818,2884
 2016/05/23,2929,2930,2843,2849
 2016/05/24,2855,2862,2734,2745
 2016/05/25,2742,2820,2718,2808
 2016/05/26,2818,2910,2818,2908
 2016/05/27,2920,2926,2851,2885
 2016/05/30,2874,2995,2867,2983
 2016/05/31,2961,2982,2928,2944
 2016/06/01,2945,2968,2883,2912
 2016/06/02,2906,3013,2895,2988
 2016/06/03,3000,3057,2982,3042
 2016/06/06,3064,3094,3019,3092
 2016/06/07,3096,3130,3081,3125
 2016/06/08,3119,3168,3097,3166
 2016/06/13,3332,3348,3257,3337
 2016/06/14,3331,3357,3211,3224
 2016/06/15,3247,3277,3199,3267
 2016/06/16,3306,3318,3177,3187
 2016/06/17,3187,3217,3142,3213
 2016/06/20,3219,3253,3198,3235
 2016/06/21,3217,3255,3205,3226
 2016/06/22,3180,3231,3164,3228
 2016/06/23,3207,3260,3168,3182
 2016/06/24,3181,3222,3138,3141
 2016/06/27,3130,3265,3127,3260
 2016/06/28,3260,3383,3243,3358
 2016/06/29,3368,3376,3296,3315
 2016/06/30,3325,3358,3302,3348
 2016/07/01,3343,3518,3306,3407
 2016/07/04,3403,3476,3384,3406
 2016/07/05,3406,3420,3231,3314
 2016/07/06,3310,3344,3173,3203
 2016/07/07,3155,3276,3072,3110
 2016/07/08,3146,3169,2994,3036
 2016/07/11,3063,3154,3041,3108
 2016/07/12,3125,3151,3097,3142
 2016/07/13,3133,3260,3124,3243
 2016/07/14,3279,3305,3242,3279
 2016/07/15,3286,3295,3135,3152
 2016/07/18,3142,3179,3071,3079
 2016/07/19,3079,3153,3066,3126
 2016/07/20,3114,3118,3005,3042
 2016/07/21,3026,3041,2974,3021
 2016/07/22,3018,3037,2937,2948
 2016/07/25,2934,2955,2885,2948
 2016/07/26,2953,2968,2902,2941
 2016/07/27,2927,2974,2916,2951
 2016/07/28,2980,2998,2954,2965
 2016/07/29,2954,2979,2912,2916
 2016/08/01,2925,2979,2919,2943
 2016/08/02,2933,2946,2867,2899
 2016/08/03,2897,2917,2867,2881
 2016/08/04,2894,2901,2842,2897
 2016/08/05,2898,2938,2877,2930
 2016/08/08,2922,2971,2919,2938
 2016/08/09,2945,2967,2929,2950
 2016/08/10,2937,2997,2937,2995
 2016/08/11,2988,2991,2954,2969
 2016/08/12,2971,2997,2966,2977
 2016/08/15,2967,3020,2928,3007
 2016/08/16,3008,3034,3001,3016
 2016/08/17,3024,3024,2996,3007
 2016/08/18,3008,3031,2973,2976
 2016/08/19,2979,2982,2928,2949
 2016/08/22,2948,2987,2933,2967
 2016/08/23,2962,3000,2952,2966
 2016/08/24,2977,2986,2940,2942
 2016/08/25,2942,2949,2892,2927
 2016/08/26,2928,2932,2870,2878
 2016/08/29,2884,2897,2862,2881
 2016/08/30,2876,2892,2868,2874
 2016/08/31,2875,2883,2811,2815
 2016/09/01,2816,2841,2807,2833
 2016/09/02,2834,2865,2816,2836
 2016/09/05,2845,2866,2814,2823
 2016/09/06,2822,2849,2810,2837
 2016/09/07,2834,2902,2824,2893
 2016/09/08,2901,2924,2892,2919
 2016/09/09,2930,2932,2897,2902
 2016/09/12,2900,2937,2885,2905
 2016/09/13,2918,2939,2869,2887
 2016/09/14,2875,2878,2836,2846
 2016/09/19,2969,2969,2916,2925
 2016/09/20,2922,2937,2903,2922
 2016/09/21,2925,2967,2916,2934
 2016/09/22,2939,2954,2884,2887
 2016/09/23,2901,2912,2854,2859
 2016/09/26,2855,2866,2824,2824
 2016/09/27,2819,2832,2794,2798
 2016/09/28,2804,2813,2779,2805
 2016/09/29,2801,2841,2798,2835
 2016/09/30,2836,2847,2796,2827
 2016/10/10,2820,2834,2789,2814
 2016/10/11,2814,2841,2801,2814
 2016/10/12,2814,2831,2765,2781
 2016/10/13,2785,2809,2735,2741
 2016/10/14,2750,2786,2724,2780
 2016/10/17,2784,2806,2774,2797
 2016/10/18,2801,2831,2783,2823
 2016/10/19,2813,2832,2790,2794
 2016/10/20,2789,2840,2788,2835
 2016/10/21,2840,2853,2804,2824
 2016/10/24,2835,2863,2814,2858
 2016/10/25,2868,2876,2833,2840
 2016/10/26,2844,2890,2830,2887
 2016/10/27,2887,2936,2870,2929
 2016/10/28,2920,2938,2902,2919
 2016/10/31,2918,2926,2867,2868
 2016/11/01,2854,2879,2851,2859
 2016/11/02,2866,2876,2777,2782
 2016/11/03,2792,2799,2769,2788
 2016/11/04,2790,2800,2762,2775
 2016/11/07,2783,2832,2782,2820
 2016/11/08,2825,2861,2818,2847
 2016/11/09,2850,2871,2822,2848
 2016/11/10,2873,2968,2826,2937
 2016/11/11,2931,2969,2894,2938
 2016/11/14,2924,2951,2791,2804
 2016/11/15,2813,2866,2807,2816
 2016/11/16,2826,2870,2824,2868
 2016/11/17,2863,2881,2846,2863
 2016/11/18,2866,2871,2838,2855
 2016/11/21,2862,2935,2853,2921
 2016/11/22,2917,3007,2912,2979
 2016/11/23,2966,3024,2965,2992
 2016/11/24,2990,3026,2956,2973
 2016/11/25,2976,3005,2950,2974
 2016/11/28,2981,3062,2970,3049
 2016/11/29,3044,3056,2996,3013
 2016/11/30,3002,3016,2956,2977
 2016/12/01,2988,3020,2961,2973
 2016/12/02,2981,2985,2915,2933
 2016/12/05,2939,2955,2922,2950
 2016/12/06,2958,2985,2947,2961
 2016/12/07,2981,2994,2961,2977
 2016/12/08,2972,2983,2943,2949
 2016/12/09,2954,2957,2886,2910
 2016/12/12,2920,2986,2911,2970
 2016/12/13,2965,2987,2958,2985
 2016/12/14,2992,3000,2919,2924
 2016/12/15,2920,2940,2907,2933
 2016/12/16,2927,2960,2916,2936
 2016/12/19,2940,2958,2920,2936
 2016/12/20,2932,2939,2854,2856
 2016/12/21,2862,2866,2841,2844
 2016/12/22,2851,2859,2819,2820
 2016/12/23,2821,2841,2797,2814
 2016/12/26,2818,2828,2770,2778
 2016/12/27,2786,2823,2782,2818
 2016/12/28,2821,2860,2820,2845
 2016/12/29,2849,2850,2815,2836
 2016/12/30,2840,2849,2794,2807
 2017/01/03,2801,2815,2773,2777
 2017/01/04,2779,2800,2761,2796
 2017/01/05,2801,2820,2781,2791
 2017/01/06,2789,2806,2778,2795
 2017/01/09,2792,2810,2765,2779
 2017/01/10,2776,2795,2758,2781
 2017/01/11,2781,2837,2778,2825
 2017/01/12,2821,2833,2803,2811
 2017/01/13,2813,2890,2812,2875
 2017/01/16,2875,2916,2866,2912
 2017/01/17,2914,2953,2898,2924
 2017/01/18,2931,2958,2911,2938
 2017/01/19,2936,2971,2929,2965
 2017/01/20,2962,2965,2927,2929
 2017/01/23,2928,2947,2915,2935
 2017/01/24,2929,2944,2918,2940
 2017/01/25,2934,2936,2882,2882
 2017/01/26,2891,2925,2889,2913
 2017/02/03,2895,2912,2854,2891
 2017/02/06,2889,2936,2889,2924
 2017/02/07,2928,2939,2916,2921
 2017/02/08,2910,2973,2907,2971
 2017/02/09,2975,2990,2959,2967
 2017/02/10,2967,3002,2961,3000
 2017/02/13,2996,3028,2979,2987
 2017/02/14,2993,3008,2957,2960
 2017/02/15,2970,2970,2936,2941
 2017/02/16,2933,2995,2933,2963
 2017/02/17,2964,2991,2903,2916
 2017/02/20,2921,2936,2913,2930
 2017/02/21,2936,2981,2929,2966
 2017/02/22,2963,2971,2921,2929
 2017/02/23,2933,2944,2897,2899
 2017/02/24,2898,2905,2870,2893
 2017/02/27,2897,2910,2881,2905
 2017/02/28,2906,2911,2887,2895
 2017/03/01,2898,2948,2898,2927
 2017/03/02,2942,2963,2926,2961
 2017/03/03,2957,2957,2928,2947
 2017/03/06,2947,2976,2933,2972
 2017/03/07,2977,2979,2953,2957
 2017/03/08,2953,2956,2911,2913
 2017/03/09,2909,2919,2898,2910
 2017/03/10,2902,2915,2868,2870
 2017/03/13,2872,2892,2863,2884
 2017/03/14,2881,2898,2853,2857
 2017/03/15,2850,2894,2836,2881
 2017/03/16,2892,2895,2864,2880
 2017/03/17,2885,2887,2850,2867
 2017/03/20,2864,2907,2854,2902
 2017/03/21,2897,2908,2866,2871
 2017/03/22,2872,2878,2851,2870
 2017/03/23,2865,2875,2825,2826
 2017/03/24,2826,2846,2807,2813
 2017/03/27,2811,2819,2785,2807
 2017/03/28,2806,2814,2794,2801
 2017/03/29,2806,2818,2789,2815
 2017/03/30,2813,2817,2774,2786
 2017/03/31,2777,2800,2769,2783
 2017/04/05,2747,2768,2739,2759
 2017/04/06,2763,2769,2751,2763
 2017/04/07,2766,2768,2733,2738
 2017/04/10,2744,2781,2742,2771
 2017/04/11,2774,2777,2755,2771
 2017/04/12,2767,2816,2750,2793
 2017/04/13,2799,2844,2792,2843
 2017/04/14,2841,2854,2830,2836
 2017/04/17,2837,2859,2820,2831
 2017/04/18,2828,2841,2816,2818
 2017/04/19,2814,2862,2799,2860
 2017/04/20,2851,2854,2828,2847
 2017/04/21,2851,2851,2821,2832
 2017/04/24,2836,2869,2821,2859
 2017/04/25,2861,2868,2843,2854
 2017/04/26,2850,2860,2808,2810
 2017/04/27,2812,2830,2794,2795
 2017/04/28,2799,2811,2790,2801
 2017/05/02,2824,2884,2824,2879
 2017/05/03,2872,2874,2851,2862
 2017/05/04,2862,2875,2849,2870
 2017/05/05,2868,2888,2837,2842
 2017/05/08,2859,2869,2818,2820
 2017/05/09,2820,2828,2810,2819
 2017/05/10,2825,2843,2819,2840
 2017/05/11,2840,2849,2815,2838
 2017/05/12,2831,2836,2791,2795
 2017/05/15,2794,2801,2782,2785
 2017/05/16,2791,2800,2761,2775
 2017/05/17,2781,2817,2777,2812
 2017/05/18,2815,2816,2760,2773
 2017/05/19,2745,2769,2738,2743
 2017/05/22,2749,2769,2733,2755
 2017/05/23,2751,2760,2740,2747
 2017/05/24,2744,2753,2716,2739
 2017/05/25,2744,2746,2731,2738
 2017/05/26,2739,2741,2696,2705
 2017/05/31,2681,2681,2612,2620
 2017/06/01,2627,2638,2621,2636
 2017/06/02,2647,2654,2617,2634
 2017/06/05,2640,2675,2637,2656
 2017/06/06,2658,2671,2649,2657
 2017/06/07,2659,2691,2654,2671
 2017/06/08,2679,2695,2675,2692
 2017/06/09,2698,2715,2692,2693
 2017/06/12,2699,2703,2673,2684
 2017/06/13,2672,2673,2655,2670
 2017/06/14,2674,2697,2673,2687
 2017/06/15,2688,2696,2659,2671
 2017/06/16,2656,2711,2656,2694
 2017/06/19,2697,2736,2684,2716
 2017/06/20,2715,2723,2700,2718
 2017/06/21,2703,2710,2690,2702
 2017/06/22,2700,2708,2660,2664
 2017/06/23,2659,2666,2640,2651
 2017/06/26,2653,2669,2639,2664
 2017/06/27,2668,2675,2658,2670
 2017/06/28,2678,2685,2654,2664
 2017/06/29,2666,2676,2660,2671
 2017/06/30,2676,2697,2651,2661
 2017/07/03,2663,2791,2660,2787
 2017/07/04,2793,2810,2776,2805
 2017/07/05,2805,2814,2783,2798
 2017/07/06,2802,2835,2800,2821
 2017/07/07,2815,2848,2814,2842
 2017/07/10,2848,2953,2837,2931
 2017/07/11,2932,2959,2898,2936
 2017/07/12,2919,2940,2916,2924
 2017/07/13,2921,2934,2847,2857
 2017/07/14,2844,2856,2790,2809
 2017/07/17,2819,2832,2806,2813
 2017/07/18,2825,2841,2816,2831
 2017/07/19,2843,2862,2825,2831
 2017/07/20,2834,2858,2831,2849
 2017/07/21,2865,2882,2859,2876
 2017/07/24,2865,2869,2797,2813
 2017/07/25,2814,2879,2809,2872
 2017/07/26,2863,2866,2808,2812
 2017/07/27,2787,2830,2786,2818
 2017/07/28,2830,2859,2825,2842
 2017/07/31,2848,2869,2822,2837
 2017/08/01,2833,2854,2829,2835
 2017/08/02,2826,2834,2787,2797
 2017/08/03,2803,2807,2759,2762
 2017/08/04,2762,2774,2753,2768
 2017/08/07,2773,2795,2767,2775
 2017/08/08,2780,2822,2777,2816
 2017/08/09,2818,2825,2806,2818
 2017/08/10,2817,2831,2807,2825
 2017/08/11,2835,2850,2721,2721
 2017/08/14,2733,2738,2714,2728
 2017/08/15,2723,2733,2715,2722
 2017/08/16,2719,2721,2699,2708
 2017/08/17,2711,2724,2704,2716
 2017/08/18,2720,2726,2715,2717
 2017/08/21,2716,2727,2710,2717
 2017/08/22,2714,2732,2688,2727
 2017/08/23,2720,2730,2716,2722
 2017/08/24,2725,2730,2697,2711
 2017/08/25,2714,2725,2708,2722
 2017/08/28,2728,2740,2718,2732
 2017/08/29,2732,2733,2706,2709
 2017/08/30,2703,2708,2690,2692
 2017/08/31,2692,2694,2678,2682
 2017/09/01,2679,2704,2675,2690
 2017/09/04,2698,2719,2686,2712
 2017/09/05,2714,2719,2707,2712
 2017/09/06,2719,2734,2714,2722
 2017/09/07,2725,2734,2716,2727
 2017/09/08,2729,2733,2696,2703
 2017/09/11,2705,2712,2692,2709
 2017/09/12,2708,2714,2699,2707
 2017/09/13,2709,2722,2676,2679
 2017/09/14,2684,2707,2679,2700
 2017/09/15,2706,2730,2703,2724
 2017/09/18,2720,2729,2696,2728
 2017/09/19,2721,2743,2717,2717
 2017/09/20,2720,2725,2705,2718
 2017/09/21,2721,2735,2718,2728
 2017/09/22,2727,2786,2720,2776
 2017/09/25,2778,2800,2774,2793
 2017/09/26,2791,2793,2763,2773
 2017/09/27,2763,2771,2753,2770
 2017/09/28,2763,2773,2743,2749
 2017/09/29,2748,2766,2712,2716
 2017/10/09,2764,2787,2759,2766
 2017/10/10,2764,2777,2755,2758
 2017/10/11,2763,2774,2747,2748
 2017/10/12,2751,2762,2747,2753
 2017/10/13,2752,2837,2749,2835
 2017/10/16,2837,2851,2828,2832
 2017/10/17,2835,2856,2815,2821
 2017/10/18,2817,2823,2809,2817
 2017/10/19,2819,2833,2814,2829
 2017/10/20,2830,2839,2824,2831
 2017/10/23,2835,2852,2796,2814
 2017/10/24,2811,2822,2800,2800
 2017/10/25,2796,2813,2794,2809
 2017/10/26,2810,2818,2792,2795
 2017/10/27,2801,2806,2771,2774
 2017/10/30,2775,2792,2774,2780
 2017/10/31,2783,2785,2766,2771
 2017/11/01,2772,2788,2763,2777
 2017/11/02,2779,2801,2768,2783
 2017/11/03,2784,2799,2783,2792
 2017/11/06,2788,2793,2763,2766
 2017/11/07,2769,2787,2768,2778
 2017/11/08,2772,2786,2771,2783
 2017/11/09,2785,2800,2778,2798
 2017/11/10,2803,2804,2764,2771
 2017/11/13,2772,2804,2771,2802
 2017/11/14,2794,2806,2780,2787
 2017/11/15,2789,2808,2773,2792
 2017/11/16,2794,2822,2788,2818
 2017/11/17,2817,2826,2803,2811
 2017/11/20,2816,2871,2806,2858
 2017/11/21,2858,2882,2849,2874
 2017/11/22,2872,2880,2851,2860
 2017/11/23,2869,2882,2850,2852
 2017/11/24,2855,2875,2854,2868
 2017/11/27,2873,2877,2846,2848
 2017/11/28,2852,2867,2846,2854
 2017/11/29,2854,2857,2840,2843
 2017/11/30,2843,2858,2831,2836
 2017/12/01,2830,2836,2814,2820
 2017/12/04,2823,2887,2822,2884
 2017/12/05,2883,2889,2871,2876
 2017/12/06,2891,2935,2885,2921
 2017/12/07,2924,2924,2882,2889
 2017/12/08,2871,2890,2867,2884
 2017/12/11,2893,2893,2848,2859
 2017/12/12,2853,2866,2851,2854
 2017/12/13,2854,2856,2838,2851
 2017/12/14,2853,2860,2831,2832
 2017/12/15,2833,2838,2819,2820
 2017/12/18,2825,2830,2814,2823
 2017/12/19,2828,2841,2814,2823
 2017/12/20,2821,2830,2806,2810
 2017/12/21,2812,2815,2792,2795
 2017/12/22,2799,2805,2790,2791
 2017/12/25,2800,2810,2794,2798
 2017/12/26,2799,2829,2799,2823
 2017/12/27,2822,2832,2814,2826
 2017/12/28,2823,2826,2802,2807
 2017/12/29,2799,2808,2757,2761
 2018/01/02,2771,2776,2762,2765
 2018/01/03,2771,2782,2770,2773
 2018/01/04,2773,2774,2761,2770
 2018/01/05,2770,2779,2750,2775
 2018/01/08,2779,2781,2765,2766
 2018/01/09,2769,2788,2769,2775
 2018/01/10,2772,2776,2763,2767
 2018/01/11,2769,2770,2745,2753
 2018/01/12,2755,2755,2724,2727
 2018/01/15,2727,2761,2718,2755
 2018/01/16,2756,2761,2745,2751
 2018/01/17,2753,2766,2752,2766
 2018/01/18,2767,2773,2755,2764
 2018/01/19,2761,2779,2759,2776
 2018/01/22,2781,2788,2771,2782
 2018/01/23,2789,2792,2774,2781
 2018/01/24,2783,2785,2755,2756
 2018/01/25,2759,2780,2756,2778
 2018/01/26,2778,2783,2756,2768
 2018/01/29,2767,2808,2759,2805
 2018/01/30,2805,2805,2788,2800
 2018/01/31,2802,2816,2795,2809
 2018/02/01,2797,2800,2786,2793
 2018/02/02,2790,2791,2759,2762
 2018/02/05,2763,2773,2758,2763
 2018/02/06,2760,2770,2752,2758
 2018/02/07,2767,2801,2765,2797
 2018/02/08,2789,2801,2783,2798
 2018/02/09,2804,2810,2787,2793
 2018/02/12,2789,2836,2786,2833
 2018/02/13,2827,2847,2826,2836
 2018/02/14,2842,2858,2840,2851
 2018/02/22,2898,2949,2898,2946
 2018/02/23,2941,2948,2933,2944
 2018/02/26,2953,2980,2946,2957
 2018/02/27,2964,2978,2949,2954
 2018/02/28,2963,2994,2951,2990
 2018/03/01,2993,3034,2982,3032
 2018/03/02,3018,3130,3017,3103
 2018/03/05,3110,3119,3075,3090
 2018/03/06,3098,3111,3076,3094
 2018/03/07,3095,3132,3081,3088
 2018/03/08,3088,3106,3066,3088
 2018/03/09,3084,3120,3052,3070
 2018/03/12,3057,3060,3006,3024
 2018/03/13,3019,3050,3018,3031
 2018/03/14,3040,3044,3021,3035
 2018/03/15,3036,3039,2990,3008
 2018/03/16,3018,3053,3003,3044
 2018/03/19,3040,3050,2999,3001
 2018/03/20,2994,3000,2972,2986
 2018/03/21,2986,3008,2981,2998
 2018/03/22,3005,3019,2998,3004
 2018/03/23,3005,3121,3005,3049
 2018/03/26,3048,3118,3006,3088
 2018/03/27,3087,3090,3038,3056
 2018/03/28,3056,3074,3035,3042
 2018/03/29,3035,3035,3011,3017
 2018/03/30,3013,3168,3013,3154
 2018/04/02,3153,3197,3144,3156
 2018/04/03,3160,3168,3129,3157
 2018/04/04,3159,3224,3154,3219
 2018/04/09,3211,3396,3211,3327
 2018/04/10,3323,3341,3236,3247
 2018/04/11,3248,3259,3205,3245
 2018/04/12,3244,3246,3210,3218
 2018/04/13,3217,3260,3206,3230
 2018/04/16,3231,3231,3188,3204
 2018/04/17,3210,3272,3173,3267
 2018/04/18,3245,3259,3202,3231
 2018/04/19,3208,3227,3192,3215
 2018/04/20,3215,3252,3206,3234
 2018/04/23,3232,3260,3191,3206
 2018/04/24,3204,3213,3193,3195
 2018/04/25,3193,3231,3193,3202
 2018/04/26,3197,3202,3176,3179
 2018/04/27,3170,3182,3135,3171
 2018/05/02,3160,3238,3160,3230
 2018/05/03,3224,3237,3209,3229
 2018/05/04,3222,3229,3182,3210
 2018/05/07,3216,3248,3204,3208
