date,o,h,l,c,,
 2006/01/06,4726,4802,4720,4737,,
 2006/01/09,4737,4752,4703,4710,,
 2006/01/10,4681,4742,4643,4737,,
 2006/01/11,4737,4749,4676,4693,,
 2006/01/12,4683,4685,4648,4651,,
 2006/01/13,4650,4664,4616,4620,,
 2006/01/16,4691,4822,4685,4820,,
 2006/01/17,4825,4856,4809,4816,,
 2006/01/18,4851,4983,4837,4957,,
 2006/01/19,4970,5058,4961,4997,,
 2006/01/20,5085,5181,5082,5178,,
 2006/01/23,5334,5342,5334,5342,,
 2006/01/24,5475,5666,5442,5665,,
 2006/01/25,5667,5795,5575,5697,,
 2006/01/26,5723,5923,5672,5920,,
 2006/01/27,6043,6047,5941,6016,,
 2006/02/06,6238,6239,6184,6238,,
 2006/02/07,6100,6100,5985,5985,,
 2006/02/08,5659,5661,5659,5659,,
 2006/02/09,5616,5872,5515,5667,,
 2006/02/10,5486,5596,5484,5484,,
 2006/02/13,5392,5443,5305,5343,,
 2006/02/14,5403,5478,5398,5471,,
 2006/02/15,5457,5532,5429,5498,,
 2006/02/16,5477,5534,5466,5469,,
 2006/02/17,5407,5443,5300,5385,,
 2006/02/20,5400,5474,5373,5449,,
 2006/02/21,5508,5556,5416,5553,,
 2006/02/22,5560,5681,5525,5636,,
 2006/02/23,5723,5740,5551,5561,,
 2006/02/24,5430,5501,5427,5438,,
 2006/02/27,5457,5473,5334,5338,,
 2006/02/28,5194,5228,5186,5186,,
 2006/03/01,5238,5272,5054,5057,,
 2006/03/02,5037,5176,5034,5156,,
 2006/03/03,5166,5209,5133,5197,,
 2006/03/06,5219,5270,5164,5214,,
 2006/03/07,5257,5307,5109,5122,,
 2006/03/08,5089,5107,5010,5026,,
 2006/03/09,4959,5070,4941,5048,,
 2006/03/10,5010,5063,4974,5003,,
 2006/03/13,5043,5046,4993,5000,,
 2006/03/14,5024,5027,4947,4954,,
 2006/03/15,4938,4989,4932,4946,,
 2006/03/16,4961,5025,4948,5022,,
 2006/03/17,5016,5097,4987,5079,,
 2006/03/20,5062,5102,4923,4931,,
 2006/03/21,4950,5006,4910,4965,,
 2006/03/22,5007,5092,5007,5073,,
 2006/03/23,5023,5057,5008,5022,,
 2006/03/24,5035,5087,5035,5073,,
 2006/03/27,5107,5151,5085,5106,,
 2006/03/28,5122,5153,5052,5059,,
 2006/03/29,5101,5152,5086,5097,,
 2006/03/30,5075,5112,5062,5068,,
 2006/03/31,5074,5092,5050,5079,,
 2006/04/03,5026,5043,4900,4915,,
 2006/04/04,4947,4976,4918,4960,,
 2006/04/05,4906,4913,4774,4812,,
 2006/04/06,4821,4849,4788,4835,,
 2006/04/07,4825,4842,4806,4813,,
 2006/04/10,4716,4733,4638,4647,,
 2006/04/11,4620,4680,4620,4679,,
 2006/04/12,4676,4742,4663,4731,,
 2006/04/13,4695,4695,4584,4594,,
 2006/04/14,4562,4564,4514,4516,,
 2006/04/17,4460,4577,4455,4564,,
 2006/04/18,4605,4696,4567,4696,,
 2006/04/19,4894,4894,4814,4855,,
 2006/04/20,4803,4809,4753,4754,,
 2006/04/21,4655,4674,4590,4604,,
 2006/04/24,4659,4825,4659,4738,,
 2006/04/25,4643,4735,4629,4678,,
 2006/04/26,4625,4723,4618,4713,,
 2006/04/27,4725,4758,4710,4739,,
 2006/04/28,4722,4744,4707,4743,,
 2006/05/08,4776,4806,4716,4739,,
 2006/05/09,4704,4763,4703,4732,,
 2006/05/10,4783,4795,4755,4762,,
 2006/05/11,4746,4968,4746,4960,,
 2006/05/12,4986,5145,4854,4914,,
 2006/05/15,4934,5162,4929,5119,,
 2006/05/16,4907,5003,4850,4851,,
 2006/05/17,4911,4939,4804,4886,,
 2006/05/18,4819,4835,4753,4757,,
 2006/05/19,4617,4688,4612,4658,,
 2006/05/22,4672,4740,4659,4699,,
 2006/05/23,4739,4853,4739,4808,,
 2006/05/24,4911,4928,4829,4834,,
 2006/05/25,4763,4782,4712,4751,,
 2006/05/26,4769,4818,4769,4811,,
 2006/05/29,4721,4803,4706,4794,,
 2006/05/30,4800,4845,4734,4740,,
 2006/05/31,4767,4793,4736,4737,,
 2006/06/01,4617,4647,4578,4581,,
 2006/06/02,4558,4608,4507,4605,,
 2006/06/05,4660,4661,4588,4619,,
 2006/06/06,4624,4626,4548,4552,,
 2006/06/07,4511,4547,4480,4525,,
 2006/06/08,4572,4580,4516,4519,,
 2006/06/09,4474,4493,4451,4462,,
 2006/06/12,4480,4486,4381,4390,,
 2006/06/13,4359,4360,4263,4263,,
 2006/06/14,4130,4214,4063,4207,,
 2006/06/15,4177,4236,4111,4152,,
 2006/06/16,4242,4272,4178,4210,,
 2006/06/19,4189,4190,4077,4083,,
 2006/06/20,4013,4147,4007,4141,,
 2006/06/21,4218,4222,4157,4188,,
 2006/06/22,4313,4329,4278,4310,,
 2006/06/23,4248,4258,4208,4209,,
 2006/06/26,4185,4313,4176,4300,,
 2006/06/27,4362,4370,4234,4262,,
 2006/06/28,4203,4257,4200,4208,,
 2006/06/29,4225,4238,4171,4178,,
 2006/06/30,4219,4280,4216,4277,,
 2006/07/03,4293,4298,4246,4258,,
 2006/07/04,4283,4302,4191,4201,,
 2006/07/05,4185,4211,4149,4178,,
 2006/07/06,4242,4300,4201,4273,,
 2006/07/07,4303,4312,4229,4230,,
 2006/07/10,4188,4192,4129,4137,,
 2006/07/11,4085,4166,4059,4154,,
 2006/07/12,4146,4153,4121,4141,,
 2006/07/13,4092,4131,4091,4126,,
 2006/07/14,4143,4154,4128,4153,,
 2006/07/17,4107,4127,4082,4093,,
 2006/07/18,4047,4053,4005,4021,,
 2006/07/19,4022,4044,3987,4004,,
 2006/07/20,3963,3980,3899,3901,,
 2006/07/21,3881,3928,3861,3921,,
 2006/07/24,3920,3924,3869,3871,,
 2006/07/25,3892,3900,3861,3872,,
 2006/07/26,3835,3906,3832,3880,,
 2006/07/27,3864,3903,3851,3881,,
 2006/07/28,3860,3900,3856,3900,,
 2006/07/31,3905,3980,3904,3974,,
 2006/08/01,3969,3973,3881,3884,,
 2006/08/02,3896,3926,3884,3901,,
 2006/08/03,3864,3881,3830,3841,,
 2006/08/04,3830,3862,3829,3842,,
 2006/08/07,3850,3851,3747,3749,,
 2006/08/08,3736,3854,3730,3839,,
 2006/08/09,3830,3870,3776,3813,,
 2006/08/10,3807,3835,3792,3811,,
 2006/08/11,3781,3810,3743,3744,,
 2006/08/14,3691,3691,3624,3624,,
 2006/08/15,3450,3568,3450,3503,,
 2006/08/16,3524,3548,3510,3513,,
 2006/08/17,3493,3538,3492,3529,,
 2006/08/18,3490,3582,3489,3581,,
 2006/08/21,3572,3573,3448,3453,,
 2006/08/22,3466,3482,3417,3442,,
 2006/08/23,3443,3461,3365,3381,,
 2006/08/24,3421,3424,3360,3405,,
 2006/08/25,3389,3411,3378,3408,,
 2006/08/28,3419,3441,3388,3394,,
 2006/08/29,3383,3386,3301,3304,,
 2006/08/30,3290,3308,3254,3280,,
 2006/08/31,3250,3310,3238,3300,,
 2006/09/01,3328,3405,3326,3405,,
 2006/09/04,3401,3469,3346,3385,,
 2006/09/05,3405,3465,3375,3423,,
 2006/09/06,3436,3451,3376,3410,,
 2006/09/07,3420,3435,3396,3416,,
 2006/09/08,3402,3510,3357,3509,,
 2006/09/11,3558,3565,3415,3442,,
 2006/09/12,3409,3442,3386,3393,,
 2006/09/13,3389,3415,3344,3379,,
 2006/09/14,3475,3486,3430,3468,,
 2006/09/15,3407,3472,3398,3458,,
 2006/09/18,3476,3541,3470,3541,,
 2006/09/19,3529,3604,3497,3596,,
 2006/09/20,3570,3593,3462,3462,,
 2006/09/21,3474,3524,3448,3496,,
 2006/09/22,3427,3473,3424,3451,,
 2006/09/25,3313,3382,3313,3355,,
 2006/09/26,3346,3406,3340,3406,,
 2006/09/27,3408,3411,3376,3390,,
 2006/09/28,3387,3391,3347,3362,,
 2006/09/29,3381,3388,3361,3368,,
 2006/10/09,3368,3450,3365,3446,,
 2006/10/10,3451,3494,3443,3457,,
 2006/10/11,3433,3462,3430,3439,,
 2006/10/12,3435,3459,3427,3453,,
 2006/10/13,3465,3525,3463,3512,,
 2006/10/16,3532,3628,3529,3628,,
 2006/10/17,3658,3760,3603,3709,,
 2006/10/18,3741,3781,3657,3676,,
 2006/10/19,3655,3740,3636,3727,,
 2006/10/20,3729,3764,3707,3762,,
 2006/10/23,3754,3886,3754,3886,,
 2006/10/24,3898,3908,3814,3824,,
 2006/10/25,3831,3840,3756,3759,,
 2006/10/26,3772,3834,3765,3792,,
 2006/10/27,3805,3823,3776,3809,,
 2006/10/30,3805,3808,3706,3737,,
 2006/10/31,3710,3771,3700,3741,,
 2006/11/01,3762,3870,3762,3849,,
 2006/11/02,3828,3855,3799,3823,,
 2006/11/03,3833,3862,3808,3829,,
 2006/11/06,3803,3829,3767,3771,,
 2006/11/07,3822,3823,3757,3789,,
 2006/11/08,3773,3795,3748,3780,,
 2006/11/09,3811,3894,3809,3883,,
 2006/11/10,3912,3946,3890,3915,,
 2006/11/13,3898,3979,3886,3977,,
 2006/11/14,3974,3980,3920,3928,,
 2006/11/15,3957,4017,3952,4012,,
 2006/11/16,3988,4009,3956,4007,,
 2006/11/17,3956,3973,3925,3940,,
 2006/11/20,3974,3977,3864,3868,,
 2006/11/21,3881,3886,3835,3862,,
 2006/11/22,3869,3882,3839,3872,,
 2006/11/23,3853,3917,3845,3905,,
 2006/11/24,3896,3920,3880,3894,,
 2006/11/27,3901,3916,3856,3897,,
 2006/11/28,3920,3997,3914,3940,,
 2006/11/29,3962,3984,3910,3932,,
 2006/11/30,3993,4011,3967,3977,,
 2006/12/01,3955,3957,3837,3856,,
 2006/12/04,3825,3842,3775,3796,,
 2006/12/05,3761,3820,3743,3804,,
 2006/12/06,3815,3826,3748,3759,,
 2006/12/07,3723,3775,3711,3766,,
 2006/12/08,3752,3782,3743,3776,,
 2006/12/11,3789,3815,3789,3807,,
 2006/12/12,3812,3831,3800,3810,,
 2006/12/13,3792,3797,3768,3769,,
 2006/12/14,3779,3810,3757,3805,,
 2006/12/15,3805,3805,3780,3797,,
 2006/12/18,3787,3794,3765,3782,,
 2006/12/19,3810,3819,3785,3789,,
 2006/12/20,3783,3808,3777,3794,,
 2006/12/21,3783,3801,3783,3793,,
 2006/12/22,3792,3795,3757,3766,,
 2006/12/25,3754,3766,3745,3757,,
 2006/12/26,3753,3775,3739,3765,,
 2006/12/27,3753,3770,3751,3757,,
 2006/12/28,3754,3769,3752,3765,,
 2006/12/29,3771,3802,3767,3799,,
 2007/01/04,3740,3762,3672,3673,,
 2007/01/05,3675,3692,3643,3680,,
 2007/01/08,3676,3705,3671,3683,,
 2007/01/09,3693,3693,3662,3686,,
 2007/01/10,3673,3691,3673,3682,,
 2007/01/11,3684,3708,3681,3693,,
 2007/01/12,3675,3683,3653,3668,,
 2007/01/15,3700,3715,3676,3698,,
 2007/01/16,3686,3690,3668,3690,,
 2007/01/17,3676,3698,3676,3684,,
 2007/01/18,3675,3679,3628,3647,,
 2007/01/19,3653,3656,3639,3653,,
 2007/01/22,3652,3659,3637,3648,,
 2007/01/23,3657,3671,3652,3665,,
 2007/01/24,3658,3685,3654,3671,,
 2007/01/25,3671,3699,3663,3669,,
 2007/01/26,3667,3668,3649,3660,,
 2007/01/29,3667,3681,3661,3681,,
 2007/01/30,3661,3709,3659,3687,,
 2007/01/31,3698,3759,3686,3755,,
 2007/02/01,3748,3777,3734,3736,,
 2007/02/02,3727,3754,3708,3746,,
 2007/02/05,3736,3778,3733,3769,,
 2007/02/06,3765,3789,3745,3753,,
 2007/02/07,3734,3735,3703,3708,,
 2007/02/08,3696,3714,3685,3713,,
 2007/02/09,3726,3731,3713,3715,,
 2007/02/12,3726,3733,3710,3712,,
 2007/02/13,3703,3720,3702,3715,,
 2007/02/14,3723,3748,3717,3748,,
 2007/02/15,3754,3783,3748,3779,,
 2007/02/16,3812,3849,3807,3847,,
 2007/02/26,3850,3850,3799,3828,,
 2007/02/27,3822,3843,3812,3818,,
 2007/02/28,3823,3863,3805,3856,,
 2007/03/01,3839,3852,3811,3815,,
 2007/03/02,3848,3876,3847,3865,,
 2007/03/05,3880,3893,3855,3860,,
 2007/03/06,3828,3870,3826,3868,,
 2007/03/07,3868,3875,3850,3865,,
 2007/03/08,3859,3909,3856,3907,,
 2007/03/09,3906,3941,3899,3937,,
 2007/03/12,3945,3974,3943,3969,,
 2007/03/13,3963,3964,3920,3935,,
 2007/03/14,3926,3949,3918,3936,,
 2007/03/15,3943,3955,3929,3935,,
 2007/03/16,3921,3921,3899,3903,,
 2007/03/19,3910,3958,3902,3958,,
 2007/03/20,3950,4012,3950,4006,,
 2007/03/21,4011,4041,4000,4005,,
 2007/03/22,4017,4038,3992,3998,,
 2007/03/23,4010,4033,3997,4029,,
 2007/03/26,4021,4056,4010,4020,,
 2007/03/27,3979,4004,3973,3980,,
 2007/03/28,4001,4008,3956,3964,,
 2007/03/29,3960,3970,3941,3950,,
 2007/03/30,3924,3925,3892,3894,,
 2007/04/02,3866,3908,3864,3906,,
 2007/04/03,3893,3917,3882,3908,,
 2007/04/04,3911,3936,3908,3928,,
 2007/04/05,3922,3935,3909,3910,,
 2007/04/06,3923,3937,3912,3916,,
 2007/04/09,3919,3923,3868,3874,,
 2007/04/10,3884,3900,3861,3892,,
 2007/04/11,3859,3866,3817,3822,,
 2007/04/12,3838,3845,3824,3827,,
 2007/04/13,3820,3878,3819,3876,,
 2007/04/16,3869,3874,3823,3835,,
 2007/04/17,3796,3806,3781,3786,,
 2007/04/18,3786,3786,3736,3745,,
 2007/04/19,3721,3742,3702,3726,,
 2007/04/20,3740,3760,3726,3741,,
 2007/04/23,3741,3741,3676,3696,,
 2007/04/24,3665,3705,3663,3699,,
 2007/04/25,3691,3715,3685,3711,,
 2007/04/26,3725,3754,3720,3737,,
 2007/04/27,3741,3746,3703,3704,,
 2007/04/30,3683,3718,3676,3707,,
 2007/05/08,3734,3764,3716,3761,,
 2007/05/09,3745,3770,3741,3765,,
 2007/05/10,3773,3789,3727,3729,,
 2007/05/11,3722,3768,3720,3742,,
 2007/05/14,3755,3778,3746,3777,,
 2007/05/15,3756,3772,3736,3755,,
 2007/05/16,3691,3713,3676,3683,,
 2007/05/17,3693,3695,3646,3649,,
 2007/05/18,3648,3660,3621,3644,,
 2007/05/21,3631,3652,3618,3638,,
 2007/05/22,3673,3683,3662,3670,,
 2007/05/23,3650,3664,3634,3650,,
 2007/05/24,3649,3662,3639,3647,,
 2007/05/25,3664,3673,3634,3637,,
 2007/05/28,3700,3700,3674,3678,,
 2007/05/29,3668,3681,3658,3668,,
 2007/05/30,3658,3663,3627,3628,,
 2007/05/31,3633,3653,3614,3651,,
 2007/06/01,3650,3669,3638,3658,,
 2007/06/04,3666,3685,3657,3661,,
 2007/06/05,3618,3648,3618,3647,,
 2007/06/06,3615,3642,3607,3641,,
 2007/06/07,3649,3653,3626,3629,,
 2007/06/08,3625,3631,3595,3597,,
 2007/06/11,3610,3624,3597,3610,,
 2007/06/12,3629,3633,3606,3610,,
 2007/06/13,3595,3602,3578,3580,,
 2007/06/14,3579,3581,3522,3528,,
 2007/06/15,3535,3535,3512,3516,,
 2007/06/18,3533,3549,3521,3549,,
 2007/06/19,3582,3589,3557,3558,,
 2007/06/20,3550,3566,3541,3542,,
 2007/06/21,3538,3552,3538,3548,,
 2007/06/22,3559,3608,3554,3604,,
 2007/06/25,3600,3620,3579,3583,,
 2007/06/26,3567,3578,3538,3556,,
 2007/06/27,3574,3580,3546,3550,,
 2007/06/28,3544,3548,3526,3530,,
 2007/06/29,3518,3521,3466,3476,,
 2007/07/02,3475,3491,3456,3485,,
 2007/07/03,3464,3496,3456,3491,,
 2007/07/04,3503,3506,3471,3473,,
 2007/07/05,3477,3483,3468,3482,,
 2007/07/06,3480,3493,3469,3477,,
 2007/07/09,3476,3482,3461,3469,,
 2007/07/10,3478,3487,3470,3473,,
 2007/07/11,3473,3474,3417,3420,,
 2007/07/12,3424,3433,3395,3405,,
 2007/07/13,3396,3431,3386,3415,,
 2007/07/16,3420,3447,3417,3443,,
 2007/07/17,3432,3437,3419,3432,,
 2007/07/18,3434,3442,3432,3434,,
 2007/07/19,3450,3464,3448,3453,,
 2007/07/20,3469,3494,3463,3489,,
 2007/07/23,3496,3507,3480,3486,,
 2007/07/24,3472,3532,3472,3526,,
 2007/07/25,3532,3559,3518,3538,,
 2007/07/26,3547,3555,3528,3540,,
 2007/07/27,3535,3548,3517,3523,,
 2007/07/30,3513,3596,3507,3591,,
 2007/07/31,3591,3704,3591,3704,,
 2007/08/01,3726,3748,3678,3694,,
 2007/08/02,3703,3811,3691,3768,,
 2007/08/03,3755,3796,3746,3781,,
 2007/08/06,3843,3920,3831,3920,,
 2007/08/07,3916,3933,3833,3839,,
 2007/08/08,3837,3857,3778,3803,,
 2007/08/09,3803,3928,3803,3914,,
 2007/08/10,3900,3911,3839,3876,,
 2007/08/13,3832,3839,3763,3788,,
 2007/08/14,3773,3802,3745,3777,,
 2007/08/15,3776,3814,3759,3761,,
 2007/08/16,3772,3772,3711,3728,,
 2007/08/17,3631,3706,3631,3681,,
 2007/08/20,3726,3811,3726,3807,,
 2007/08/21,3820,3829,3762,3791,,
 2007/08/22,3763,3817,3750,3804,,
 2007/08/23,3861,3862,3813,3820,,
 2007/08/24,3806,3817,3761,3763,,
 2007/08/27,3739,3780,3730,3752,,
 2007/08/28,3758,3758,3713,3721,,
 2007/08/29,3715,3757,3713,3740,,
 2007/08/30,3744,3804,3731,3795,,
 2007/08/31,3817,3844,3803,3804,,
 2007/09/03,3794,3830,3789,3807,,
 2007/09/04,3803,3827,3734,3736,,
 2007/09/05,3747,3757,3720,3749,,
 2007/09/06,3747,3774,3731,3757,,
 2007/09/07,3755,3769,3734,3737,,
 2007/09/10,3738,3739,3692,3694,,
 2007/09/11,3683,3719,3674,3701,,
 2007/09/12,3708,3759,3701,3758,,
 2007/09/13,3760,3785,3738,3742,,
 2007/09/14,3734,3759,3729,3754,,
 2007/09/17,3778,3864,3776,3862,,
 2007/09/18,3862,3887,3841,3886,,
 2007/09/19,3886,3905,3804,3813,,
 2007/09/20,3861,3911,3839,3899,,
 2007/09/21,3916,3929,3859,3871,,
 2007/09/24,3868,3893,3851,3865,,
 2007/09/25,3872,3877,3837,3846,,
 2007/09/26,3839,3880,3825,3873,,
 2007/09/27,3868,3890,3850,3854,,
 2007/09/28,3872,3897,3867,3897,,
 2007/10/08,3854,3908,3850,3906,,
 2007/10/09,3901,4037,3901,4027,,
 2007/10/10,4037,4120,4017,4072,,
 2007/10/11,4052,4107,4049,4099,,
 2007/10/12,4114,4148,4072,4086,,
 2007/10/15,4087,4134,4076,4132,,
 2007/10/16,4161,4220,4146,4199,,
 2007/10/17,4222,4228,4155,4169,,
 2007/10/18,4174,4202,4108,4152,,
 2007/10/19,4179,4179,4137,4156,,
 2007/10/22,4141,4141,4058,4059,,
 2007/10/23,4075,4096,4017,4052,,
 2007/10/24,4051,4065,4033,4055,,
 2007/10/25,4056,4076,3947,3969,,
 2007/10/26,3993,4010,3961,4004,,
 2007/10/29,4000,4108,4000,4107,,
 2007/10/30,4088,4104,4043,4056,,
 2007/10/31,4036,4040,3955,3974,,
 2007/11/01,4003,4006,3925,3971,,
 2007/11/02,3942,3951,3872,3874,,
 2007/11/05,3883,3908,3853,3889,,
 2007/11/06,3895,3898,3841,3866,,
 2007/11/07,3899,3934,3886,3902,,
 2007/11/08,3887,3913,3864,3897,,
 2007/11/09,3900,3952,3885,3938,,
 2007/11/12,3915,3922,3871,3877,,
 2007/11/13,3862,3866,3830,3846,,
 2007/11/14,3837,3876,3831,3873,,
 2007/11/15,3888,3898,3829,3839,,
 2007/11/16,3826,3833,3798,3820,,
 2007/11/19,3823,3847,3802,3842,,
 2007/11/20,3827,3889,3786,3884,,
 2007/11/21,3896,3923,3869,3895,,
 2007/11/22,3891,3910,3867,3886,,
 2007/11/23,3886,3952,3882,3937,,
 2007/11/26,3959,3989,3933,3949,,
 2007/11/27,3926,3944,3891,3894,,
 2007/11/28,3881,3896,3869,3875,,
 2007/11/29,3918,3952,3906,3940,,
 2007/11/30,3911,3913,3875,3888,,
 2007/12/03,3886,3901,3859,3871,,
 2007/12/04,3864,3885,3853,3883,,
 2007/12/05,3893,3906,3876,3904,,
 2007/12/06,3909,3918,3855,3859,,
 2007/12/07,3865,3872,3839,3862,,
 2007/12/10,3861,3878,3828,3856,,
 2007/12/11,3882,3941,3881,3919,,
 2007/12/12,3941,3963,3896,3899,,
 2007/12/13,3914,3938,3903,3913,,
 2007/12/14,3910,3983,3908,3980,,
 2007/12/17,4010,4043,4010,4013,,
 2007/12/18,4042,4070,3988,3994,,
 2007/12/19,3990,4002,3958,3966,,
 2007/12/20,3986,4011,3976,3999,,
 2007/12/21,4040,4046,3997,3999,,
 2007/12/24,3989,4030,3976,4013,,
 2007/12/25,4013,4022,3974,3976,,
 2007/12/26,3975,4030,3968,4025,,
 2007/12/27,4009,4047,3948,3953,,
 2007/12/28,3955,3962,3909,3924,,
 2008/01/02,3904,3940,3902,3928,,
 2008/01/03,3927,3939,3887,3899,,
 2008/01/04,3940,3972,3935,3965,,
 2008/01/07,3980,3997,3942,3989,,
 2008/01/08,3985,4011,3972,3984,,
 2008/01/09,3980,3997,3958,3977,,
 2008/01/10,3989,4020,3978,4019,,
 2008/01/11,4017,4018,3963,3972,,
 2008/01/14,3969,3970,3943,3954,,
 2008/01/15,3964,3993,3926,3937,,
 2008/01/16,3928,3934,3803,3803,,
 2008/01/17,3796,3823,3749,3793,,
 2008/01/18,3828,3852,3770,3815,,
 2008/01/21,3785,3794,3755,3775,,
 2008/01/22,3724,3751,3692,3704,,
 2008/01/23,3738,3742,3713,3734,,
 2008/01/24,3711,3759,3710,3748,,
 2008/01/25,3752,3768,3748,3761,,
 2008/01/28,3794,3871,3788,3822,,
 2008/01/29,3842,3854,3806,3829,,
 2008/01/30,3821,3837,3808,3813,,
 2008/01/31,3826,3850,3821,3841,,
 2008/02/01,3850,3880,3842,3879,,
 2008/02/04,3907,3919,3865,3870,,
 2008/02/05,3861,3884,3840,3870,,
 2008/02/13,3900,4012,3887,4010,,
 2008/02/14,4044,4134,4036,4050,,
 2008/02/15,4103,4199,4052,4183,,
 2008/02/18,4277,4319,4277,4319,,
 2008/02/19,4321,4422,4263,4415,,
 2008/02/20,4430,4547,4407,4532,,
 2008/02/21,4539,4682,4519,4644,,
 2008/02/22,4637,4670,4557,4586,,
 2008/02/25,4593,4648,4436,4484,,
 2008/02/26,4484,4506,4408,4482,,
 2008/02/27,4528,4554,4410,4497,,
 2008/02/28,4511,4530,4457,4484,,
 2008/02/29,4491,4600,4466,4585,,
 2008/03/03,4657,4742,4635,4741,,
 2008/03/04,4777,4857,4503,4605,,
 2008/03/05,4516,4606,4495,4516,,
 2008/03/06,4568,4584,4415,4458,,
 2008/03/07,4372,4401,4328,4345,,
 2008/03/10,4288,4399,4278,4387,,
 2008/03/11,4399,4431,4375,4417,,
 2008/03/12,4419,4437,4235,4238,,
 2008/03/13,4252,4264,4162,4245,,
 2008/03/14,4264,4295,4227,4261,,
 2008/03/17,4219,4219,4111,4112,,
 2008/03/18,3993,4025,3968,3975,,
 2008/03/19,4010,4041,3959,3998,,
 2008/03/20,3896,4050,3887,4020,,
 2008/03/21,4033,4074,4026,4047,,
 2008/03/24,4059,4074,3972,3973,,
 2008/03/25,4013,4034,3943,4033,,
 2008/03/26,4036,4045,3984,3986,,
 2008/03/27,3980,4031,3963,3977,,
 2008/03/28,3963,3986,3913,3926,,
 2008/03/31,3909,3937,3882,3918,,
 2008/04/01,3874,3890,3762,3781,,
 2008/04/02,3829,3831,3773,3798,,
 2008/04/03,3823,3829,3749,3764,,
 2008/04/07,3742,3811,3709,3808,,
 2008/04/08,3808,3844,3774,3790,,
 2008/04/09,3783,3872,3766,3859,,
 2008/04/10,3901,3903,3841,3853,,
 2008/04/11,3848,3849,3782,3782,,
 2008/04/14,3773,3844,3753,3822,,
 2008/04/15,3824,3879,3816,3869,,
 2008/04/16,3875,4005,3850,3951,,
 2008/04/17,3937,3977,3898,3900,,
 2008/04/18,3894,3934,3855,3855,,
 2008/04/21,3833,3833,3726,3726,,
 2008/04/22,3582,3642,3544,3612,,
 2008/04/23,3643,3659,3613,3634,,
 2008/04/24,3614,3684,3608,3675,,
 2008/04/25,3629,3702,3629,3656,,
 2008/04/28,3664,3718,3664,3717,,
 2008/04/29,3697,3717,3684,3696,,
 2008/04/30,3684,3707,3653,3654,,
 2008/05/05,3668,3719,3656,3710,,
 2008/05/06,3709,3850,3685,3800,,
 2008/05/07,3804,3830,3738,3738,,
 2008/05/08,3740,3759,3695,3715,,
 2008/05/09,3706,3732,3705,3712,,
 2008/05/12,3726,3807,3725,3778,,
 2008/05/13,3773,3786,3739,3751,,
 2008/05/14,3715,3728,3696,3703,,
 2008/05/15,3697,3746,3695,3738,,
 2008/05/16,3740,3778,3726,3727,,
 2008/05/19,3745,3756,3712,3720,,
 2008/05/20,3694,3705,3667,3672,,
 2008/05/21,3661,3703,3661,3683,,
 2008/05/22,3705,3708,3646,3650,,
 2008/05/23,3629,3670,3622,3669,,
 2008/05/26,3666,3739,3661,3725,,
 2008/05/27,3729,3735,3704,3715,,
 2008/05/28,3698,3772,3688,3763,,
 2008/05/29,3768,3787,3733,3734,,
 2008/05/30,3718,3759,3702,3733,,
 2008/06/02,3756,3779,3746,3750,,
 2008/06/03,3767,3773,3733,3741,,
 2008/06/04,3702,3745,3702,3741,,
 2008/06/05,3755,3761,3741,3756,,
 2008/06/06,3775,3800,3750,3772,,
 2008/06/10,3773,3783,3755,3755,,
 2008/06/11,3755,3772,3735,3763,,
 2008/06/12,3816,3817,3767,3767,,
 2008/06/13,3771,3784,3741,3765,,
 2008/06/16,3775,3782,3760,3764,,
 2008/06/17,3772,3787,3765,3773,,
 2008/06/18,3773,3925,3771,3901,,
 2008/06/19,3910,3924,3809,3812,,
 2008/06/20,3798,3805,3772,3782,,
 2008/06/23,3790,3803,3764,3765,,
 2008/06/24,3751,3765,3622,3625,,
 2008/06/25,3589,3652,3548,3619,,
 2008/06/26,3620,3661,3607,3637,,
 2008/06/27,3650,3665,3629,3636,,
 2008/06/30,3643,3653,3623,3647,,
 2008/07/01,3659,3681,3644,3649,,
 2008/07/02,3666,3683,3660,3665,,
 2008/07/03,3675,3679,3604,3627,,
 2008/07/04,3631,3633,3538,3564,,
 2008/07/07,3562,3578,3539,3560,,
 2008/07/08,3543,3560,3511,3533,,
 2008/07/09,3537,3547,3493,3511,,
 2008/07/10,3510,3510,3466,3468,,
 2008/07/11,3474,3553,3464,3529,,
 2008/07/14,3517,3544,3502,3518,,
 2008/07/15,3518,3527,3503,3510,,
 2008/07/16,3508,3548,3508,3523,,
 2008/07/17,3527,3527,3486,3489,,
 2008/07/18,3440,3449,3418,3427,,
 2008/07/21,3422,3424,3385,3385,,
 2008/07/22,3386,3403,3282,3304,,
 2008/07/23,3290,3346,3274,3315,,
 2008/07/24,3325,3363,3291,3358,,
 2008/07/25,3362,3439,3354,3426,,
 2008/07/28,3435,3499,3406,3431,,
 2008/07/29,3426,3452,3406,3408,,
 2008/07/30,3431,3471,3413,3430,,
 2008/07/31,3455,3460,3426,3426,,
 2008/08/01,3439,3472,3413,3443,,
 2008/08/04,3440,3456,3315,3333,,
 2008/08/05,3291,3314,3257,3261,,
 2008/08/06,3280,3318,3280,3318,,
 2008/08/07,3312,3329,3269,3305,,
 2008/08/08,3280,3300,3252,3287,,
 2008/08/11,3270,3341,3260,3324,,
 2008/08/12,3322,3349,3293,3344,,
 2008/08/13,3356,3450,3341,3433,,
 2008/08/14,3452,3481,3351,3358,,
 2008/08/15,3328,3351,3288,3291,,
 2008/08/18,3316,3344,3305,3336,,
 2008/08/19,3341,3344,3272,3278,,
 2008/08/20,3298,3327,3280,3295,,
 2008/08/21,3286,3300,3259,3274,,
 2008/08/22,3296,3320,3281,3305,,
 2008/08/25,3303,3313,3289,3303,,
 2008/08/26,3298,3299,3234,3286,,
 2008/08/27,3302,3308,3282,3297,,
 2008/08/28,3270,3285,3257,3273,,
 2008/08/29,3260,3365,3256,3340,,
 2008/09/01,3327,3374,3309,3345,,
 2008/09/02,3318,3340,3272,3274,,
 2008/09/03,3284,3293,3267,3269,,
 2008/09/04,3266,3301,3220,3260,,
 2008/09/05,3247,3266,3233,3247,,
 2008/09/08,3251,3259,3235,3244,,
 2008/09/09,3237,3243,3196,3206,,
 2008/09/10,3200,3223,3169,3223,,
 2008/09/11,3220,3254,3203,3216,,
 2008/09/12,3213,3234,3208,3225,,
 2008/09/16,3217,3226,3165,3182,,
 2008/09/17,3198,3207,3165,3185,,
 2008/09/18,3210,3212,3147,3152,,
 2008/09/19,3134,3146,3116,3117,,
 2008/09/22,3127,3159,3107,3151,,
 2008/09/23,3167,3170,3123,3131,,
 2008/09/24,3125,3128,3104,3114,,
 2008/09/25,3107,3129,3104,3114,,
 2008/09/26,3128,3130,3077,3077,,
 2008/10/06,2979,2979,2979,2979,,
 2008/10/07,2799,2908,2799,2897,,
 2008/10/08,2877,2904,2814,2838,,
 2008/10/09,2853,2889,2838,2876,,
 2008/10/10,2844,2846,2774,2800,,
 2008/10/13,2789,2917,2785,2917,,
 2008/10/14,2977,3037,2905,2928,,
 2008/10/15,2893,3007,2862,3006,,
 2008/10/16,2948,3030,2938,3003,,
 2008/10/17,3092,3109,3051,3109,,
 2008/10/20,3204,3263,3164,3254,,
 2008/10/21,3210,3211,3088,3139,,
 2008/10/22,3135,3189,3083,3145,,
 2008/10/23,3116,3268,3084,3268,,
 2008/10/24,3304,3321,3184,3217,,
 2008/10/27,3217,3254,3146,3164,,
 2008/10/28,3210,3231,3153,3217,,
 2008/10/29,3193,3212,3153,3166,,
 2008/10/30,3216,3256,3170,3201,,
 2008/10/31,3160,3290,3137,3289,,
 2008/11/03,3228,3252,3209,3220,,
 2008/11/04,3217,3220,3170,3178,,
 2008/11/05,3209,3246,3194,3240,,
 2008/11/06,3214,3329,3214,3320,,
 2008/11/07,3321,3357,3282,3340,,
 2008/11/10,3362,3373,3304,3313,,
 2008/11/11,3291,3306,3201,3201,,
 2008/11/12,3161,3212,3101,3155,,
 2008/11/13,3145,3177,3080,3158,,
 2008/11/14,3164,3252,3145,3251,,
 2008/11/17,3266,3267,3219,3238,,
 2008/11/18,3245,3319,3196,3277,,
 2008/11/19,3290,3310,3273,3301,,
 2008/11/20,3286,3305,3269,3291,,
 2008/11/21,3273,3292,3217,3272,,
 2008/11/24,3292,3324,3251,3258,,
 2008/11/25,3273,3274,3165,3173,,
 2008/11/26,3156,3221,3146,3203,,
 2008/11/27,3223,3226,3167,3170,,
 2008/11/28,3166,3179,3119,3135,,
 2008/12/01,3115,3126,3061,3061,,
 2008/12/02,3051,3099,3051,3070,,
 2008/12/03,3078,3136,3069,3131,,
 2008/12/04,3120,3212,3101,3146,,
 2008/12/05,3140,3167,3108,3155,,
 2008/12/08,3163,3163,3027,3075,,
 2008/12/09,3088,3098,3060,3066,,
 2008/12/10,3068,3145,3065,3120,,
 2008/12/11,3122,3136,3089,3101,,
 2008/12/12,3098,3123,3080,3098,,
 2008/12/15,3094,3110,3088,3101,,
 2008/12/16,3081,3089,3049,3067,,
 2008/12/17,3085,3119,3070,3087,,
 2008/12/18,3079,3084,3059,3072,,
 2008/12/19,3066,3097,3058,3081,,
 2008/12/22,3070,3136,3067,3094,,
 2008/12/23,3084,3108,3079,3082,,
 2008/12/24,3092,3093,3066,3073,,
 2008/12/25,3076,3097,2981,2983,,
 2008/12/26,2991,2994,2920,2965,,
 2008/12/29,2981,2982,2893,2921,,
 2008/12/30,2912,2927,2894,2900,,
 2008/12/31,2903,2905,2858,2876,,
 2009/01/05,2980,2983,2908,2926,,
 2009/01/06,2905,2972,2896,2960,,
 2009/01/07,2955,2992,2926,2927,,
 2009/01/08,2904,2927,2887,2916,,
 2009/01/09,2917,2950,2889,2902,,
 2009/01/12,2912,3036,2909,3024,,
 2009/01/13,2994,3026,2978,2990,,
 2009/01/14,3014,3128,3014,3114,,
 2009/01/15,3101,3144,3084,3091,,
 2009/01/16,3099,3122,3097,3106,,
 2009/01/19,3109,3140,3100,3119,,
 2009/01/20,3118,3121,3038,3049,,
 2009/01/21,3051,3082,3047,3058,,
 2009/01/22,3068,3097,3064,3075,,
 2009/01/23,3077,3079,3053,3071,,
 2009/02/02,3071,3133,3070,3126,,
 2009/02/03,3131,3196,3125,3195,,
 2009/02/04,3189,3242,3180,3206,,
 2009/02/05,3203,3221,3196,3204,,
 2009/02/06,3225,3333,3214,3316,,
 2009/02/09,3335,3399,3333,3362,,
 2009/02/10,3357,3406,3312,3388,,
 2009/02/11,3355,3390,3313,3335,,
 2009/02/12,3353,3456,3353,3455,,
 2009/02/13,3468,3547,3465,3545,,
 2009/02/16,3574,3643,3516,3542,,
 2009/02/17,3529,3653,3512,3607,,
 2009/02/18,3588,3611,3493,3538,,
 2009/02/19,3553,3557,3493,3526,,
 2009/02/20,3542,3582,3523,3568,,
 2009/02/23,3572,3664,3571,3659,,
 2009/02/24,3663,3692,3615,3649,,
 2009/02/25,3684,3697,3624,3651,,
 2009/02/26,3686,3740,3676,3719,,
 2009/02/27,3742,3743,3656,3714,,
 2009/03/02,3707,3712,3659,3684,,
 2009/03/03,3631,3679,3609,3615,,
 2009/03/04,3618,3640,3580,3635,,
 2009/03/05,3653,3671,3633,3647,,
 2009/03/06,3636,3658,3622,3654,,
 2009/03/09,3659,3659,3589,3590,,
 2009/03/10,3588,3647,3574,3646,,
 2009/03/11,3654,3751,3649,3733,,
 2009/03/12,3741,3767,3726,3753,,
 2009/03/13,3765,3815,3755,3814,,
 2009/03/16,3822,3903,3819,3860,,
 2009/03/17,3868,3877,3822,3842,,
 2009/03/18,3853,3900,3794,3798,,
 2009/03/19,3810,3838,3781,3837,,
 2009/03/20,3859,3872,3799,3811,,
 2009/03/23,3809,3839,3795,3814,,
 2009/03/24,3798,3860,3798,3825,,
 2009/03/25,3819,3827,3806,3811,,
 2009/03/26,3810,3812,3752,3763,,
 2009/03/27,3773,3804,3761,3776,,
 2009/03/30,3766,3858,3740,3856,,
 2009/03/31,3843,3864,3807,3821,,
 2009/04/01,3845,3851,3797,3805,,
 2009/04/02,3801,3830,3786,3805,,
 2009/04/03,3820,3828,3797,3810,,
 2009/04/07,3791,3813,3787,3796,,
 2009/04/08,3790,3797,3741,3743,,
 2009/04/09,3755,3793,3737,3778,,
 2009/04/10,3783,3919,3777,3901,,
 2009/04/13,3906,3946,3867,3896,,
 2009/04/14,3907,3951,3907,3934,,
 2009/04/15,3930,3936,3877,3898,,
 2009/04/16,3900,3926,3871,3903,,
 2009/04/17,3903,3917,3884,3892,,
 2009/04/20,3895,3899,3875,3879,,
 2009/04/21,3868,3930,3859,3906,,
 2009/04/22,3914,3925,3885,3895,,
 2009/04/23,3899,3919,3840,3889,,
 2009/04/24,3893,3905,3863,3874,,
 2009/04/27,3911,3957,3909,3940,,
 2009/04/28,3939,3948,3925,3939,,
 2009/04/29,3947,4040,3940,4037,,
 2009/04/30,4047,4047,3970,3988,,
 2009/05/04,4014,4049,3964,3970,,
 2009/05/05,3961,4010,3956,3977,,
 2009/05/06,3984,4000,3984,3990,,
 2009/05/07,4000,4037,3997,4009,,
 2009/05/08,4016,4024,3992,4022,,
 2009/05/11,4008,4020,4004,4008,,
 2009/05/12,4016,4025,3999,4016,,
 2009/05/13,4022,4096,4018,4081,,
 2009/05/14,4060,4077,4048,4063,,
 2009/05/15,4072,4085,4066,4069,,
 2009/05/18,4053,4063,4037,4059,,
 2009/05/19,4078,4085,4054,4056,,
 2009/05/20,4044,4049,4012,4028,,
 2009/05/21,4019,4048,4019,4032,,
 2009/05/22,4039,4051,4031,4038,,
 2009/05/25,4032,4040,4002,4026,,
 2009/05/26,4034,4066,4021,4042,,
 2009/05/27,4056,4058,4040,4044,,
 2009/06/01,4057,4075,4053,4058,,
 2009/06/02,4062,4114,4057,4087,,
 2009/06/03,4081,4092,4071,4072,,
 2009/06/04,4053,4085,4049,4077,,
 2009/06/05,4089,4146,4086,4138,,
 2009/06/08,4152,4165,4112,4115,,
 2009/06/09,4109,4126,4109,4119,,
 2009/06/10,4129,4133,4114,4117,,
 2009/06/11,4120,4120,4102,4103,,
 2009/06/12,4113,4123,4091,4098,,
 2009/06/15,4113,4113,4058,4067,,
 2009/06/16,4047,4079,4036,4075,,
 2009/06/17,4071,4104,4068,4095,,
 2009/06/18,4098,4102,4060,4062,,
 2009/06/19,4066,4124,4048,4119,,
 2009/06/22,4113,4128,4097,4098,,
 2009/06/23,4092,4104,4081,4087,,
 2009/06/24,4107,4122,4072,4088,,
 2009/06/25,4023,4102,4023,4086,,
 2009/06/26,4107,4161,4107,4117,,
 2009/06/29,4100,4127,4100,4115,,
 2009/06/30,4134,4162,4130,4160,,
 2009/07/01,4153,4186,4153,4175,,
 2009/07/02,4170,4193,4153,4162,,
 2009/07/03,4155,4176,4151,4164,,
 2009/07/06,4179,4190,4161,4164,,
 2009/07/07,4169,4174,4153,4157,,
 2009/07/08,4149,4149,4118,4123,,
 2009/07/09,4136,4151,4128,4149,,
 2009/07/10,4151,4167,4135,4136,,
 2009/07/13,4144,4147,4107,4109,,
 2009/07/14,4119,4135,4070,4076,,
 2009/07/15,4081,4093,4062,4092,,
 2009/07/16,4097,4124,4089,4111,,
 2009/07/17,4103,4107,4084,4095,,
 2009/07/20,4096,4140,4093,4125,,
 2009/07/21,4131,4131,4066,4067,,
 2009/07/22,4075,4098,4054,4063,,
 2009/07/23,4069,4071,4029,4044,,
 2009/07/24,4046,4061,4032,4049,,
 2009/07/27,4052,4052,3998,4007,,
 2009/07/28,3998,4030,3987,4019,,
 2009/07/29,4019,4071,4014,4067,,
 2009/07/30,4065,4070,4039,4044,,
 2009/07/31,4062,4136,4059,4123,,
 2009/08/03,4128,4288,4126,4284,,
 2009/08/04,4325,4405,4295,4347,,
 2009/08/05,4351,4386,4282,4285,,
 2009/08/06,4293,4325,4282,4284,,
 2009/08/07,4301,4361,4299,4347,,
 2009/08/10,4491,4517,4490,4516,,
 2009/08/11,4747,4756,4634,4690,,
 2009/08/12,4694,4886,4675,4773,,
 2009/08/13,4865,4952,4826,4852,,
 2009/08/14,4802,4820,4737,4774,,
 2009/08/17,4717,4899,4697,4800,,
 2009/08/18,4858,4883,4767,4793,,
 2009/08/19,4798,4801,4608,4608,,
 2009/08/20,4644,4724,4469,4593,,
 2009/08/21,4523,4571,4485,4494,,
 2009/08/24,4554,4624,4529,4621,,
 2009/08/25,4616,4681,4593,4661,,
 2009/08/26,4655,4680,4630,4635,,
 2009/08/27,4659,4761,4643,4752,,
 2009/08/28,4776,4895,4763,4862,,
 2009/08/31,4954,4957,4644,4692,,
 2009/09/01,4723,4773,4572,4596,,
 2009/09/02,4543,4600,4517,4587,,
 2009/09/03,4594,4678,4593,4613,,
 2009/09/04,4581,4625,4495,4586,,
 2009/09/07,4493,4506,4431,4447,,
 2009/09/08,4432,4595,4431,4594,,
 2009/09/09,4589,4612,4531,4548,,
 2009/09/10,4532,4582,4530,4541,,
 2009/09/11,4569,4661,4569,4628,,
 2009/09/14,4572,4592,4509,4560,,
 2009/09/15,4638,4656,4607,4615,,
 2009/09/16,4624,4635,4593,4621,,
 2009/09/17,4658,4675,4640,4660,,
 2009/09/18,4651,4663,4614,4617,,
 2009/09/21,4605,4667,4603,4640,,
 2009/09/22,4643,4664,4637,4647,,
 2009/09/23,4659,4665,4553,4555,,
 2009/09/24,4574,4581,4520,4535,,
 2009/09/25,4528,4549,4500,4529,,
 2009/09/28,4554,4561,4512,4533,,
 2009/09/29,4574,4619,4549,4618,,
 2009/09/30,4635,4654,4611,4623,,
 2009/10/09,4554,4565,4528,4551,,
 2009/10/12,4470,4497,4436,4480,,
 2009/10/13,4489,4512,4477,4491,,
 2009/10/14,4535,4543,4497,4497,,
 2009/10/15,4492,4509,4407,4423,,
 2009/10/16,4462,4477,4427,4468,,
 2009/10/19,4449,4617,4444,4578,,
 2009/10/20,4586,4597,4535,4549,,
 2009/10/21,4528,4538,4466,4482,,
 2009/10/22,4510,4533,4496,4510,,
 2009/10/23,4482,4560,4470,4544,,
 2009/10/26,4556,4650,4551,4650,,
 2009/10/27,4629,4656,4600,4633,,
 2009/10/28,4628,4677,4622,4646,,
 2009/10/29,4619,4648,4588,4645,,
 2009/10/30,4693,4703,4627,4630,,
 2009/11/02,4631,4662,4618,4639,,
 2009/11/03,4659,4697,4634,4677,,
 2009/11/04,4689,4716,4672,4682,,
 2009/11/05,4667,4689,4642,4646,,
 2009/11/06,4646,4671,4643,4659,,
 2009/11/09,4678,4704,4668,4699,,
 2009/11/10,4690,4705,4662,4668,,
 2009/11/11,4663,4679,4654,4660,,
 2009/11/12,4679,4692,4646,4660,,
 2009/11/13,4657,4664,4634,4661,,
 2009/11/16,4655,4727,4636,4727,,
 2009/11/17,4738,4747,4695,4699,,
 2009/11/18,4696,4719,4689,4704,,
 2009/11/19,4701,4732,4697,4716,,
 2009/11/20,4702,4797,4702,4786,,
 2009/11/23,4794,4921,4794,4918,,
 2009/11/24,4880,4907,4801,4816,,
 2009/11/25,4827,4864,4813,4860,,
 2009/11/26,4868,4925,4852,4865,,
 2009/11/27,4845,4870,4756,4806,,
 2009/11/30,4876,4999,4872,4978,,
 2009/12/01,4970,4982,4938,4960,,
 2009/12/02,4975,5035,4967,5021,,
 2009/12/03,5045,5153,5043,5149,,
 2009/12/04,5139,5161,5108,5142,,
 2009/12/07,5122,5332,5122,5311,,
 2009/12/08,5321,5366,5261,5323,,
 2009/12/09,5293,5385,5265,5279,,
 2009/12/10,5292,5320,5173,5209,,
 2009/12/11,5263,5304,5239,5301,,
 2009/12/14,5320,5361,5244,5286,,
 2009/12/15,5355,5386,5328,5356,,
 2009/12/16,5328,5343,5304,5328,,
 2009/12/17,5385,5401,5332,5333,,
 2009/12/18,5327,5353,5275,5290,,
 2009/12/21,5298,5355,5250,5327,,
 2009/12/22,5298,5327,5287,5294,,
 2009/12/23,5338,5358,5327,5356,,
 2009/12/24,5371,5492,5358,5492,,
 2009/12/25,5504,5541,5487,5523,,
 2009/12/28,5531,5582,5484,5571,,
 2009/12/29,5569,5599,5545,5569,,
 2009/12/30,5550,5560,5468,5478,,
 2009/12/31,5495,5630,5478,5628,,
 2010/01/04,5680,5768,5668,5762,,
 2010/01/05,5814,5838,5751,5774,,
 2010/01/06,5762,5855,5745,5793,,
 2010/01/07,5831,5870,5581,5696,,
 2010/01/08,5681,5697,5470,5491,,
 2010/01/11,5484,5570,5471,5525,,
 2010/01/12,5481,5502,5443,5454,,
 2010/01/13,5421,5512,5265,5279,,
 2010/01/14,5354,5371,5229,5340,,
 2010/01/15,5344,5370,5273,5275,,
 2010/01/18,5264,5351,5253,5317,,
 2010/01/19,5335,5368,5312,5335,,
 2010/01/20,5399,5421,5345,5354,,
 2010/01/21,5364,5557,5351,5531,,
 2010/01/22,5511,5525,5394,5443,,
 2010/01/25,5436,5478,5432,5458,,
 2010/01/26,5512,5531,5486,5493,,
 2010/01/27,5489,5504,5439,5442,,
 2010/01/28,5357,5367,5239,5239,,
 2010/01/29,5274,5281,5187,5210,,
 2010/02/01,5257,5315,5184,5262,,
 2010/02/02,5281,5351,5255,5317,,
 2010/02/03,5405,5466,5365,5465,,
 2010/02/04,5405,5432,5350,5389,,
 2010/02/05,5314,5351,5290,5327,,
 2010/02/08,5282,5383,5282,5372,,
 2010/02/09,5373,5385,5346,5377,,
 2010/02/10,5403,5574,5395,5557,,
 2010/02/11,5573,5630,5546,5601,,
 2010/02/12,5633,5697,5633,5668,,
 2010/02/22,5759,5789,5487,5552,,
 2010/02/23,5438,5583,5438,5578,,
 2010/02/24,5558,5627,5536,5603,,
 2010/02/25,5614,5709,5545,5571,,
 2010/02/26,5569,5615,5564,5605,,
 2010/03/01,5645,5663,5573,5608,,
 2010/03/02,5574,5576,5427,5496,,
 2010/03/03,5527,5536,5468,5503,,
 2010/03/04,5481,5499,5436,5450,,
 2010/03/05,5453,5523,5428,5519,,
 2010/03/08,5557,5566,5508,5558,,
 2010/03/09,5542,5555,5501,5538,,
 2010/03/10,5461,5474,5392,5412,,
 2010/03/11,5382,5394,5209,5210,,
 2010/03/12,5165,5214,5119,5205,,
 2010/03/15,5235,5241,5040,5094,,
 2010/03/16,5059,5141,5018,5129,,
 2010/03/17,5036,5151,5019,5140,,
 2010/03/18,5163,5219,5153,5212,,
 2010/03/19,5238,5260,5218,5232,,
 2010/03/22,5217,5269,5217,5251,,
 2010/03/23,5207,5214,5089,5093,,
 2010/03/24,5003,5034,4935,5026,,
 2010/03/25,5107,5112,5057,5082,,
 2010/03/26,5043,5149,5032,5148,,
 2010/03/29,5159,5206,5100,5185,,
 2010/03/30,5190,5198,5115,5146,,
 2010/03/31,5157,5186,5140,5148,,
 2010/04/01,5067,5091,5053,5060,,
 2010/04/02,5101,5193,5096,5193,,
 2010/04/06,5171,5194,5149,5163,,
 2010/04/07,5135,5172,5120,5168,,
 2010/04/08,5160,5188,5136,5143,,
 2010/04/09,5148,5195,5136,5193,,
 2010/04/12,5228,5260,5208,5245,,
 2010/04/13,5237,5250,5205,5232,,
 2010/04/14,5261,5268,5238,5239,,
 2010/04/15,5256,5260,5195,5199,,
 2010/04/16,5196,5225,5192,5222,,
 2010/04/19,5170,5172,5095,5106,,
 2010/04/20,5162,5171,5149,5165,,
 2010/04/21,5146,5152,5109,5135,,
 2010/04/22,5127,5163,5117,5163,,
 2010/04/23,5147,5157,5128,5137,,
 2010/04/26,5127,5132,5015,5046,,
 2010/04/27,5041,5041,4979,5028,,
 2010/04/28,4961,5052,4953,5024,,
 2010/04/29,4996,5017,4933,4973,,
 2010/04/30,5002,5010,4964,4988,,
 2010/05/04,4961,4969,4861,4864,,
 2010/05/05,4828,4862,4807,4854,,
 2010/05/06,4858,4880,4823,4843,,
 2010/05/07,4765,4790,4743,4753,,
 2010/05/10,4799,4864,4791,4864,,
 2010/05/11,4864,4886,4835,4846,,
 2010/05/12,4830,4922,4830,4903,,
 2010/05/13,4948,4949,4904,4927,,
 2010/05/14,4914,4924,4847,4849,,
 2010/05/17,4820,4820,4696,4696,,
 2010/05/18,4702,4804,4672,4793,,
 2010/05/19,4780,4833,4764,4791,,
 2010/05/20,4832,4848,4785,4817,,
 2010/05/21,4794,4827,4757,4824,,
 2010/05/24,4876,4905,4864,4905,,
 2010/05/25,4868,4881,4819,4820,,
 2010/05/26,4867,4882,4849,4877,,
 2010/05/27,4877,4889,4851,4882,,
 2010/05/28,4862,4873,4772,4796,,
 2010/05/31,4744,4773,4724,4755,,
 2010/06/01,4761,4770,4742,4753,,
 2010/06/02,4765,4819,4745,4818,,
 2010/06/03,4803,4810,4754,4797,,
 2010/06/04,4787,4827,4785,4821,,
 2010/06/07,4795,4807,4729,4784,,
 2010/06/08,4795,4824,4780,4821,,
 2010/06/09,4842,4867,4825,4864,,
 2010/06/10,4855,4859,4826,4834,,
 2010/06/11,4856,4897,4845,4882,,
 2010/06/17,4908,4924,4873,4881,,
 2010/06/18,4866,4876,4835,4845,,
 2010/06/21,4854,4932,4850,4921,,
 2010/06/22,4909,4926,4898,4908,,
 2010/06/23,4900,4930,4893,4908,,
 2010/06/24,4897,4935,4882,4929,,
 2010/06/25,4960,4966,4937,4947,,
 2010/06/28,4963,4978,4953,4958,,
 2010/06/29,4923,4934,4884,4891,,
 2010/06/30,4873,4917,4867,4916,,
 2010/07/01,4934,4951,4926,4929,,
 2010/07/02,4945,4977,4944,4976,,
 2010/07/05,4994,5071,4985,5060,,
 2010/07/06,5050,5071,5025,5045,,
 2010/07/07,5040,5055,5019,5026,,
 2010/07/08,5069,5090,5033,5035,,
 2010/07/09,5038,5047,5016,5044,,
 2010/07/12,5029,5066,5025,5026,,
 2010/07/13,5049,5059,5015,5026,,
 2010/07/14,5035,5046,4983,5003,,
 2010/07/15,4994,5022,4980,5006,,
 2010/07/16,5042,5056,5029,5053,,
 2010/07/19,5031,5060,5031,5053,,
 2010/07/20,5070,5115,5070,5107,,
 2010/07/21,5094,5102,5075,5087,,
 2010/07/22,5095,5101,5080,5093,,
 2010/07/23,5135,5141,5110,5113,,
 2010/07/26,5115,5151,5107,5146,,
 2010/07/27,5158,5174,5115,5122,,
 2010/07/28,5129,5167,5125,5166,,
 2010/07/29,5188,5213,5158,5196,,
 2010/07/30,5218,5232,5195,5232,,
 2010/08/02,5242,5335,5231,5306,,
 2010/08/03,5309,5313,5274,5290,,
 2010/08/04,5248,5260,5198,5249,,
 2010/08/05,5269,5299,5259,5275,,
 2010/08/06,5231,5319,5231,5319,,
 2010/08/09,5313,5378,5313,5376,,
 2010/08/10,5338,5356,5309,5330,,
 2010/08/11,5377,5395,5344,5350,,
 2010/08/12,5335,5396,5302,5308,,
 2010/08/13,5350,5367,5308,5357,,
 2010/08/16,5378,5387,5342,5358,,
 2010/08/17,5338,5358,5320,5351,,
 2010/08/18,5378,5390,5312,5315,,
 2010/08/19,5325,5341,5288,5330,,
 2010/08/20,5318,5342,5253,5261,,
 2010/08/23,5285,5285,5247,5249,,
 2010/08/24,5255,5292,5236,5241,,
 2010/08/25,5262,5281,5245,5264,,
 2010/08/26,5270,5315,5249,5313,,
 2010/08/27,5296,5358,5282,5343,,
 2010/08/30,5385,5525,5381,5509,,
 2010/08/31,5497,5513,5464,5489,,
 2010/09/01,5492,5550,5488,5541,,
 2010/09/02,5603,5605,5541,5551,,
 2010/09/03,5556,5575,5528,5540,,
 2010/09/06,5552,5603,5538,5589,,
 2010/09/07,5583,5631,5576,5610,,
 2010/09/08,5649,5670,5600,5612,,
 2010/09/09,5615,5621,5505,5557,,
 2010/09/10,5603,5659,5601,5651,,
 2010/09/13,5683,5688,5638,5662,,
 2010/09/14,5704,5707,5619,5636,,
 2010/09/15,5678,5678,5586,5614,,
 2010/09/16,5610,5632,5578,5623,,
 2010/09/17,5635,5707,5633,5668,,
 2010/09/20,5684,5729,5655,5712,,
 2010/09/21,5678,5679,5586,5589,,
 2010/09/27,5646,5663,5598,5627,,
 2010/09/28,5645,5753,5631,5749,,
 2010/09/29,5754,5754,5633,5659,,
 2010/09/30,5664,5685,5613,5683,,
 2010/10/08,5686,5805,5686,5779,,
 2010/10/11,5975,5997,5918,5977,,
 2010/10/12,5935,5974,5893,5908,,
 2010/10/13,5967,5994,5939,5976,,
 2010/10/14,5978,6177,5970,6118,,
 2010/10/15,6113,6256,6085,6255,,
 2010/10/18,6174,6256,6152,6201,,
 2010/10/19,6252,6442,6242,6383,,
 2010/10/20,6323,6465,6317,6442,,
 2010/10/21,6494,6587,6399,6434,,
 2010/10/22,6415,6570,6376,6528,,
 2010/10/25,6618,6753,6618,6753,,
 2010/10/26,6838,6887,6713,6766,,
 2010/10/27,6779,6783,6628,6628,,
 2010/10/28,6696,6922,6696,6887,,
 2010/10/29,6817,6857,6496,6510,,
 2010/11/01,6581,6661,6499,6589,,
 2010/11/02,6618,6658,6575,6626,,
 2010/11/03,6730,6886,6730,6841,,
 2010/11/04,6875,6877,6785,6866,,
 2010/11/05,7135,7167,7091,7148,,
 2010/11/08,7046,7205,6968,7168,,
 2010/11/09,7160,7447,7128,7318,,
 2010/11/10,7384,7429,7036,7236,,
 2010/11/11,7264,7272,7111,7167,,
 2010/11/12,6838,6838,6837,6838,,
 2010/11/15,6324,6530,6320,6328,,
 2010/11/16,6395,6573,6341,6418,,
 2010/11/17,6190,6350,6149,6236,,
 2010/11/18,6406,6447,6225,6386,,
 2010/11/19,6573,6577,6378,6449,,
 2010/11/22,6253,6380,6228,6272,,
 2010/11/23,6305,6360,6215,6255,,
 2010/11/24,6365,6445,6320,6441,,
 2010/11/25,6475,6485,6380,6381,,
 2010/11/26,6396,6396,6185,6322,,
 2010/11/29,6318,6412,6277,6393,,
 2010/11/30,6360,6458,6325,6448,,
 2010/12/01,6392,6561,6370,6522,,
 2010/12/02,6597,6600,6492,6504,,
 2010/12/03,6505,6554,6492,6509,,
 2010/12/06,6562,6598,6536,6562,,
 2010/12/07,6523,6582,6496,6580,,
 2010/12/08,6502,6517,6381,6382,,
 2010/12/09,6436,6472,6400,6428,,
 2010/12/10,6413,6490,6404,6477,,
 2010/12/13,6475,6661,6462,6627,,
 2010/12/14,6668,6697,6612,6641,,
 2010/12/15,6614,6645,6498,6525,,
 2010/12/16,6549,6662,6541,6629,,
 2010/12/17,6666,6729,6639,6725,,
 2010/12/20,6897,6929,6791,6845,,
 2010/12/21,6874,6915,6852,6906,,
 2010/12/22,6889,7104,6873,6950,,
 2010/12/23,7036,7133,7027,7119,,
 2010/12/24,7194,7268,7157,7259,,
 2010/12/27,7229,7286,7141,7182,,
 2010/12/28,7208,7324,7190,7315,,
 2010/12/29,7346,7357,7247,7277,,
 2010/12/30,7238,7288,7156,7277,,
 2010/12/31,6881,7060,6874,7021,,
 2011/01/04,7144,7228,7109,7166,,
 2011/01/05,7113,7203,7082,7141,,
 2011/01/06,7221,7243,7129,7133,,
 2011/01/07,7023,7050,6813,6835,,
 2011/01/10,6928,6996,6906,6924,,
 2011/01/11,6962,6984,6907,6967,,
 2011/01/12,7044,7147,7029,7088,,
 2011/01/13,7077,7114,7041,7079,,
 2011/01/14,7075,7172,7072,7162,,
 2011/01/17,7129,7196,7096,7097,,
 2011/01/18,7109,7132,7026,7068,,
 2011/01/19,7061,7156,7051,7143,,
 2011/01/20,7114,7162,7088,7120,,
 2011/01/21,7141,7260,7136,7222,,
 2011/01/24,7275,7298,7231,7242,,
 2011/01/25,7233,7260,7139,7156,,
 2011/01/26,7156,7178,7093,7158,,
 2011/01/27,7277,7316,7241,7309,,
 2011/01/28,7313,7352,7254,7264,,
 2011/01/31,7349,7421,7336,7385,,
 2011/02/01,7410,7417,7331,7413,,
 2011/02/09,7264,7354,7258,7351,,
 2011/02/10,7377,7523,7375,7482,,
 2011/02/11,7478,7517,7471,7490,,
 2011/02/14,7476,7541,7391,7428,,
 2011/02/15,7384,7487,7384,7407,,
 2011/02/16,7401,7401,7322,7376,,
 2011/02/17,7444,7446,7287,7290,,
 2011/02/18,7330,7342,7181,7203,,
 2011/02/21,7206,7221,7120,7213,,
 2011/02/22,7238,7271,7127,7178,,
 2011/02/23,7124,7245,7037,7185,,
 2011/02/24,7173,7178,7004,7032,,
 2011/02/25,7069,7121,7029,7114,,
 2011/02/28,7179,7240,7140,7219,,
 2011/03/01,7251,7271,7204,7223,,
 2011/03/02,7200,7250,7181,7243,,
 2011/03/03,7307,7321,7228,7230,,
 2011/03/04,7253,7258,7147,7174,,
 2011/03/07,7140,7221,7112,7216,,
 2011/03/08,7162,7197,7052,7097,,
 2011/03/09,7165,7218,7120,7188,,
 2011/03/10,7120,7143,7027,7039,,
 2011/03/11,6952,6999,6869,6870,,
 2011/03/14,6908,6947,6762,6879,,
 2011/03/15,6836,6883,6769,6873,,
 2011/03/16,6726,6874,6709,6860,,
 2011/03/17,6814,6929,6782,6878,,
 2011/03/18,6951,6986,6908,6945,,
 2011/03/21,6979,6980,6907,6928,,
 2011/03/22,6919,6978,6882,6963,,
 2011/03/23,6973,7103,6958,7092,,
 2011/03/24,7051,7062,7008,7036,,
 2011/03/25,7094,7133,7086,7105,,
 2011/03/28,7113,7127,6953,6986,,
 2011/03/29,6951,7007,6920,6985,,
 2011/03/30,6988,7012,6916,6933,,
 2011/03/31,6974,7001,6956,6999,,
 2011/04/01,7012,7039,6969,7021,,
 2011/04/06,7015,7118,7006,7090,,
 2011/04/07,7042,7092,7030,7074,,
 2011/04/08,7083,7213,7068,7212,,
 2011/04/11,7177,7225,7139,7179,,
 2011/04/12,7149,7176,7105,7128,,
 2011/04/13,7095,7110,7036,7108,,
 2011/04/14,7038,7043,6934,6946,,
 2011/04/15,6933,6943,6869,6879,,
 2011/04/18,6855,6907,6834,6887,,
 2011/04/19,6862,6886,6775,6819,,
 2011/04/20,6813,6886,6806,6873,,
 2011/04/21,6929,6943,6878,6895,,
 2011/04/22,6924,6936,6780,6861,,
 2011/04/25,6849,6870,6802,6814,,
 2011/04/26,6757,6779,6723,6767,,
 2011/04/27,6787,6822,6764,6782,,
 2011/04/28,6791,6893,6778,6850,,
 2011/04/29,6825,6825,6708,6709,,
 2011/05/03,6683,6698,6633,6668,,
 2011/05/04,6661,6668,6545,6562,,
 2011/05/05,6499,6506,6425,6434,,
 2011/05/06,6360,6461,6337,6406,,
 2011/05/09,6418,6485,6396,6477,,
 2011/05/10,6492,6537,6470,6531,,
 2011/05/11,6588,6590,6535,6548,,
 2011/05/12,6492,6493,6382,6391,,
 2011/05/13,6441,6565,6436,6557,,
 2011/05/16,6524,6591,6511,6546,,
 2011/05/17,6574,6578,6467,6532,,
 2011/05/18,6553,6590,6517,6518,,
 2011/05/19,6593,6615,6510,6521,,
 2011/05/20,6461,6468,6347,6394,,
 2011/05/23,6424,6435,6343,6376,,
 2011/05/24,6328,6462,6320,6445,,
 2011/05/25,6457,6504,6437,6487,,
 2011/05/26,6528,6580,6524,6567,,
 2011/05/27,6560,6643,6544,6640,,
 2011/05/30,6619,6662,6594,6609,,
 2011/05/31,6606,6643,6565,6595,,
 2011/06/01,6601,6614,6559,6582,,
 2011/06/02,6530,6645,6528,6638,,
 2011/06/03,6702,6781,6676,6778,,
 2011/06/07,6728,6746,6698,6727,,
 2011/06/08,6759,6778,6668,6738,,
 2011/06/09,6780,6802,6724,6725,,
 2011/06/10,6748,6785,6716,6762,,
 2011/06/13,6791,6794,6712,6729,,
 2011/06/14,6725,6745,6679,6704,,
 2011/06/15,6709,6812,6708,6810,,
 2011/06/16,6785,6831,6745,6746,,
 2011/06/17,6790,6810,6750,6807,,
 2011/06/20,6824,6856,6806,6827,,
 2011/06/21,6886,6928,6854,6919,,
 2011/06/22,6905,6917,6848,6862,,
 2011/06/23,6856,6856,6785,6818,,
 2011/06/24,6830,6865,6798,6799,,
 2011/06/27,6802,6804,6694,6715,,
 2011/06/28,6749,6761,6723,6739,,
 2011/06/29,6839,6860,6802,6845,,
 2011/06/30,6838,6867,6802,6865,,
 2011/07/01,6814,6869,6811,6855,,
 2011/07/04,6920,6977,6887,6975,,
 2011/07/05,6962,7009,6956,6999,,
 2011/07/06,7008,7025,6969,6998,,
 2011/07/07,7011,7082,7011,7079,,
 2011/07/08,7203,7221,7123,7126,,
 2011/07/11,7115,7193,7094,7105,,
 2011/07/12,7121,7128,7062,7127,,
 2011/07/13,7238,7301,7209,7300,,
 2011/07/14,7249,7260,7196,7208,,
 2011/07/15,7126,7193,7122,7190,,
 2011/07/18,7183,7238,7179,7200,,
 2011/07/19,7228,7352,7228,7350,,
 2011/07/20,7343,7343,7273,7280,,
 2011/07/21,7302,7362,7290,7337,,
 2011/07/22,7386,7388,7306,7369,,
 2011/07/25,7427,7473,7418,7447,,
 2011/07/26,7417,7510,7417,7509,,
 2011/07/27,7496,7522,7444,7498,,
 2011/07/28,7486,7524,7464,7465,,
 2011/07/29,7397,7434,7308,7317,,
 2011/08/01,7368,7422,7348,7418,,
 2011/08/02,7349,7362,7276,7317,,
 2011/08/03,7280,7335,7252,7322,,
 2011/08/04,7279,7318,7263,7301,,
 2011/08/05,7268,7277,7148,7235,,
 2011/08/08,7224,7329,7217,7268,,
 2011/08/09,7130,7246,7081,7241,,
 2011/08/10,7290,7384,7289,7381,,
 2011/08/11,7357,7464,7350,7458,,
 2011/08/12,7480,7514,7436,7452,,
 2011/08/15,7497,7507,7378,7379,,
 2011/08/16,7389,7446,7321,7324,,
 2011/08/17,7373,7402,7338,7373,,
 2011/08/18,7473,7473,7379,7382,,
 2011/08/19,7351,7356,7206,7264,,
 2011/08/22,7339,7410,7273,7280,,
 2011/08/23,7293,7340,7257,7322,,
 2011/08/24,7331,7337,7277,7299,,
 2011/08/25,7240,7246,7132,7149,,
 2011/08/26,7168,7206,7146,7196,,
 2011/08/29,7227,7243,7176,7234,,
 2011/08/30,7231,7270,7198,7204,,
 2011/08/31,7201,7221,7168,7203,,
 2011/09/01,7196,7248,7177,7188,,
 2011/09/02,7193,7199,7095,7099,,
 2011/09/05,7086,7086,6962,6978,,
 2011/09/06,6983,6987,6875,6946,,
 2011/09/07,6937,7003,6912,7003,,
 2011/09/08,7002,7030,6949,6950,,
 2011/09/09,6966,6989,6929,6958,,
 2011/09/13,6983,7002,6953,6966,,
 2011/09/14,6953,6958,6782,6783,,
 2011/09/15,6816,6843,6766,6820,,
 2011/09/16,6809,6889,6742,6885,,
 2011/09/19,6760,6793,6686,6712,,
 2011/09/20,6724,6764,6704,6748,,
 2011/09/21,6738,6841,6720,6828,,
 2011/09/22,6740,6779,6689,6746,,
 2011/09/23,6620,6714,6547,6645,,
 2011/09/26,6617,6667,6531,6557,,
 2011/09/27,6660,6734,6616,6727,,
 2011/09/28,6734,6770,6687,6736,,
 2011/09/29,6619,6680,6562,6671,,
 2011/09/30,6766,6816,6707,6806,,
 2011/10/10,6787,6835,6774,6812,,
 2011/10/11,6898,6904,6795,6809,,
 2011/10/12,6795,6844,6765,6820,,
 2011/10/13,6814,6815,6701,6729,,
 2011/10/14,6778,6846,6762,6841,,
 2011/10/17,6888,6913,6851,6856,,
 2011/10/18,6844,6858,6790,6799,,
 2011/10/19,6835,6926,6812,6832,,
 2011/10/20,6739,6743,6524,6576,,
 2011/10/21,6612,6668,6606,6630,,
 2011/10/24,6672,6831,6430,6707,,
 2011/10/25,6759,6855,6678,6828,,
 2011/10/26,6772,6878,6769,6867,,
 2011/10/27,6821,6880,6808,6848,,
 2011/10/28,6919,6933,6824,6824,,
 2011/10/31,6789,6813,6720,6740,,
 2011/11/01,6735,6811,6702,6774,,
 2011/11/02,6745,6855,6724,6850,,
 2011/11/03,6818,6858,6808,6824,,
 2011/11/04,6868,6893,6813,6854,,
 2011/11/07,6833,6846,6806,6840,,
 2011/11/08,6831,6841,6770,6796,,
 2011/11/09,6851,6860,6810,6820,,
 2011/11/10,6742,6744,6656,6689,,
 2011/11/11,6718,6750,6703,6735,,
 2011/11/14,6739,6812,6690,6745,,
 2011/11/15,6686,6703,6664,6687,,
 2011/11/16,6723,6723,6591,6601,,
 2011/11/17,6604,6661,6580,6638,,
 2011/11/18,6559,6603,6548,6599,,
 2011/11/21,6575,6576,6467,6483,,
 2011/11/22,6477,6500,6403,6486,,
 2011/11/23,6424,6443,6363,6371,,
 2011/11/24,6341,6374,6266,6363,,
 2011/11/25,6339,6383,6297,6299,,
 2011/11/28,6333,6372,6305,6343,,
 2011/11/29,6344,6372,6330,6366,,
 2011/11/30,6396,6396,6317,6319,,
 2011/12/01,6441,6533,6401,6423,,
 2011/12/02,6407,6418,6386,6409,,
 2011/12/05,6418,6437,6377,6429,,
 2011/12/06,6443,6455,6403,6429,,
 2011/12/07,6440,6448,6350,6362,,
 2011/12/08,6283,6323,6241,6306,,
 2011/12/09,6333,6333,6282,6285,,
 2011/12/12,6268,6268,6154,6162,,
 2011/12/13,6141,6171,6107,6109,,
 2011/12/14,6111,6158,6082,6147,,
 2011/12/15,6055,6164,6053,6164,,
 2011/12/16,6153,6221,6133,6221,,
 2011/12/19,6231,6231,6173,6202,,
 2011/12/20,6202,6209,6141,6157,,
 2011/12/21,6190,6195,6100,6105,,
 2011/12/22,6083,6171,6083,6169,,
 2011/12/23,6173,6212,6142,6178,,
 2011/12/26,6190,6190,6109,6118,,
 2011/12/27,6118,6142,6111,6122,,
 2011/12/28,6133,6133,6083,6085,,
 2011/12/29,6044,6082,6025,6037,,
 2011/12/30,6070,6070,5906,5942,,
 2012/01/04,6029,6079,6003,6045,,
 2012/01/05,6088,6319,6087,6278,,
 2012/01/06,6208,6241,6189,6234,,
 2012/01/09,6217,6295,6217,6253,,
 2012/01/10,6264,6411,6251,6398,,
 2012/01/11,6397,6404,6367,6390,,
 2012/01/12,6419,6453,6374,6441,,
 2012/01/13,6420,6432,6373,6425,,
 2012/01/16,6417,6450,6387,6442,,
 2012/01/17,6446,6493,6389,6463,,
 2012/01/18,6438,6488,6434,6469,,
 2012/01/19,6476,6488,6466,6485,,
 2012/01/20,6510,6600,6488,6595,,
 2012/01/30,6521,6547,6501,6529,,
 2012/01/31,6505,6564,6485,6542,,
 2012/02/01,6528,6540,6504,6516,,
 2012/02/02,6524,6561,6510,6532,,
 2012/02/03,6525,6546,6511,6536,,
 2012/02/06,6550,6584,6544,6572,,
 2012/02/07,6594,6603,6554,6571,,
 2012/02/08,6574,6614,6553,6614,,
 2012/02/09,6623,6671,6607,6626,,
 2012/02/10,6613,6642,6610,6629,,
 2012/02/13,6640,6659,6630,6640,,
 2012/02/14,6624,6650,6599,6608,,
 2012/02/15,6599,6617,6590,6609,,
 2012/02/16,6614,6623,6549,6563,,
 2012/02/17,6590,6595,6564,6587,,
 2012/02/20,6625,6630,6605,6609,,
 2012/02/21,6614,6628,6578,6623,,
 2012/02/22,6663,6664,6625,6626,,
 2012/02/23,6636,6643,6600,6616,,
 2012/02/24,6613,6639,6607,6620,,
 2012/02/27,6632,6686,6628,6664,,
 2012/02/28,6682,6689,6655,6667,,
 2012/02/29,6655,6659,6635,6656,,
 2012/03/01,6632,6638,6616,6625,,
 2012/03/02,6630,6639,6624,6633,,
 2012/03/05,6632,6633,6589,6603,,
 2012/03/06,6594,6604,6576,6596,,
 2012/03/07,6563,6581,6561,6577,,
 2012/03/08,6576,6603,6567,6573,,
 2012/03/09,6583,6612,6576,6610,,
 2012/03/12,6591,6600,6589,6596,,
 2012/03/13,6600,6640,6600,6626,,
 2012/03/14,6638,6642,6592,6603,,
 2012/03/15,6604,6651,6604,6634,,
 2012/03/16,6683,6693,6642,6645,,
 2012/03/19,6650,6653,6633,6634,,
 2012/03/20,6646,6660,6628,6640,,
 2012/03/21,6627,6632,6586,6590,,
 2012/03/22,6591,6601,6578,6595,,
 2012/03/23,6612,6621,6601,6616,,
 2012/03/26,6604,6637,6604,6613,,
 2012/03/27,6599,6610,6577,6606,,
 2012/03/28,6607,6628,6593,6625,,
 2012/03/29,6621,6635,6601,6632,,
 2012/03/30,6640,6644,6618,6629,,
 2012/04/05,6613,6677,6613,6666,,
 2012/04/06,6670,6681,6647,6680,,
 2012/04/09,6691,6822,6687,6795,,
 2012/04/10,6778,6803,6770,6801,,
 2012/04/11,6756,6784,6732,6773,,
 2012/04/12,6786,6841,6750,6756,,
 2012/04/13,6776,6788,6749,6751,,
 2012/04/16,6711,6722,6684,6703,,
 2012/04/17,6683,6683,6649,6663,,
 2012/04/18,6686,6686,6627,6655,,
 2012/04/19,6614,6626,6596,6615,,
 2012/04/20,6601,6621,6583,6617,,
 2012/04/23,6607,6617,6544,6562,,
 2012/04/24,6569,6575,6514,6522,,
 2012/04/25,6531,6564,6524,6563,,
 2012/04/26,6565,6576,6535,6536,,
 2012/04/27,6509,6511,6473,6473,,
 2012/05/02,6472,6493,6441,6464,,
 2012/05/03,6427,6463,6427,6461,,
 2012/05/04,6468,6482,6458,6478,,
 2012/05/07,6470,6488,6456,6466,,
 2012/05/08,6478,6483,6412,6423,,
 2012/05/09,6387,6393,6362,6362,,
 2012/05/10,6379,6388,6340,6344,,
 2012/05/11,6338,6341,6240,6245,,
 2012/05/14,6251,6275,6173,6181,,
 2012/05/15,6196,6247,6190,6246,,
 2012/05/16,6232,6239,6102,6109,,
 2012/05/17,6172,6225,6155,6214,,
 2012/05/18,6197,6223,6134,6186,,
 2012/05/21,6189,6241,6158,6218,,
 2012/05/22,6201,6212,6170,6184,,
 2012/05/23,6100,6117,6025,6070,,
 2012/05/24,6075,6124,6059,6121,,
 2012/05/25,6120,6126,6055,6097,,
 2012/05/28,6102,6110,6060,6067,,
 2012/05/29,6054,6111,6022,6106,,
 2012/05/30,6070,6136,6059,6097,,
 2012/05/31,6062,6123,6062,6102,,
 2012/06/01,6094,6114,5991,5995,,
 2012/06/04,5964,5973,5882,5908,,
 2012/06/05,5924,5974,5915,5970,,
 2012/06/06,5965,5974,5885,5887,,
 2012/06/07,5984,6024,5959,5981,,
 2012/06/08,5953,5967,5858,5887,,
 2012/06/11,5941,5968,5876,5939,,
 2012/06/12,5919,5933,5865,5882,,
 2012/06/13,5860,5863,5704,5759,,
 2012/06/14,5730,5793,5713,5746,,
 2012/06/15,5761,5779,5732,5762,,
 2012/06/18,5838,5841,5713,5717,,
 2012/06/19,5717,5740,5673,5714,,
 2012/06/20,5781,5787,5749,5766,,
 2012/06/21,5740,5796,5735,5760,,
 2012/06/25,5674,5751,5674,5732,,
 2012/06/26,5745,5829,5743,5808,,
 2012/06/27,5825,5842,5784,5790,,
 2012/06/28,5836,5847,5814,5821,,
 2012/06/29,5809,5809,5753,5798,,
 2012/07/02,5844,5845,5765,5786,,
 2012/07/03,5797,5880,5789,5872,,
 2012/07/04,5889,5940,5886,5930,,
 2012/07/05,5926,5980,5906,5979,,
 2012/07/06,5958,5964,5917,5931,,
 2012/07/09,5931,5952,5864,5921,,
 2012/07/10,5936,5955,5903,5905,,
 2012/07/11,5892,5931,5885,5894,,
 2012/07/12,5918,5969,5899,5918,,
 2012/07/13,5897,5922,5892,5910,,
 2012/07/16,5924,5957,5858,5858,,
 2012/07/17,5869,5878,5751,5752,,
 2012/07/18,5765,5772,5704,5743,,
 2012/07/19,5765,5765,5715,5735,,
 2012/07/20,5750,5765,5679,5693,,
 2012/07/23,5708,5769,5637,5647,,
 2012/07/24,5609,5634,5548,5576,,
 2012/07/25,5550,5598,5548,5573,,
 2012/07/26,5575,5586,5437,5446,,
 2012/07/27,5410,5434,5383,5427,,
 2012/07/30,5439,5452,5353,5367,,
 2012/07/31,5377,5409,5348,5408,,
 2012/08/01,5390,5472,5387,5470,,
 2012/08/02,5470,5476,5360,5380,,
 2012/08/03,5354,5421,5350,5414,,
 2012/08/06,5428,5449,5393,5446,,
 2012/08/07,5438,5451,5399,5415,,
 2012/08/08,5393,5439,5384,5421,,
 2012/08/09,5412,5528,5409,5527,,
 2012/08/10,5526,5555,5486,5501,,
 2012/08/13,5499,5509,5421,5430,,
 2012/08/14,5416,5416,5351,5376,,
 2012/08/15,5391,5589,5364,5589,,
 2012/08/16,5645,5659,5564,5576,,
 2012/08/17,5576,5576,5485,5517,,
 2012/08/20,5519,5546,5496,5543,,
 2012/08/21,5551,5645,5534,5589,,
 2012/08/22,5557,5577,5517,5518,,
 2012/08/23,5536,5569,5352,5425,,
 2012/08/24,5410,5419,5349,5393,,
 2012/08/27,5389,5448,5369,5426,,
 2012/08/28,5411,5415,5310,5315,,
 2012/08/29,5330,5349,5211,5287,,
 2012/08/30,5267,5482,5235,5389,,
 2012/08/31,5368,5402,5346,5389,,
 2012/09/03,5384,5426,5373,5393,,
 2012/09/04,5375,5412,5312,5328,,
 2012/09/05,5292,5325,5255,5307,,
 2012/09/06,5286,5369,5272,5322,,
 2012/09/07,5304,5352,5277,5329,,
 2012/09/10,5354,5425,5351,5414,,
 2012/09/11,5407,5444,5391,5411,,
 2012/09/12,5426,5494,5406,5430,,
 2012/09/13,5438,5447,5266,5353,,
 2012/09/14,5393,5450,5371,5418,,
 2012/09/17,5419,5448,5393,5409,,
 2012/09/18,5395,5499,5382,5423,,
 2012/09/19,5395,5418,5368,5375,,
 2012/09/20,5364,5435,5361,5417,,
 2012/09/21,5427,5442,5286,5294,,
 2012/09/24,5293,5293,5165,5168,,
 2012/09/25,5171,5186,5123,5158,,
 2012/09/26,5172,5189,5114,5158,,
 2012/09/27,5137,5227,5121,5187,,
 2012/09/28,5188,5205,5168,5185,,
 2012/10/08,5250,5276,5206,5225,,
 2012/10/09,5229,5288,5228,5277,,
 2012/10/10,5263,5309,5241,5294,,
 2012/10/11,5273,5340,5270,5334,,
 2012/10/12,5312,5326,5276,5305,,
 2012/10/15,5292,5346,5268,5328,,
 2012/10/16,5336,5362,5333,5348,,
 2012/10/17,5358,5413,5357,5412,,
 2012/10/18,5408,5447,5355,5357,,
 2012/10/19,5344,5353,5306,5309,,
 2012/10/22,5334,5357,5287,5356,,
 2012/10/23,5346,5379,5311,5319,,
 2012/10/24,5312,5339,5303,5335,,
 2012/10/25,5348,5348,5316,5332,,
 2012/10/26,5324,5334,5203,5206,,
 2012/10/29,5192,5249,5191,5226,,
 2012/10/30,5239,5281,5232,5257,,
 2012/10/31,5268,5273,5201,5260,,
 2012/11/01,5261,5288,5240,5272,,
 2012/11/02,5267,5291,5215,5217,,
 2012/11/05,5202,5273,5202,5264,,
 2012/11/06,5276,5319,5264,5307,,
 2012/11/07,5328,5334,5272,5293,,
 2012/11/08,5251,5288,5235,5280,,
 2012/11/09,5281,5302,5269,5275,,
 2012/11/12,5295,5312,5215,5257,,
 2012/11/13,5269,5278,5242,5261,,
 2012/11/14,5269,5417,5239,5402,,
 2012/11/15,5387,5401,5371,5380,,
 2012/11/16,5370,5388,5341,5362,,
 2012/11/19,5388,5424,5365,5377,,
 2012/11/20,5412,5423,5372,5384,,
 2012/11/21,5384,5396,5375,5390,,
 2012/11/22,5387,5409,5384,5395,,
 2012/11/23,5394,5395,5360,5386,,
 2012/11/26,5372,5402,5359,5380,,
 2012/11/27,5377,5381,5327,5339,,
 2012/11/28,5341,5359,5316,5323,,
 2012/11/29,5321,5324,5282,5299,,
 2012/11/30,5316,5382,5291,5369,,
 2012/12/03,5358,5464,5358,5422,,
 2012/12/04,5419,5434,5400,5409,,
 2012/12/05,5391,5435,5391,5400,,
 2012/12/06,5396,5431,5392,5413,,
 2012/12/07,5392,5405,5368,5400,,
 2012/12/10,5396,5471,5392,5454,,
 2012/12/11,5429,5468,5427,5454,,
 2012/12/12,5468,5475,5429,5442,,
 2012/12/13,5430,5443,5415,5429,,
 2012/12/14,5449,5469,5391,5442,,
 2012/12/17,5455,5534,5454,5518,,
 2012/12/18,5533,5552,5481,5501,,
 2012/12/19,5514,5523,5483,5508,,
 2012/12/20,5493,5513,5470,5511,,
 2012/12/21,5519,5537,5486,5498,,
 2012/12/24,5498,5521,5490,5506,,
 2012/12/25,5544,5544,5455,5458,,
 2012/12/26,5462,5511,5456,5506,,
 2012/12/27,5513,5542,5499,5520,,
 2012/12/28,5535,5567,5519,5536,,
 2012/12/31,5538,5569,5536,5553,,
 2013/01/04,5543,5592,5541,5578,,
 2013/01/07,5627,5688,5617,5663,,
 2013/01/08,5688,5710,5659,5698,,
 2013/01/09,5685,5687,5632,5636,,
 2013/01/10,5672,5672,5639,5645,,
 2013/01/11,5654,5654,5570,5579,,
 2013/01/14,5583,5600,5560,5579,,
 2013/01/15,5570,5572,5513,5542,,
 2013/01/16,5530,5576,5530,5551,,
 2013/01/17,5550,5552,5508,5514,,
 2013/01/18,5524,5547,5514,5541,,
 2013/01/21,5534,5538,5457,5464,,
 2013/01/22,5466,5482,5425,5469,,
 2013/01/23,5444,5450,5408,5410,,
 2013/01/24,5430,5446,5421,5428,,
 2013/01/25,5422,5437,5397,5400,,
 2013/01/28,5381,5382,5319,5327,,
 2013/01/29,5340,5352,5332,5335,,
 2013/01/30,5325,5401,5319,5367,,
 2013/01/31,5394,5433,5384,5426,,
 2013/02/01,5432,5467,5431,5459,,
 2013/02/04,5463,5473,5434,5446,,
 2013/02/05,5439,5444,5404,5415,,
 2013/02/06,5407,5453,5405,5433,,
 2013/02/07,5407,5407,5329,5361,,
 2013/02/08,5365,5384,5355,5360,,
 2013/02/18,5337,5353,5304,5340,,
 2013/02/19,5342,5372,5335,5370,,
 2013/02/20,5376,5392,5361,5362,,
 2013/02/21,5367,5416,5341,5403,,
 2013/02/22,5395,5477,5386,5467,,
 2013/02/25,5457,5491,5424,5442,,
 2013/02/26,5428,5449,5360,5361,,
 2013/02/27,5380,5402,5373,5385,,
 2013/02/28,5401,5427,5391,5421,,
 2013/03/01,5436,5442,5397,5429,,
 2013/03/04,5419,5421,5369,5381,,
 2013/03/05,5394,5431,5393,5431,,
 2013/03/06,5426,5449,5402,5413,,
 2013/03/07,5414,5423,5371,5378,,
 2013/03/08,5437,5439,5411,5426,,
 2013/03/11,5419,5446,5418,5427,,
 2013/03/12,5439,5442,5403,5406,,
 2013/03/13,5403,5435,5401,5427,,
 2013/03/14,5422,5432,5343,5392,,
 2013/03/15,5406,5429,5387,5418,,
 2013/03/18,5406,5476,5370,5443,,
 2013/03/19,5393,5458,5393,5458,,
 2013/03/20,5453,5526,5445,5522,,
 2013/03/21,5516,5532,5502,5523,,
 2013/03/22,5509,5546,5480,5493,,
 2013/03/25,5488,5503,5471,5481,,
 2013/03/26,5461,5472,5430,5448,,
 2013/03/27,5438,5452,5427,5440,,
 2013/03/28,5449,5450,5400,5409,,
 2013/03/29,5370,5398,5358,5378,,
 2013/04/01,5375,5375,5302,5334,,
 2013/04/02,5325,5348,5325,5336,,
 2013/04/03,5321,5371,5308,5361,,
 2013/04/08,5358,5404,5348,5404,,
 2013/04/09,5385,5419,5385,5387,,
 2013/04/10,5391,5418,5377,5407,,
 2013/04/11,5411,5426,5383,5390,,
 2013/04/12,5390,5391,5353,5366,,
 2013/04/15,5358,5399,5333,5367,,
 2013/04/16,5329,5358,5299,5354,,
 2013/04/17,5380,5391,5337,5347,,
 2013/04/18,5327,5379,5322,5367,,
 2013/04/19,5360,5364,5300,5306,,
 2013/04/22,5315,5325,5188,5190,,
 2013/04/23,5190,5218,5118,5134,,
 2013/04/24,5134,5173,5097,5132,,
 2013/04/25,5107,5137,5079,5118,,
 2013/04/26,5154,5212,5142,5210,,
 2013/05/02,5174,5174,5100,5170,,
 2013/05/03,5175,5214,5143,5148,,
 2013/05/06,5172,5226,5147,5215,,
 2013/05/07,5220,5247,5200,5225,,
 2013/05/08,5213,5243,5205,5232,,
 2013/05/09,5214,5227,5180,5197,,
 2013/05/10,5203,5231,5194,5219,,
 2013/05/13,5211,5256,5199,5234,,
 2013/05/14,5215,5230,5211,5222,,
 2013/05/15,5196,5200,5155,5156,,
 2013/05/16,5147,5180,5139,5161,,
 2013/05/17,5146,5181,5127,5166,,
 2013/05/20,5168,5185,5130,5136,,
 2013/05/21,5136,5152,5120,5138,,
 2013/05/22,5150,5154,5135,5143,,
 2013/05/23,5087,5121,5073,5077,,
 2013/05/24,5089,5106,5081,5082,,
 2013/05/27,5071,5086,5053,5077,,
 2013/05/28,5089,5122,5080,5113,,
 2013/05/29,5104,5110,5012,5016,,
 2013/05/30,5026,5033,4974,5025,,
 2013/05/31,5024,5049,5010,5012,,
 2013/06/03,5010,5047,4991,5025,,
 2013/06/04,5014,5036,5005,5023,,
 2013/06/05,5024,5063,5014,5054,,
 2013/06/06,5043,5056,5016,5025,,
 2013/06/07,5036,5094,5033,5072,,
 2013/06/13,5057,5057,4995,5007,,
 2013/06/14,5016,5034,5010,5024,,
 2013/06/17,5053,5139,5053,5130,,
 2013/06/18,5128,5141,5112,5115,,
 2013/06/19,5112,5121,5089,5118,,
 2013/06/20,5115,5146,5080,5089,,
 2013/06/21,5087,5087,5023,5051,,
 2013/06/24,5064,5082,5028,5039,,
 2013/06/25,5059,5090,5046,5083,,
 2013/06/26,5081,5102,5061,5071,,
 2013/06/27,5078,5085,5029,5063,,
 2013/06/28,5053,5053,5036,5047,,
 2013/07/01,5042,5101,5036,5091,,
 2013/07/02,5085,5108,5076,5105,,
 2013/07/03,5098,5123,5087,5093,,
 2013/07/04,5090,5090,4984,4994,,
 2013/07/05,5012,5012,4979,4987,,
 2013/07/08,4993,4993,4940,4948,,
 2013/07/09,4961,4985,4950,4972,,
 2013/07/10,4970,4981,4948,4966,,
 2013/07/11,4960,5005,4960,4979,,
 2013/07/12,4980,4980,4939,4944,,
 2013/07/15,4947,4973,4934,4947,,
 2013/07/16,4951,4954,4880,4888,,
 2013/07/17,4892,4906,4866,4891,,
 2013/07/18,4889,4911,4889,4910,,
 2013/07/19,4902,4922,4899,4901,,
 2013/07/22,4910,4957,4892,4954,,
 2013/07/23,4934,4971,4934,4944,,
 2013/07/24,4938,4943,4930,4938,,
 2013/07/25,4925,4941,4913,4940,,
 2013/07/26,4946,4954,4917,4921,,
 2013/07/29,4935,4935,4887,4917,,
 2013/07/30,4919,4973,4919,4956,,
 2013/07/31,4964,4972,4932,4940,,
 2013/08/01,4954,4980,4943,4979,,
 2013/08/02,4966,4976,4951,4967,,
 2013/08/05,4966,4999,4966,4988,,
 2013/08/06,4988,4988,4967,4976,,
 2013/08/07,4970,4973,4947,4951,,
 2013/08/08,4956,4996,4956,4985,,
 2013/08/09,4987,4995,4981,4989,,
 2013/08/12,4990,5056,4990,5052,,
 2013/08/13,5031,5075,5031,5065,,
 2013/08/14,5068,5077,5031,5033,,
 2013/08/15,5050,5076,5040,5065,,
 2013/08/16,5062,5102,5062,5091,,
 2013/08/19,5078,5078,5033,5036,,
 2013/08/20,5050,5050,4995,5025,,
 2013/08/21,5016,5044,4997,5002,,
 2013/08/22,5018,5018,4948,4950,,
 2013/08/23,4956,4960,4923,4924,,
 2013/08/26,4953,5032,4953,5030,,
 2013/08/27,5009,5040,5004,5013,,
 2013/08/28,5010,5064,5003,5017,,
 2013/08/29,5034,5053,4977,5025,,
 2013/08/30,5017,5023,4971,4980,,
 2013/09/02,4991,4999,4972,4973,,
 2013/09/03,4978,5021,4969,5007,,
 2013/09/04,5010,5021,4984,5021,,
 2013/09/05,5008,5042,4996,5022,,
 2013/09/06,5037,5137,5036,5136,,
 2013/09/09,5091,5153,5091,5141,,
 2013/09/10,5148,5157,5106,5127,,
 2013/09/11,5148,5183,5122,5127,,
 2013/09/12,5134,5142,5101,5117,,
 2013/09/13,5127,5134,5104,5120,,
 2013/09/16,5111,5170,5051,5056,,
 2013/09/17,5071,5071,5039,5046,,
 2013/09/18,5040,5055,5022,5024,,
 2013/09/23,5053,5065,5033,5035,,
 2013/09/24,5051,5080,5048,5064,,
 2013/09/25,5076,5106,5076,5097,,
 2013/09/26,5115,5139,5104,5108,,
 2013/09/27,5114,5114,5066,5079,,
 2013/09/30,5055,5097,5034,5062,,
 2013/10/08,5116,5146,5114,5128,,
 2013/10/09,5129,5136,5092,5113,,
 2013/10/10,5112,5202,5107,5200,,
 2013/10/11,5192,5225,5192,5214,,
 2013/10/14,5221,5231,5195,5209,,
 2013/10/15,5221,5265,5221,5249,,
 2013/10/16,5228,5228,5203,5213,,
 2013/10/17,5236,5256,5202,5214,,
 2013/10/18,5225,5225,5177,5204,,
 2013/10/21,5230,5278,5230,5272,,
 2013/10/22,5258,5270,5234,5236,,
 2013/10/23,5245,5252,5198,5199,,
 2013/10/24,5206,5238,5190,5215,,
 2013/10/25,5208,5208,5156,5170,,
 2013/10/28,5175,5212,5166,5167,,
 2013/10/29,5165,5177,5150,5167,,
 2013/10/30,5150,5180,5137,5168,,
 2013/10/31,5164,5201,5152,5184,,
 2013/11/01,5183,5200,5153,5196,,
 2013/11/04,5176,5199,5175,5188,,
 2013/11/05,5192,5223,5189,5216,,
 2013/11/06,5207,5209,5193,5206,,
 2013/11/07,5195,5198,5181,5193,,
 2013/11/08,5189,5198,5178,5186,,
 2013/11/11,5193,5194,5164,5174,,
 2013/11/12,5182,5182,5151,5159,,
 2013/11/13,5159,5173,5142,5166,,
 2013/11/14,5159,5175,5156,5172,,
 2013/11/15,5163,5166,5098,5103,,
 2013/11/18,5125,5125,5066,5067,,
 2013/11/19,5082,5084,5065,5075,,
 2013/11/20,5073,5091,5049,5082,,
 2013/11/21,5073,5090,5067,5067,,
 2013/11/22,5075,5075,5038,5040,,
 2013/11/25,5050,5050,5016,5023,,
 2013/11/26,5023,5032,5012,5018,,
 2013/11/27,5023,5046,5021,5038,,
 2013/11/28,5035,5054,5021,5048,,
 2013/11/29,5039,5058,5032,5035,,
 2013/12/02,5043,5043,4988,4991,,
 2013/12/03,4996,4996,4976,4982,,
 2013/12/04,4983,4990,4966,4981,,
 2013/12/05,4977,4983,4968,4978,,
 2013/12/06,4978,4994,4968,4973,,
 2013/12/09,4976,4976,4924,4928,,
 2013/12/10,4938,4938,4909,4912,,
 2013/12/11,4919,4933,4919,4923,,
 2013/12/12,4926,4926,4890,4897,,
 2013/12/13,4896,4896,4866,4892,,
 2013/12/16,4885,4916,4885,4897,,
 2013/12/17,4906,4906,4885,4893,,
 2013/12/18,4893,4895,4844,4894,,
 2013/12/19,4864,4907,4864,4891,,
 2013/12/20,4912,4932,4907,4911,,
 2013/12/23,4920,4930,4892,4897,,
 2013/12/24,4887,4894,4871,4883,,
 2013/12/25,4881,4890,4857,4867,,
 2013/12/26,4869,4909,4861,4899,,
 2013/12/27,4901,4910,4868,4873,,
 2013/12/30,4878,4883,4837,4840,,
 2013/12/31,4837,4837,4795,4804,,
 2014/01/02,4801,4817,4800,4808,,
 2014/01/03,4808,4808,4773,4783,,
 2014/01/06,4766,4766,4667,4673,,
 2014/01/07,4683,4694,4633,4635,,
 2014/01/08,4644,4644,4575,4582,,
 2014/01/09,4556,4574,4518,4566,,
 2014/01/10,4548,4573,4538,4568,,
 2014/01/13,4572,4582,4552,4571,,
 2014/01/14,4575,4621,4574,4590,,
 2014/01/15,4582,4587,4553,4558,,
 2014/01/16,4546,4546,4479,4486,,
 2014/01/17,4510,4533,4496,4500,,
 2014/01/20,4488,4539,4465,4537,,
 2014/01/21,4521,4536,4485,4486,,
 2014/01/22,4491,4520,4480,4504,,
 2014/01/23,4488,4496,4475,4483,,
 2014/01/24,4488,4507,4486,4496,,
 2014/01/27,4499,4508,4479,4489,,
 2014/01/28,4471,4471,4378,4396,,
 2014/01/29,4434,4445,4419,4436,,
 2014/01/30,4417,4419,4393,4405,,
 2014/02/07,4471,4525,4471,4510,,
 2014/02/10,4495,4579,4490,4561,,
 2014/02/11,4539,4553,4531,4546,,
 2014/02/12,4534,4565,4522,4550,,
 2014/02/13,4567,4628,4567,4616,,
 2014/02/14,4608,4643,4599,4608,,
 2014/02/17,4609,4625,4558,4563,,
 2014/02/18,4579,4604,4558,4588,,
 2014/02/19,4619,4663,4610,4612,,
 2014/02/20,4635,4656,4631,4643,,
 2014/02/21,4641,4721,4637,4715,,
 2014/02/24,4715,4750,4702,4735,,
 2014/02/25,4741,4801,4741,4773,,
 2014/02/26,4770,4770,4677,4722,,
 2014/02/27,4715,4741,4701,4716,,
 2014/02/28,4731,4760,4684,4693,,
 2014/03/03,4709,4735,4663,4723,,
 2014/03/04,4714,4730,4707,4724,,
 2014/03/05,4723,4747,4707,4723,,
 2014/03/06,4729,4864,4729,4862,,
 2014/03/07,4826,4919,4826,4907,,
 2014/03/10,4886,4886,4810,4846,,
 2014/03/11,4845,4940,4845,4932,,
 2014/03/12,4913,4924,4868,4904,,
 2014/03/13,4895,4895,4851,4876,,
 2014/03/14,4871,4901,4790,4819,,
 2014/03/17,4839,4839,4739,4744,,
 2014/03/18,4755,4775,4718,4732,,
 2014/03/19,4749,4772,4729,4769,,
 2014/03/20,4752,4792,4717,4724,,
 2014/03/21,4753,4754,4701,4730,,
 2014/03/24,4729,4729,4647,4662,,
 2014/03/25,4673,4694,4659,4668,,
 2014/03/26,4676,4706,4664,4671,,
 2014/03/27,4693,4879,4693,4877,,
 2014/03/28,4820,4949,4820,4949,,
 2014/03/31,4923,4941,4890,4904,,
 2014/04/01,4917,5016,4887,4973,,
 2014/04/02,4943,4943,4807,4830,,
 2014/04/03,4844,4863,4824,4861,,
 2014/04/04,4848,4884,4840,4849,,
 2014/04/08,4854,4854,4785,4826,,
 2014/04/09,4811,4904,4811,4885,,
 2014/04/10,4875,4906,4853,4862,,
 2014/04/11,4876,4878,4820,4861,,
 2014/04/14,4853,4925,4829,4913,,
 2014/04/15,4889,4903,4862,4895,,
 2014/04/16,4883,4956,4883,4932,,
 2014/04/17,4937,4960,4896,4924,,
 2014/04/18,4929,4962,4872,4957,,
 2014/04/21,4942,4964,4911,4913,,
 2014/04/22,4920,4932,4888,4918,,
 2014/04/23,4911,4949,4900,4936,,
 2014/04/24,4929,5001,4929,4955,,
 2014/04/25,4980,4980,4925,4941,,
 2014/04/28,4942,4970,4910,4964,,
 2014/04/29,4939,4953,4930,4939,,
 2014/04/30,4943,4976,4939,4949,,
 2014/05/05,4935,4953,4881,4883,,
 2014/05/06,4896,4896,4814,4824,,
 2014/05/07,4820,4842,4798,4839,,
 2014/05/08,4840,4861,4821,4830,,
 2014/05/09,4835,4844,4792,4823,,
 2014/05/12,4815,4867,4813,4833,,
 2014/05/13,4844,4872,4836,4865,,
 2014/05/14,4911,4997,4911,4994,,
 2014/05/15,5018,5040,4974,4976,,
 2014/05/16,4995,4995,4965,4995,,
 2014/05/19,4977,5056,4969,5046,,
 2014/05/20,5028,5072,5002,5061,,
 2014/05/21,5036,5048,5012,5032,,
 2014/05/22,5027,5051,4978,4987,,
 2014/05/23,4998,4998,4930,4966,,
 2014/05/26,4960,5004,4960,4995,,
 2014/05/27,4991,4999,4943,4975,,
 2014/05/28,4949,4975,4925,4973,,
 2014/05/29,4960,5003,4960,4982,,
 2014/05/30,5002,5020,4996,5017,,
 2014/06/03,5002,5002,4962,4976,,
 2014/06/04,4980,4986,4938,4943,,
 2014/06/05,4941,4971,4920,4960,,
 2014/06/06,4933,4945,4912,4913,,
 2014/06/09,4928,4930,4890,4910,,
 2014/06/10,4919,4919,4871,4872,,
 2014/06/11,4887,4899,4836,4844,,
 2014/06/12,4854,4854,4785,4792,,
 2014/06/13,4796,4821,4777,4808,,
 2014/06/16,4822,4873,4822,4846,,
 2014/06/17,4854,4855,4820,4827,,
 2014/06/18,4830,4911,4813,4910,,
 2014/06/19,4906,4958,4906,4925,,
 2014/06/20,4954,4978,4930,4952,,
 2014/06/23,4954,5023,4953,4981,,
 2014/06/24,4984,4984,4933,4938,,
 2014/06/25,4950,4980,4947,4977,,
 2014/06/26,4971,4997,4958,4996,,
 2014/06/27,4983,5009,4946,4951,,
 2014/06/30,4956,4956,4874,4877,,
 2014/07/01,4879,4903,4850,4883,,
 2014/07/02,4880,4901,4875,4901,,
 2014/07/03,4900,4906,4858,4881,,
 2014/07/04,4878,4896,4866,4890,,
 2014/07/07,4878,4890,4747,4754,,
 2014/07/08,4793,4793,4751,4776,,
 2014/07/09,4777,4803,4736,4793,,
 2014/07/10,4776,4793,4751,4777,,
 2014/07/11,4776,4777,4723,4723,,
 2014/07/14,4747,4754,4711,4742,,
 2014/07/15,4736,4762,4736,4748,,
 2014/07/16,4754,4766,4732,4758,,
 2014/07/17,4751,4768,4738,4752,,
 2014/07/18,4752,4796,4729,4783,,
 2014/07/21,4777,4827,4768,4777,,
 2014/07/22,4793,4851,4792,4844,,
 2014/07/23,4823,4830,4800,4826,,
 2014/07/24,4815,4815,4762,4769,,
 2014/07/25,4786,4793,4746,4753,,
 2014/07/28,4766,4805,4723,4804,,
 2014/07/29,4775,4810,4769,4796,,
 2014/07/30,4787,4787,4739,4749,,
 2014/07/31,4756,4769,4750,4757,,
 2014/08/01,4758,4758,4699,4713,,
 2014/08/04,4718,4772,4713,4767,,
 2014/08/05,4746,4746,4715,4721,,
 2014/08/06,4723,4723,4685,4705,,
 2014/08/07,4704,4741,4704,4718,,
 2014/08/08,4726,4726,4683,4687,,
 2014/08/11,4690,4703,4669,4674,,
 2014/08/12,4684,4687,4619,4638,,
 2014/08/13,4651,4651,4581,4587,,
 2014/08/14,4601,4605,4557,4596,,
 2014/08/15,4584,4601,4543,4579,,
 2014/08/18,4577,4598,4567,4591,,
 2014/08/19,4585,4585,4513,4532,,
 2014/08/20,4534,4534,4474,4476,,
 2014/08/21,4491,4540,4484,4500,,
 2014/08/22,4508,4574,4508,4564,,
 2014/08/25,4553,4553,4476,4503,,
 2014/08/26,4479,4499,4462,4497,,
 2014/08/27,4483,4561,4483,4548,,
 2014/08/28,4525,4532,4500,4514,,
 2014/08/29,4514,4602,4489,4593,,
 2014/09/01,4571,4654,4563,4637,,
 2014/09/02,4628,4641,4613,4634,,
 2014/09/03,4644,4660,4595,4599,,
 2014/09/04,4591,4601,4563,4570,,
 2014/09/05,4534,4548,4477,4516,,
 2014/09/09,4503,4548,4489,4522,,
 2014/09/10,4510,4518,4428,4478,,
 2014/09/11,4452,4452,4415,4430,,
 2014/09/12,4423,4477,4412,4472,,
 2014/09/15,4424,4449,4402,4447,,
 2014/09/16,4446,4469,4418,4424,,
 2014/09/17,4433,4443,4413,4434,,
 2014/09/18,4459,4482,4450,4455,,
 2014/09/19,4437,4437,4335,4337,,
 2014/09/22,4340,4340,4220,4281,,
 2014/09/23,4293,4322,4269,4283,,
 2014/09/24,4292,4326,4277,4308,,
 2014/09/25,4343,4407,4330,4405,,
 2014/09/26,4403,4539,4400,4539,,
 2014/09/29,4634,4696,4571,4687,,
 2014/09/30,4674,4691,4636,4680,,
 2014/10/08,4702,4711,4595,4630,,
 2014/10/09,4624,4626,4568,4613,,
 2014/10/10,4559,4583,4543,4549,,
 2014/10/13,4537,4612,4536,4600,,
 2014/10/14,4600,4620,4572,4611,,
 2014/10/15,4624,4741,4606,4715,,
 2014/10/16,4663,4689,4649,4685,,
 2014/10/17,4706,4711,4606,4631,,
 2014/10/20,4627,4676,4621,4672,,
 2014/10/21,4675,4735,4651,4698,,
 2014/10/22,4672,4763,4671,4738,,
 2014/10/23,4722,4780,4714,4765,,
 2014/10/24,4724,4732,4696,4726,,
 2014/10/27,4739,4759,4672,4681,,
 2014/10/28,4651,4686,4631,4638,,
 2014/10/29,4668,4696,4640,4693,,
 2014/10/30,4716,4749,4694,4704,,
 2014/10/31,4702,4756,4672,4743,,
 2014/11/03,4707,4712,4653,4672,,
 2014/11/04,4647,4655,4607,4621,,
 2014/11/05,4583,4594,4549,4554,,
 2014/11/06,4542,4576,4533,4574,,
 2014/11/07,4560,4721,4556,4718,,
 2014/11/10,4715,4715,4666,4688,,
 2014/11/11,4668,4749,4656,4725,,
 2014/11/12,4795,4830,4792,4825,,
 2014/11/13,4804,4812,4759,4768,,
 2014/11/14,4740,4785,4737,4770,,
 2014/11/17,4782,4852,4720,4785,,
 2014/11/18,4768,4780,4729,4775,,
 2014/11/19,4752,4758,4668,4687,,
 2014/11/20,4695,4720,4681,4693,,
 2014/11/21,4715,4719,4671,4688,,
 2014/11/24,4686,4687,4628,4649,,
 2014/11/25,4646,4708,4642,4697,,
 2014/11/26,4692,4720,4669,4679,,
 2014/11/27,4696,4702,4658,4688,,
 2014/11/28,4670,4682,4608,4616,,
 2014/12/01,4555,4599,4550,4572,,
 2014/12/02,4626,4628,4577,4584,,
 2014/12/03,4521,4542,4502,4539,,
 2014/12/04,4531,4582,4526,4553,,
 2014/12/05,4551,4606,4551,4565,,
 2014/12/08,4574,4595,4528,4537,,
 2014/12/09,4559,4570,4490,4568,,
 2014/12/10,4544,4715,4544,4715,,
 2014/12/11,4664,4736,4660,4676,,
 2014/12/12,4688,4695,4630,4635,,
 2014/12/15,4653,4677,4607,4657,,
 2014/12/16,4672,4682,4611,4635,,
 2014/12/17,4612,4621,4554,4578,,
 2014/12/18,4570,4646,4570,4627,,
 2014/12/19,4656,4704,4569,4623,,
 2014/12/22,4603,4630,4576,4628,,
 2014/12/23,4634,4636,4583,4598,,
 2014/12/24,4600,4624,4581,4613,,
 2014/12/25,4599,4605,4562,4600,,
 2014/12/26,4601,4617,4591,4601,,
 2014/12/29,4604,4667,4590,4623,,
 2014/12/30,4616,4652,4608,4637,,
 2014/12/31,4639,4678,4620,4662,,
 2015/01/05,4630,4630,4578,4611,,
 2015/01/06,4598,4668,4595,4639,,
 2015/01/07,4649,4743,4645,4714,,
 2015/01/08,4715,4742,4713,4733,,
 2015/01/09,4724,4772,4721,4742,,
 2015/01/12,4746,4824,4734,4812,,
 2015/01/13,4793,4807,4759,4777,,
 2015/01/14,4787,4812,4720,4763,,
 2015/01/15,4784,4798,4749,4766,,
 2015/01/16,4776,4823,4765,4789,,
 2015/01/19,4777,4893,4770,4871,,
 2015/01/20,4865,4885,4854,4870,,
 2015/01/21,4884,5064,4875,5023,,
 2015/01/22,5033,5065,5006,5042,,
 2015/01/23,5041,5090,5012,5086,,
 2015/01/26,5069,5093,5008,5058,,
 2015/01/27,5067,5185,5055,5134,,
 2015/01/28,5110,5116,5013,5046,,
 2015/01/29,5053,5078,5030,5049,,
 2015/01/30,5012,5041,4968,4977,,
 2015/02/02,4970,5098,4965,5087,,
 2015/02/03,5095,5108,4998,5074,,
 2015/02/04,5097,5119,5067,5068,,
 2015/02/05,5088,5103,5038,5047,,
 2015/02/06,5063,5099,5024,5080,,
 2015/02/09,5066,5104,5044,5088,,
 2015/02/10,5103,5187,5085,5165,,
 2015/02/11,5159,5187,5148,5180,,
 2015/02/12,5177,5203,5150,5191,,
 2015/02/13,5190,5192,5132,5167,,
 2015/02/16,5155,5197,5134,5160,,
 2015/02/17,5151,5184,5132,5182,,
 2015/02/25,5148,5148,5046,5058,,
 2015/02/26,5059,5068,5007,5049,,
 2015/02/27,5064,5166,5055,5126,,
 2015/03/02,5127,5240,5127,5233,,
 2015/03/03,5239,5243,5190,5209,,
 2015/03/04,5208,5234,5177,5180,,
 2015/03/05,5177,5188,5103,5122,,
 2015/03/06,5139,5170,5095,5101,,
 2015/03/09,5108,5113,4936,4948,,
 2015/03/10,4948,5002,4939,4956,,
 2015/03/11,4940,4998,4935,4965,,
 2015/03/12,4976,5061,4974,5060,,
 2015/03/13,5061,5092,5039,5088,,
 2015/03/16,5058,5092,5025,5068,,
 2015/03/17,5083,5094,5060,5073,,
 2015/03/18,5062,5084,5003,5020,,
 2015/03/19,5016,5034,4977,5013,,
 2015/03/20,4998,5019,4965,5006,,
 2015/03/23,5000,5092,4992,5085,,
 2015/03/24,5083,5262,5079,5261,,
 2015/03/25,5271,5284,5192,5229,,
 2015/03/26,5242,5258,5198,5249,,
 2015/03/27,5235,5329,5198,5310,,
 2015/03/30,5333,5412,5301,5381,,
 2015/03/31,5388,5407,5326,5364,,
 2015/04/01,5360,5432,5340,5414,,
 2015/04/02,5422,5433,5395,5423,,
 2015/04/03,5426,5426,5325,5390,,
 2015/04/07,5366,5399,5345,5366,,
 2015/04/08,5361,5430,5318,5414,,
 2015/04/09,5414,5454,5370,5414,,
 2015/04/10,5402,5467,5366,5451,,
 2015/04/13,5449,5561,5417,5526,,
 2015/04/14,5527,5566,5520,5549,,
 2015/04/15,5535,5574,5523,5544,,
 2015/04/16,5534,5557,5495,5526,,
 2015/04/17,5536,5642,5512,5622,,
 2015/04/20,5603,5656,5601,5627,,
 2015/04/21,5608,5635,5587,5620,,
 2015/04/22,5631,5682,5593,5657,,
 2015/04/23,5669,5692,5462,5572,,
 2015/04/24,5603,5632,5575,5621,,
 2015/04/27,5621,5641,5580,5611,,
 2015/04/28,5613,5629,5557,5591,,
 2015/04/29,5593,5634,5580,5600,,
 2015/04/30,5588,5617,5557,5573,,
 2015/05/04,5574,5587,5548,5560,,
 2015/05/05,5552,5636,5550,5630,,
 2015/05/06,5651,5705,5641,5672,,
 2015/05/07,5667,5675,5627,5652,,
 2015/05/08,5657,5677,5594,5595,,
 2015/05/11,5607,5650,5584,5638,,
 2015/05/12,5641,5653,5582,5611,,
 2015/05/13,5612,5651,5601,5645,,
 2015/05/14,5664,5681,5588,5621,,
 2015/05/15,5622,5630,5547,5606,,
 2015/05/18,5602,5632,5589,5631,,
 2015/05/19,5631,5657,5600,5626,,
 2015/05/20,5619,5620,5497,5500,,
 2015/05/21,5508,5546,5492,5544,,
 2015/05/22,5536,5585,5531,5584,,
 2015/05/25,5574,5580,5524,5546,,
 2015/05/26,5544,5748,5542,5597,,
 2015/05/27,5528,5629,5526,5616,,
 2015/05/28,5607,5674,5599,5639,,
 2015/05/29,5648,5673,5608,5661,,
 2015/06/01,5663,5688,5648,5663,,
 2015/06/02,5664,5746,5663,5745,,
 2015/06/03,5762,5784,5711,5724,,
 2015/06/04,5726,5768,5705,5758,,
 2015/06/05,5770,5784,5706,5713,,
 2015/06/08,5707,5727,5702,5723,,
 2015/06/09,5739,5742,5689,5705,,
 2015/06/10,5714,5716,5675,5710,,
 2015/06/11,5712,5721,5691,5692,,
 2015/06/12,5693,5697,5636,5652,,
 2015/06/15,5651,5661,5544,5550,,
 2015/06/16,5543,5584,5455,5477,,
 2015/06/17,5484,5487,5369,5450,,
 2015/06/18,5463,5527,5439,5479,,
 2015/06/19,5471,5484,5400,5427,,
 2015/06/23,5454,5516,5454,5489,,
 2015/06/24,5486,5499,5439,5490,,
 2015/06/25,5497,5531,5490,5491,,
 2015/06/26,5487,5518,5460,5500,,
 2015/06/29,5515,5618,5496,5605,,
 2015/06/30,5605,5611,5529,5576,,
 2015/07/01,5585,5628,5572,5610,,
 2015/07/02,5602,5602,5544,5547,,
 2015/07/03,5561,5584,5515,5527,,
 2015/07/06,5529,5578,5487,5533,,
 2015/07/07,5541,5615,5513,5554,,
 2015/07/08,5530,5531,5346,5347,,
 2015/07/09,5037,5487,5037,5367,,
 2015/07/10,5396,5454,5360,5382,,
 2015/07/13,5385,5420,5353,5386,,
 2015/07/14,5389,5430,5370,5384,,
 2015/07/15,5395,5417,5349,5369,,
 2015/07/16,5348,5352,5268,5282,,
 2015/07/20,5309,5359,5304,5344,,
 2015/07/21,5325,5346,5281,5316,,
 2015/07/22,5314,5338,5286,5296,,
 2015/07/23,5293,5299,5193,5194,,
 2015/07/24,5184,5221,5177,5198,,
 2015/07/27,5188,5199,5101,5128,,
 2015/07/28,5125,5168,5111,5150,,
 2015/07/29,5161,5205,5152,5188,,
 2015/07/30,5201,5310,5185,5303,,
 2015/07/31,5296,5314,5274,5289,,
 2015/08/03,5291,5307,5182,5185,,
 2015/08/04,5156,5223,5146,5212,,
 2015/08/05,5213,5241,5187,5225,,
 2015/08/06,5224,5233,5102,5105,,
 2015/08/07,5088,5119,4960,5053,,
 2015/08/10,5041,5054,4972,4995,,
 2015/08/11,4995,5148,4990,5108,,
 2015/08/12,5092,5124,5072,5117,,
 2015/08/13,5130,5299,5091,5293,,
 2015/08/14,5267,5292,5238,5270,,
 2015/08/17,5278,5366,5272,5357,,
 2015/08/18,5350,5356,5308,5312,,
 2015/08/19,5299,5339,5232,5320,,
 2015/08/20,5312,5345,5254,5275,,
 2015/08/21,5271,5295,5247,5280,,
 2015/08/24,5263,5264,5065,5065,,
 2015/08/25,5072,5132,5015,5090,,
 2015/08/26,5164,5182,5100,5100,,
 2015/08/27,5083,5175,5064,5157,,
 2015/08/28,5177,5321,5167,5242,,
 2015/08/31,5212,5235,5173,5195,,
 2015/09/01,5161,5187,5108,5109,,
 2015/09/02,5128,5177,5099,5138,,
 2015/09/07,5172,5258,5172,5217,,
 2015/09/08,5223,5281,5199,5253,,
 2015/09/09,5257,5310,5253,5258,,
 2015/09/10,5256,5490,5256,5457,,
 2015/09/11,5442,5481,5414,5460,,
 2015/09/14,5481,5513,5433,5458,,
 2015/09/15,5467,5486,5400,5432,,
 2015/09/16,5420,5469,5393,5454,,
 2015/09/17,5440,5477,5431,5451,,
 2015/09/18,5443,5455,5372,5392,,
 2015/09/21,5367,5444,5337,5443,,
 2015/09/22,5433,5504,5429,5452,,
 2015/09/23,5438,5495,5418,5493,,
 2015/09/24,5504,5558,5495,5552,,
 2015/09/25,5546,5579,5513,5525,,
 2015/09/28,5541,5572,5523,5571,,
 2015/09/29,5569,5570,5489,5512,,
 2015/09/30,5517,5588,5495,5582,,
 2015/10/08,5660,5753,5622,5627,,
 2015/10/09,5628,5664,5607,5648,,
 2015/10/12,5668,5681,5601,5622,,
 2015/10/13,5622,5644,5594,5627,,
 2015/10/14,5614,5650,5586,5627,,
 2015/10/15,5641,5670,5617,5647,,
 2015/10/16,5640,5646,5559,5573,,
 2015/10/19,5571,5588,5529,5544,,
 2015/10/20,5526,5584,5524,5583,,
 2015/10/21,5581,5601,5539,5599,,
 2015/10/22,5593,5633,5579,5593,,
 2015/10/23,5602,5602,5560,5589,,
 2015/10/26,5594,5594,5523,5525,,
 2015/10/27,5533,5554,5486,5548,,
 2015/10/28,5550,5584,5532,5557,,
 2015/10/29,5562,5585,5524,5528,,
 2015/10/30,5524,5535,5489,5492,,
 2015/11/02,5495,5529,5467,5482,,
 2015/11/03,5484,5522,5472,5483,,
 2015/11/04,5491,5557,5477,5547,,
 2015/11/05,5540,5551,5471,5490,,
 2015/11/06,5496,5497,5436,5455,,
 2015/11/09,5448,5483,5441,5458,,
 2015/11/10,5445,5451,5340,5386,,
 2015/11/11,5385,5423,5361,5397,,
 2015/11/12,5405,5442,5375,5421,,
 2015/11/13,5412,5448,5405,5424,,
 2015/11/16,5420,5464,5397,5412,,
 2015/11/17,5408,5412,5372,5410,,
 2015/11/18,5402,5413,5321,5322,,
 2015/11/19,5318,5343,5281,5332,,
 2015/11/20,5322,5372,5302,5368,,
 2015/11/23,5370,5543,5351,5491,,
 2015/11/24,5488,5578,5477,5561,,
 2015/11/25,5589,5599,5530,5575,,
 2015/11/26,5565,5634,5539,5589,,
 2015/11/27,5578,5614,5549,5556,,
 2015/11/30,5562,5585,5505,5519,,
 2015/12/01,5513,5583,5496,5545,,
 2015/12/02,5544,5624,5528,5598,,
 2015/12/03,5585,5600,5555,5562,,
 2015/12/04,5568,5590,5506,5509,,
 2015/12/07,5516,5561,5498,5560,,
 2015/12/08,5551,5567,5490,5502,,
 2015/12/09,5512,5521,5454,5457,,
 2015/12/10,5468,5485,5442,5444,,
 2015/12/11,5434,5547,5427,5540,,
 2015/12/14,5549,5568,5525,5554,,
 2015/12/15,5539,5586,5516,5546,,
 2015/12/16,5542,5568,5534,5541,,
 2015/12/17,5535,5598,5535,5540,,
 2015/12/18,5544,5571,5536,5558,,
 2015/12/21,5563,5692,5552,5678,,
 2015/12/22,5665,5680,5644,5656,,
 2015/12/23,5633,5648,5577,5629,,
 2015/12/24,5630,5649,5612,5620,,
 2015/12/25,5618,5658,5617,5643,,
 2015/12/28,5636,5652,5594,5596,,
 2015/12/29,5591,5652,5590,5650,,
 2015/12/30,5652,5704,5643,5647,,
 2015/12/31,5666,5691,5655,5685,,
 2016/01/04,5689,5713,5607,5632,,
 2016/01/05,5626,5640,5602,5621,,
 2016/01/06,5616,5621,5554,5571,,
 2016/01/07,5567,5603,5522,5564,,
 2016/01/08,5569,5611,5560,5593,,
 2016/01/11,5598,5609,5501,5501,,
 2016/01/12,5501,5511,5474,5482,,
 2016/01/13,5487,5517,5448,5495,,
 2016/01/14,5510,5511,5461,5490,,
 2016/01/15,5483,5510,5456,5457,,
 2016/01/18,5452,5535,5445,5522,,
 2016/01/19,5523,5575,5504,5561,,
 2016/01/20,5557,5574,5506,5512,,
 2016/01/21,5515,5528,5472,5482,,
 2016/01/22,5493,5548,5486,5517,,
 2016/01/25,5530,5549,5475,5478,,
 2016/01/26,5477,5497,5460,5486,,
 2016/01/27,5497,5516,5427,5507,,
 2016/01/28,5498,5503,5468,5476,,
 2016/01/29,5475,5491,5427,5432,,
 2016/02/01,5435,5453,5400,5413,,
 2016/02/02,5413,5430,5400,5428,,
 2016/02/03,5430,5452,5416,5432,,
 2016/02/04,5435,5477,5409,5459,,
 2016/02/05,5458,5482,5438,5481,,
 2016/02/15,5495,5497,5442,5449,,
 2016/02/16,5455,5463,5394,5401,,
 2016/02/17,5406,5408,5356,5362,,
 2016/02/18,5367,5393,5358,5363,,
 2016/02/19,5374,5412,5349,5409,,
 2016/02/22,5398,5420,5374,5401,,
 2016/02/23,5408,5451,5395,5442,,
 2016/02/24,5465,5510,5456,5494,,
 2016/02/25,5483,5502,5470,5472,,
 2016/02/26,5476,5504,5475,5482,,
 2016/02/29,5488,5501,5387,5405,,
 2016/03/01,5402,5431,5381,5421,,
 2016/03/02,5418,5469,5394,5438,,
 2016/03/03,5428,5468,5417,5421,,
 2016/03/04,5425,5478,5419,5453,,
 2016/03/07,5457,5548,5418,5420,,
 2016/03/08,5420,5452,5380,5385,,
 2016/03/09,5390,5458,5350,5450,,
 2016/03/10,5457,5469,5396,5405,,
 2016/03/11,5408,5462,5402,5457,,
 2016/03/14,5458,5494,5428,5460,,
 2016/03/15,5461,5492,5440,5466,,
 2016/03/16,5458,5482,5453,5480,,
 2016/03/17,5475,5535,5472,5533,,
 2016/03/18,5538,5589,5531,5562,,
 2016/03/21,5557,5604,5536,5592,,
 2016/03/22,5590,5628,5577,5621,,
 2016/03/23,5623,5648,5587,5591,,
 2016/03/24,5592,5614,5562,5587,,
 2016/03/25,5561,5615,5560,5613,,
 2016/03/28,5617,5631,5593,5594,,
 2016/03/29,5602,5629,5564,5571,,
 2016/03/30,5573,5597,5561,5591,,
 2016/03/31,5601,5603,5566,5587,,
 2016/04/01,5585,5634,5575,5623,,
 2016/04/05,5598,5657,5591,5653,,
 2016/04/06,5648,5650,5611,5622,,
 2016/04/07,5623,5643,5622,5638,,
 2016/04/08,5637,5637,5572,5586,,
 2016/04/11,5586,5617,5579,5579,,
 2016/04/12,5576,5601,5565,5579,,
 2016/04/13,5582,5647,5582,5595,,
 2016/04/14,5594,5645,5583,5643,,
 2016/04/15,5662,5697,5599,5636,,
 2016/04/18,5643,5745,5630,5713,,
 2016/04/19,5723,5740,5682,5698,,
 2016/04/20,5702,5732,5678,5716,,
 2016/04/21,5726,5796,5708,5739,,
 2016/04/22,5742,5766,5522,5600,,
 2016/04/25,5621,5672,5601,5621,,
 2016/04/26,5638,5659,5618,5651,,
 2016/04/27,5648,5660,5633,5645,,
 2016/04/28,5645,5647,5554,5558,,
 2016/04/29,5557,5584,5525,5538,,
 2016/05/03,5555,5615,5551,5602,,
 2016/05/04,5607,5683,5591,5674,,
 2016/05/05,5672,5693,5659,5684,,
 2016/05/06,5695,5707,5596,5629,,
 2016/05/09,5636,5649,5587,5605,,
 2016/05/10,5601,5637,5579,5632,,
 2016/05/11,5631,5639,5596,5625,,
 2016/05/12,5655,5720,5628,5684,,
 2016/05/13,5677,5688,5617,5646,,
 2016/05/16,5647,5665,5632,5652,,
 2016/05/17,5649,5665,5634,5642,,
 2016/05/18,5639,5644,5564,5568,,
 2016/05/19,5556,5603,5547,5557,,
 2016/05/20,5561,5586,5538,5538,,
 2016/05/23,5555,5608,5531,5603,,
 2016/05/24,5590,5596,5561,5566,,
 2016/05/25,5568,5578,5499,5538,,
 2016/05/26,5529,5595,5527,5590,,
 2016/05/27,5610,5623,5574,5595,,
 2016/05/30,5590,5637,5577,5635,,
 2016/05/31,5632,5660,5612,5652,,
 2016/06/01,5651,5657,5575,5591,,
 2016/06/02,5588,5607,5581,5597,,
 2016/06/03,5618,5764,5610,5758,,
 2016/06/06,5745,5830,5712,5825,,
 2016/06/07,5812,5817,5753,5764,,
 2016/06/08,5789,5802,5763,5770,,
 2016/06/13,5798,5918,5796,5867,,
 2016/06/14,5859,5892,5838,5853,,
 2016/06/15,5846,5852,5773,5821,,
 2016/06/16,5840,5909,5812,5844,,
 2016/06/17,5861,5898,5805,5895,,
 2016/06/20,5907,5975,5880,5933,,
 2016/06/21,5927,5955,5895,5907,,
 2016/06/22,5881,5899,5859,5897,,
 2016/06/23,5889,5914,5866,5871,,
 2016/06/24,5881,5890,5809,5813,,
 2016/06/27,5821,5920,5815,5890,,
 2016/06/28,5892,5981,5888,5950,,
 2016/06/29,5975,5992,5934,5958,,
 2016/06/30,6015,6209,6010,6203,,
 2016/07/01,6167,6172,6068,6105,,
 2016/07/04,6129,6288,6129,6199,,
 2016/07/05,6184,6213,6029,6124,,
 2016/07/06,6153,6206,6052,6130,,
 2016/07/07,6072,6121,6048,6052,,
 2016/07/08,6077,6086,5920,5948,,
 2016/07/11,5957,6017,5920,5994,,
 2016/07/12,6021,6145,6007,6122,,
 2016/07/13,6079,6124,6039,6098,,
 2016/07/14,6136,6158,6017,6067,,
 2016/07/15,6123,6133,6053,6087,,
 2016/07/18,6074,6077,6000,6041,,
 2016/07/19,6035,6117,6028,6105,,
 2016/07/20,6092,6113,6048,6073,,
 2016/07/21,6049,6091,6028,6078,,
 2016/07/22,6101,6140,6035,6044,,
 2016/07/25,6047,6082,6018,6066,,
 2016/07/26,6095,6118,6042,6076,,
 2016/07/27,6020,6063,6019,6040,,
 2016/07/28,6023,6050,5979,5981,,
 2016/07/29,5994,6017,5953,5970,,
 2016/08/01,5997,6046,5991,6018,,
 2016/08/02,6017,6054,5992,6003,,
 2016/08/03,6030,6043,6002,6007,,
 2016/08/04,6007,6032,5934,5954,,
 2016/08/05,5957,6012,5946,5986,,
 2016/08/08,5998,6058,5981,6045,,
 2016/08/09,6068,6074,6034,6050,,
 2016/08/10,6062,6073,5998,6022,,
 2016/08/11,6028,6035,5959,5979,,
 2016/08/12,5984,5997,5974,5982,,
 2016/08/15,5992,6046,5991,6022,,
 2016/08/16,6030,6064,6015,6043,,
 2016/08/17,6056,6108,6046,6086,,
 2016/08/18,6068,6087,6038,6079,,
 2016/08/19,6093,6182,6087,6174,,
 2016/08/22,6169,6216,6154,6187,,
 2016/08/23,6199,6248,6193,6242,,
 2016/08/24,6236,6241,6204,6226,,
 2016/08/25,6224,6225,6138,6180,,
 2016/08/26,6198,6199,6154,6189,,
 2016/08/29,6192,6216,6150,6205,,
 2016/08/30,6202,6253,6200,6228,,
 2016/08/31,6207,6215,6187,6200,,
 2016/09/01,6179,6216,6170,6179,,
 2016/09/02,6163,6186,6120,6158,,
 2016/09/05,6215,6243,6201,6230,,
 2016/09/06,6225,6237,6210,6220,,
 2016/09/07,6193,6245,6187,6231,,
 2016/09/08,6250,6251,6198,6210,,
 2016/09/09,6208,6223,6198,6215,,
 2016/09/12,6206,6233,6190,6217,,
 2016/09/13,6211,6325,6203,6310,,
 2016/09/14,6312,6316,6284,6312,,
 2016/09/19,6461,6485,6420,6444,,
 2016/09/20,6455,6469,6425,6439,,
 2016/09/21,6439,6491,6412,6419,,
 2016/09/22,6422,6532,6401,6480,,
 2016/09/23,6524,6527,6470,6505,,
 2016/09/26,6517,6632,6497,6617,,
 2016/09/27,6620,6698,6618,6679,,
 2016/09/28,6665,6725,6645,6714,,
 2016/09/29,6710,6769,6681,6702,,
 2016/09/30,6689,6727,6665,6719,,
 2016/10/10,6711,6736,6674,6734,,
 2016/10/11,6721,6734,6627,6665,,
 2016/10/12,6656,6717,6645,6699,,
 2016/10/13,6689,6770,6673,6741,,
 2016/10/14,6735,6755,6715,6745,,
 2016/10/17,6737,6817,6704,6793,,
 2016/10/18,6789,6809,6754,6802,,
 2016/10/19,6789,6804,6712,6734,,
 2016/10/20,6741,6755,6712,6725,,
 2016/10/21,6700,6732,6687,6723,,
 2016/10/24,6726,6911,6719,6884,,
 2016/10/25,6896,6914,6869,6911,,
 2016/10/26,6902,6939,6841,6900,,
 2016/10/27,6901,6920,6864,6871,,
 2016/10/28,6876,6900,6803,6835,,
 2016/10/31,6819,6839,6777,6785,,
 2016/11/01,6770,6782,6720,6772,,
 2016/11/02,6769,6801,6729,6771,,
 2016/11/03,6777,6871,6759,6844,,
 2016/11/04,6836,6869,6764,6767,,
 2016/11/07,6791,6819,6768,6798,,
 2016/11/08,6824,6908,6811,6820,,
 2016/11/09,6807,6851,6787,6800,,
 2016/11/10,6820,6866,6800,6837,,
 2016/11/11,6827,6956,6810,6847,,
 2016/11/14,6849,6884,6756,6851,,
 2016/11/15,6863,6928,6843,6880,,
 2016/11/16,6891,6897,6817,6849,,
 2016/11/17,6818,6828,6774,6804,,
 2016/11/18,6807,6827,6771,6819,,
 2016/11/21,6840,6889,6788,6857,,
 2016/11/22,6867,6909,6839,6894,,
 2016/11/23,6887,6899,6800,6831,,
 2016/11/24,6834,6975,6819,6951,,
 2016/11/25,6949,7017,6886,6989,,
 2016/11/28,7032,7247,6975,7247,,
 2016/11/29,7295,7337,7252,7297,,
 2016/11/30,7282,7286,7141,7216,,
 2016/12/01,7232,7236,7144,7177,,
 2016/12/02,7157,7201,7024,7095,,
 2016/12/05,7066,7113,7021,7067,,
 2016/12/06,7063,7104,7032,7047,,
 2016/12/07,7063,7155,7051,7113,,
 2016/12/08,7110,7154,7076,7102,,
 2016/12/09,7064,7086,7046,7066,,
 2016/12/12,7049,7161,7045,7102,,
 2016/12/13,7101,7143,7077,7112,,
 2016/12/14,7105,7108,6925,6942,,
 2016/12/15,6948,6957,6906,6931,,
 2016/12/16,6947,6991,6918,6969,,
 2016/12/19,6916,6939,6911,6919,,
 2016/12/20,6926,6945,6802,6815,,
 2016/12/21,6818,6854,6810,6831,,
 2016/12/22,6795,6861,6795,6840,,
 2016/12/23,6841,6849,6818,6836,,
 2016/12/26,6874,6876,6736,6770,,
 2016/12/27,6769,6835,6757,6815,,
 2016/12/28,6808,6842,6797,6808,,
 2016/12/29,6808,6899,6799,6857,,
 2016/12/30,6880,6908,6863,6886,,
 2017/01/03,6902,6902,6795,6802,,
 2017/01/04,6816,6892,6804,6866,,
 2017/01/05,6874,6912,6852,6880,,
 2017/01/06,6885,6887,6818,6834,,
 2017/01/09,6814,6896,6813,6873,,
 2017/01/10,6861,6866,6829,6847,,
 2017/01/11,6838,6941,6830,6887,,
 2017/01/12,6910,6928,6855,6875,,
 2017/01/13,6889,6919,6829,6850,,
 2017/01/16,6883,6909,6840,6861,,
 2017/01/17,6858,6875,6802,6847,,
 2017/01/18,6854,6920,6842,6888,,
 2017/01/19,6886,7014,6870,7002,,
 2017/01/20,7015,7035,6815,6898,,
 2017/01/23,6906,6954,6887,6931,,
 2017/01/24,6936,7003,6923,6969,,
 2017/01/25,6977,6987,6940,6971,,
 2017/01/26,6975,7031,6947,6952,,
 2017/02/03,6971,6971,6872,6959,,
 2017/02/06,6955,7026,6938,6981,,
 2017/02/07,6991,7005,6967,6990,,
 2017/02/08,6972,6979,6933,6971,,
 2017/02/09,6974,6988,6913,6924,,
 2017/02/10,6927,6954,6907,6940,,
 2017/02/13,6944,7014,6925,6982,,
 2017/02/14,6981,7000,6923,6946,,
 2017/02/15,6968,6985,6874,6874,,
 2017/02/16,6885,6919,6857,6877,,
 2017/02/17,6881,6903,6851,6882,,
 2017/02/20,6879,6909,6857,6880,,
 2017/02/21,6880,6943,6862,6888,,
 2017/02/22,6890,6930,6869,6909,,
 2017/02/23,6915,6925,6870,6913,,
 2017/02/24,6908,6910,6813,6836,,
 2017/02/27,6837,6842,6797,6829,,
 2017/02/28,6828,6830,6791,6800,,
 2017/03/01,6836,6884,6822,6879,,
 2017/03/02,6880,6901,6865,6883,,
 2017/03/03,6875,6971,6852,6970,,
 2017/03/06,6960,6962,6928,6947,,
 2017/03/07,6955,6960,6860,6870,,
 2017/03/08,6837,6849,6769,6789,,
 2017/03/09,6798,6852,6774,6836,,
 2017/03/10,6838,6840,6757,6822,,
 2017/03/13,6833,6882,6812,6841,,
 2017/03/14,6831,6873,6820,6840,,
 2017/03/15,6835,6909,6828,6890,,
 2017/03/16,6887,6910,6804,6827,,
 2017/03/17,6839,6849,6817,6837,,
 2017/03/20,6809,6847,6737,6822,,
 2017/03/21,6804,6805,6752,6757,,
 2017/03/22,6717,6765,6685,6744,,
 2017/03/23,6738,6765,6722,6736,,
 2017/03/24,6731,6777,6720,6727,,
 2017/03/27,6746,6759,6672,6735,,
 2017/03/28,6732,6743,6681,6703,,
 2017/03/29,6710,6725,6668,6698,,
 2017/03/30,6661,6673,6571,6599,,
 2017/03/31,6584,6605,6556,6585,,
 2017/04/05,6556,6649,6492,6620,,
 2017/04/06,6613,6633,6583,6612,,
 2017/04/07,6631,6677,6604,6623,,
 2017/04/10,6634,6756,6634,6721,,
 2017/04/11,6720,6734,6707,6721,,
